structure,type,seas_adj,date,value
ks_i63_index_q_hist,index,na,1972-10-01,18.338699638156946
ks_i63_index_q_hist,index,na,1973-01-01,9.253659058757126
ks_i63_index_q_hist,index,na,1973-04-01,10.581937631839786
ks_i63_index_q_hist,index,na,1973-07-01,7.511688076394178
ks_i63_index_q_hist,index,na,1973-10-01,-2.682151679677422
ks_i63_index_q_hist,index,na,1974-01-01,-3.462398925905824
ks_i63_index_q_hist,index,na,1974-04-01,-10.814702972311668
ks_i63_index_q_hist,index,na,1974-07-01,-11.625246489665123
ks_i63_index_q_hist,index,na,1974-10-01,-19.106185211124366
ks_i63_index_q_hist,index,na,1975-01-01,-23.395462452885713
ks_i63_index_q_hist,index,na,1975-04-01,-15.719003909108746
ks_i63_index_q_hist,index,na,1975-07-01,-18.600727487729596
ks_i63_index_q_hist,index,na,1975-10-01,-17.486433312010615
ks_i63_index_q_hist,index,na,1976-01-01,-19.639415126283858
ks_i63_index_q_hist,index,na,1976-04-01,0.1501785754191738
ks_i63_index_q_hist,index,na,1976-07-01,8.9899915604553
ks_i63_index_q_hist,index,na,1976-10-01,2.7013581814798315
ks_i63_index_q_hist,index,na,1977-01-01,-10.983655108155252
ks_i63_index_q_hist,index,na,1977-04-01,5.923407856980141
ks_i63_index_q_hist,index,na,1977-07-01,7.473728292622909
ks_i63_index_q_hist,index,na,1977-10-01,2.137670379156447
ks_i63_index_q_hist,index,na,1978-01-01,7.098512236526223
ks_i63_index_q_hist,index,na,1978-04-01,6.253308526035799
ks_i63_index_q_hist,index,na,1978-07-01,5.371406913980406
ks_i63_index_q_hist,index,na,1978-10-01,-5.865366662714314
ks_i63_index_q_hist,index,na,1979-01-01,3.214103175229889
ks_i63_index_q_hist,index,na,1979-04-01,8.891355836574206
ks_i63_index_q_hist,index,na,1979-07-01,-2.91401571434968
ks_i63_index_q_hist,index,na,1979-10-01,-3.705387499004307
ks_i63_index_q_hist,index,na,1980-01-01,-0.09645529227161381
ks_i63_index_q_hist,index,na,1980-04-01,2.019081987084178
ks_i63_index_q_hist,index,na,1980-07-01,-0.09043075461364669
ks_i63_index_q_hist,index,na,1980-10-01,-3.5066935616222072
ks_i63_index_q_hist,index,na,1981-01-01,-4.604093748092329
ks_i63_index_q_hist,index,na,1981-04-01,-13.637665324941288
ks_i63_index_q_hist,index,na,1981-07-01,-15.164512247418294
ks_i63_index_q_hist,index,na,1981-10-01,-22.339210479450404
ks_i63_index_q_hist,index,na,1982-01-01,-14.994443627620003
ks_i63_index_q_hist,index,na,1982-04-01,-13.05820698180407
ks_i63_index_q_hist,index,na,1982-07-01,-20.039547276613515
ks_i63_index_q_hist,index,na,1982-10-01,-21.18782365758917
ks_i63_index_q_hist,index,na,1983-01-01,-18.222348965068957
ks_i63_index_q_hist,index,na,1983-04-01,-3.3826718955542896
ks_i63_index_q_hist,index,na,1983-07-01,-7.535442942892907
ks_i63_index_q_hist,index,na,1983-10-01,-7.832004907024216
ks_i63_index_q_hist,index,na,1984-01-01,1.058046575376761
ks_i63_index_q_hist,index,na,1984-04-01,-2.322034740838504
ks_i63_index_q_hist,index,na,1984-07-01,1.452586166074505
ks_i63_index_q_hist,index,na,1984-10-01,-2.49931787401048
ks_i63_index_q_hist,index,na,1985-01-01,5.11930724592075
ks_i63_index_q_hist,index,na,1985-04-01,1.6410150747532843
ks_i63_index_q_hist,index,na,1985-07-01,1.6975423255934425
ks_i63_index_q_hist,index,na,1985-10-01,6.433526988351417
ks_i63_index_q_hist,index,na,1986-01-01,15.01873922080776
ks_i63_index_q_hist,index,na,1986-04-01,12.732132368895627
ks_i63_index_q_hist,index,na,1986-07-01,4.435664459865986
ks_i63_index_q_hist,index,na,1986-10-01,8.083836944421302
ks_i63_index_q_hist,index,na,1987-01-01,9.249592481168783
ks_i63_index_q_hist,index,na,1987-04-01,8.369344436043201
ks_i63_index_q_hist,index,na,1987-07-01,5.027083462265491
ks_i63_index_q_hist,index,na,1987-10-01,0.714127764474628
ks_i63_index_q_hist,index,na,1988-01-01,2.338783475768026
ks_i63_index_q_hist,index,na,1988-04-01,2.092936226539073
ks_i63_index_q_hist,index,na,1988-07-01,7.631821642007727
ks_i63_index_q_hist,index,na,1988-10-01,7.910009904088123
ks_i63_index_q_hist,index,na,1989-01-01,18.47734697430899
ks_i63_index_q_hist,index,na,1989-04-01,10.725964967836052
ks_i63_index_q_hist,index,na,1989-07-01,-1.0059854949866174
ks_i63_index_q_hist,index,na,1989-10-01,3.98564659751652
ks_i63_index_q_hist,index,na,1990-01-01,-2.7111864791827287
ks_i63_index_q_hist,index,na,1990-04-01,-7.193892922295558
ks_i63_index_q_hist,index,na,1990-07-01,-6.0206480391253665
ks_i63_index_q_hist,index,na,1990-10-01,-32.567026789793005
ks_i63_index_q_hist,index,na,1991-01-01,-33.428370742779634
ks_i63_index_q_hist,index,na,1991-04-01,-18.915392716465504
ks_i63_index_q_hist,index,na,1991-07-01,-26.27902807297542
ks_i63_index_q_hist,index,na,1991-10-01,-34.23778361802131
ks_i63_index_q_hist,index,na,1992-01-01,-36.075892125913526
ks_i63_index_q_hist,index,na,1992-04-01,-30.48072839593176
ks_i63_index_q_hist,index,na,1992-07-01,-34.38197603203264
ks_i63_index_q_hist,index,na,1992-10-01,-36.22597862218014
ks_i63_index_q_hist,index,na,1993-01-01,-32.338362594588354
ks_i63_index_q_hist,index,na,1993-04-01,-24.654145161516688
ks_i63_index_q_hist,index,na,1993-07-01,-28.419623528810853
ks_i63_index_q_hist,index,na,1993-10-01,-15.979009125697994
ks_i63_index_q_hist,index,na,1994-01-01,-7.144451737392713
ks_i63_index_q_hist,index,na,1994-04-01,-1.6745246926409447
ks_i63_index_q_hist,index,na,1994-07-01,-3.3083416302503834
ks_i63_index_q_hist,index,na,1994-10-01,-4.928791584704455
ks_i63_index_q_hist,index,na,1995-01-01,-16.33448494796937
ks_i63_index_q_hist,index,na,1995-04-01,-9.742310863681707
ks_i63_index_q_hist,index,na,1995-07-01,-10.627091568130485
ks_i63_index_q_hist,index,na,1995-10-01,-12.512987678408878
ks_i63_index_q_hist,index,na,1996-01-01,-18.98145507140704
ks_i63_index_q_hist,index,na,1996-04-01,-23.162657781648825
ks_i63_index_q_hist,index,na,1996-07-01,-27.33895175514965
ks_i63_index_q_hist,index,na,1996-10-01,-20.291577879284777
ks_i63_index_q_hist,index,na,1997-01-01,-16.096535661388902
ks_i63_index_q_hist,index,na,1997-04-01,-12.457611244491728
ks_i63_index_q_hist,index,na,1997-07-01,-5.136631971926982
ks_i63_index_q_hist,index,na,1997-10-01,-4.928185596836329
ks_i63_index_q_hist,index,na,1998-01-01,-2.6201116943588847
ks_i63_index_q_hist,index,na,1998-04-01,2.4091785176790594
ks_i63_index_q_hist,index,na,1998-07-01,6.662737889776433
ks_i63_index_q_hist,index,na,1998-10-01,3.0050756680096655
ks_i63_index_q_hist,index,na,1999-01-01,2.2998147452269158
ks_i63_index_q_hist,index,na,1999-04-01,1.1192396903966846
ks_i63_index_q_hist,index,na,1999-07-01,3.6788411417000435
ks_i63_index_q_hist,index,na,1999-10-01,7.133921855522131
ks_i63_index_q_hist,index,na,2000-01-01,15.619929332849491
ks_i63_index_q_hist,index,na,2000-04-01,12.481316839764176
ks_i63_index_q_hist,index,na,2000-07-01,11.684208713908887
ks_i63_index_q_hist,index,na,2000-10-01,6.028697772393144
ks_i63_index_q_hist,index,na,2001-01-01,10.565793800585304
ks_i63_index_q_hist,index,na,2001-04-01,6.584007089991051
ks_i63_index_q_hist,index,na,2001-07-01,2.0092784425779593
ks_i63_index_q_hist,index,na,2001-10-01,-20.35033994298559
ks_i63_index_q_hist,index,na,2002-01-01,-0.25892727382264763
ks_i63_index_q_hist,index,na,2002-04-01,-1.2696918005323827
ks_i63_index_q_hist,index,na,2002-07-01,-10.154509160530834
ks_i63_index_q_hist,index,na,2002-10-01,-20.018150146066198
ks_i63_index_q_hist,index,na,2003-01-01,-9.709272831238977
ks_i63_index_q_hist,index,na,2003-04-01,-15.908044421010505
ks_i63_index_q_hist,index,na,2003-07-01,-13.196349777391607
ks_i63_index_q_hist,index,na,2003-10-01,-11.406139384775113
ks_i63_index_q_hist,index,na,2004-01-01,-2.4115912206652936
ks_i63_index_q_hist,index,na,2004-04-01,-1.0663546672137074
ks_i63_index_q_hist,index,na,2004-07-01,-7.73018211535783
ks_i63_index_q_hist,index,na,2004-10-01,-9.887441118476406
ks_i63_index_q_hist,index,na,2005-01-01,-3.6129720999392068
ks_i63_index_q_hist,index,na,2005-04-01,-6.028027895385782
ks_i63_index_q_hist,index,na,2005-07-01,-10.145300557928552
ks_i63_index_q_hist,index,na,2005-10-01,-10.86555760213634
ks_i63_index_q_hist,index,na,2006-01-01,4.72749277722345
ks_i63_index_q_hist,index,na,2006-04-01,3.022630732075325
ks_i63_index_q_hist,index,na,2006-07-01,3.1647131100280963
ks_i63_index_q_hist,index,na,2006-10-01,1.612828645035055
ks_i63_index_q_hist,index,na,2007-01-01,6.689362541942974
ks_i63_index_q_hist,index,na,2007-04-01,7.124996682221934
ks_i63_index_q_hist,index,na,2007-07-01,1.5106687197019215
ks_i63_index_q_hist,index,na,2007-10-01,1.2012090019648758
ks_i63_index_q_hist,index,na,2008-01-01,-1.0266164388920624
ks_i63_index_q_hist,index,na,2008-04-01,-5.06516933867835
ks_i63_index_q_hist,index,na,2008-07-01,-23.756786017839623
ks_i63_index_q_hist,index,na,2008-10-01,-27.235583621439044
ks_i63_index_q_hist,index,na,2009-01-01,-15.838735280711735
ks_i63_index_q_hist,index,na,2009-04-01,-20.533811743833564
ks_i63_index_q_hist,index,na,2009-07-01,-14.573476177603977
ks_i63_index_q_hist,index,na,2009-10-01,0.4377931475369238
ks_i63_index_q_hist,index,na,2010-01-01,6.504791902227774
ks_i63_index_q_hist,index,na,2010-04-01,9.221186760122162
ks_i63_index_q_hist,index,na,2010-07-01,8.336221074389602
ks_i63_index_q_hist,index,na,2010-10-01,2.9967819752144593
ks_i63_index_q_hist,index,na,2011-01-01,5.3364077282061295
ks_i63_index_q_hist,index,na,2011-04-01,3.8364434711068824
ks_i63_index_q_hist,index,na,2011-07-01,-9.358738368753569
ks_i63_index_q_hist,index,na,2011-10-01,-9.663862671127953
ks_i63_index_q_hist,index,na,2012-01-01,-5.346250964892113
ks_i63_index_q_hist,index,na,2012-04-01,-2.5960581792294746
ks_i63_index_q_hist,index,na,2012-07-01,-9.085638289877082
ks_i63_index_q_hist,index,na,2012-10-01,-8.674558161123185
ks_i63_index_q_hist,index,na,2013-01-01,2.970427408040817
ks_i63_index_q_hist,index,na,2013-04-01,0.1577242511802711
ks_i63_index_q_hist,index,na,2013-07-01,-3.5220897209856616
ks_i63_index_q_hist,index,na,2013-10-01,-2.5464520631910266
ks_i63_index_q_hist,index,na,2014-01-01,5.434381919027092
ks_i63_index_q_hist,index,na,2014-04-01,1.175312393138605
ks_i63_index_q_hist,index,na,2014-07-01,1.052456656329047
ks_i63_index_q_hist,index,na,2014-10-01,-5.4044227201649555
ks_i63_index_q_hist,index,na,2015-01-01,-1.9592580120979153
ks_i63_index_q_hist,index,na,2015-04-01,2.1912783244143625
ks_i63_index_q_hist,index,na,2015-07-01,-8.54424977564574
ks_i63_index_q_hist,index,na,2015-10-01,-8.599979197960572
ks_i63_index_q_hist,index,na,2016-01-01,-4.2141170089431155
ks_i63_index_q_hist,index,na,2016-04-01,-5.152537008100457
ks_i63_index_q_hist,index,na,2016-07-01,-8.727649897919909
ks_i63_index_q_hist,index,na,2016-10-01,-6.829576649044769
ks_i63_index_q_hist,index,na,2017-01-01,1.832493222962991
ks_i63_index_q_hist,index,na,2017-04-01,-4.071304141567357
ks_i63_index_q_hist,index,na,2017-07-01,-0.8719499019838144
ks_i63_index_q_hist,index,na,2017-10-01,-4.0557344953844146
ks_i63_index_q_hist,index,na,2018-01-01,1.3562808683211247
ks_i63_index_q_hist,index,na,2018-04-01,-3.929627616610721
ks_i63_index_q_hist,index,na,2018-07-01,-6.408504149699803
ks_i63_index_q_hist,index,na,2018-10-01,-6.177208302211505
ks_i63_index_q_hist,index,na,2019-01-01,-6.6018411408493165
ks_i63_index_q_hist,index,na,2019-04-01,-7.955207016174652
ks_i63_index_q_hist,index,na,2019-07-01,-9.547405267263361
ks_i63_index_q_hist,index,na,2019-10-01,-13.20736383396637
ks_i63_index_q_hist,index,na,2020-01-01,-6.443062572900141
ks_i63_index_q_hist,index,na,2020-04-01,-37.807297135124976
ks_i63_index_q_hist,index,na,2020-07-01,-13.66751403440776
ks_i63_index_q_hist,index,na,2020-10-01,-15.71712637812819
ks_i63_index_q_hist,index,na,2021-01-01,-11.6178341531845
ks_i63_index_q_hist,index,na,2021-04-01,-5.269203534161711
ks_i63_index_q_hist,index,na,2021-07-01,6.848532107072713
ks_i63_index_q_hist,index,na,2021-10-01,0.9140164906542942
ks_i63_index_q_hist,index,na,2022-01-01,-1.5071758638242065
ks_i63_index_q_hist,index,na,2022-04-01,-26.414143073086414
ks_i63_index_q_hist,index,na,2022-07-01,-42.403970955600116
ks_i63_index_q_hist,index,na,2022-10-01,-49.243079420770925
ks_i63_index_q_hist,index,na,2023-01-01,-27.912396906871905
ks_i63_index_q_hist,index,na,2023-04-01,-28.406354904736375
ks_i63_index_q_hist,index,na,2023-07-01,-27.70011836060234
ks_i63_index_q_hist,index,na,2023-10-01,-42.5671789217969
ks_i11_econ_hist_q_hist,index,na,1972-10-01,0.24509803921568626
ks_i11_econ_hist_q_hist,index,na,1973-01-01,-6.904761904761905
ks_i11_econ_hist_q_hist,index,na,1973-04-01,-4.935622317596566
ks_i11_econ_hist_q_hist,index,na,1973-07-01,-6.172839506172839
ks_i11_econ_hist_q_hist,index,na,1973-10-01,-24.448897795591183
ks_i11_econ_hist_q_hist,index,na,1974-01-01,-33.46228239845261
ks_i11_econ_hist_q_hist,index,na,1974-04-01,-60.43010752688171
ks_i11_econ_hist_q_hist,index,na,1974-07-01,-53.5483870967742
ks_i11_econ_hist_q_hist,index,na,1974-10-01,-70.02341920374707
ks_i11_econ_hist_q_hist,index,na,1975-01-01,-70.62634989200865
ks_i11_econ_hist_q_hist,index,na,1975-04-01,-101.93236714975846
ks_i11_econ_hist_q_hist,index,na,1975-07-01,-84.27947598253274
ks_i11_econ_hist_q_hist,index,na,1975-10-01,-97.13740458015268
ks_i11_econ_hist_q_hist,index,na,1976-01-01,-98.81422924901186
ks_i11_econ_hist_q_hist,index,na,1976-04-01,-50.51546391752577
ks_i11_econ_hist_q_hist,index,na,1976-07-01,5.333333333333334
ks_i11_econ_hist_q_hist,index,na,1976-10-01,-1.3282732447817838
ks_i11_econ_hist_q_hist,index,na,1977-01-01,-39.800000000000004
ks_i11_econ_hist_q_hist,index,na,1977-04-01,-1.9723865877712032
ks_i11_econ_hist_q_hist,index,na,1977-07-01,23.118279569892472
ks_i11_econ_hist_q_hist,index,na,1977-10-01,23.965141612200437
ks_i11_econ_hist_q_hist,index,na,1978-01-01,13.188976377952756
ks_i11_econ_hist_q_hist,index,na,1978-04-01,11.965811965811966
ks_i11_econ_hist_q_hist,index,na,1978-07-01,19.402985074626866
ks_i11_econ_hist_q_hist,index,na,1978-10-01,-23.92638036809816
ks_i11_econ_hist_q_hist,index,na,1979-01-01,-8.436213991769549
ks_i11_econ_hist_q_hist,index,na,1979-04-01,16.919739696312362
ks_i11_econ_hist_q_hist,index,na,1979-07-01,1.3363028953229399
ks_i11_econ_hist_q_hist,index,na,1979-10-01,2.8925619834710745
ks_i11_econ_hist_q_hist,index,na,1980-01-01,11.007751937984496
ks_i11_econ_hist_q_hist,index,na,1980-04-01,19.554848966613672
ks_i11_econ_hist_q_hist,index,na,1980-07-01,16.74641148325359
ks_i11_econ_hist_q_hist,index,na,1980-10-01,1.0852713178294573
ks_i11_econ_hist_q_hist,index,na,1981-01-01,-3.5964035964035967
ks_i11_econ_hist_q_hist,index,na,1981-04-01,-23.6816874400767
ks_i11_econ_hist_q_hist,index,na,1981-07-01,-22.113502935420744
ks_i11_econ_hist_q_hist,index,na,1981-10-01,-29.211295034079843
ks_i11_econ_hist_q_hist,index,na,1982-01-01,-41.1934552454283
ks_i11_econ_hist_q_hist,index,na,1982-04-01,-42.17557251908397
ks_i11_econ_hist_q_hist,index,na,1982-07-01,-60.440613026819925
ks_i11_econ_hist_q_hist,index,na,1982-10-01,-70.54794520547945
ks_i11_econ_hist_q_hist,index,na,1983-01-01,-70.0862895493768
ks_i11_econ_hist_q_hist,index,na,1983-04-01,-46.692233940556086
ks_i11_econ_hist_q_hist,index,na,1983-07-01,-45.08506616257088
ks_i11_econ_hist_q_hist,index,na,1983-10-01,-30.317613089509145
ks_i11_econ_hist_q_hist,index,na,1984-01-01,-29.433962264150942
ks_i11_econ_hist_q_hist,index,na,1984-04-01,-25.717017208413
ks_i11_econ_hist_q_hist,index,na,1984-07-01,-12.561334641805692
ks_i11_econ_hist_q_hist,index,na,1984-10-01,-1.532567049808429
ks_i11_econ_hist_q_hist,index,na,1985-01-01,-0.3917727717923604
ks_i11_econ_hist_q_hist,index,na,1985-04-01,4.549854791868345
ks_i11_econ_hist_q_hist,index,na,1985-07-01,8
ks_i11_econ_hist_q_hist,index,na,1985-10-01,15.627996164908916
ks_i11_econ_hist_q_hist,index,na,1986-01-01,24.71590909090909
ks_i11_econ_hist_q_hist,index,na,1986-04-01,30.924855491329478
ks_i11_econ_hist_q_hist,index,na,1986-07-01,24.633431085043988
ks_i11_econ_hist_q_hist,index,na,1986-10-01,25.0968992248062
ks_i11_econ_hist_q_hist,index,na,1987-01-01,18.92156862745098
ks_i11_econ_hist_q_hist,index,na,1987-04-01,9.250243427458617
ks_i11_econ_hist_q_hist,index,na,1987-07-01,14.15478615071283
ks_i11_econ_hist_q_hist,index,na,1987-10-01,7.1
ks_i11_econ_hist_q_hist,index,na,1988-01-01,-2.106318956870612
ks_i11_econ_hist_q_hist,index,na,1988-04-01,-9.686888454011742
ks_i11_econ_hist_q_hist,index,na,1988-07-01,11.370262390670554
ks_i11_econ_hist_q_hist,index,na,1988-10-01,21.40077821011673
ks_i11_econ_hist_q_hist,index,na,1989-01-01,38.01571709233792
ks_i11_econ_hist_q_hist,index,na,1989-04-01,27.26387536514119
ks_i11_econ_hist_q_hist,index,na,1989-07-01,11.907066795740562
ks_i11_econ_hist_q_hist,index,na,1989-10-01,27.216494845360824
ks_i11_econ_hist_q_hist,index,na,1990-01-01,-1.8018018018018018
ks_i11_econ_hist_q_hist,index,na,1990-04-01,0
ks_i11_econ_hist_q_hist,index,na,1990-07-01,-6.893106893106893
ks_i11_econ_hist_q_hist,index,na,1990-10-01,-45.348837209302324
ks_i11_econ_hist_q_hist,index,na,1991-01-01,-50.09940357852882
ks_i11_econ_hist_q_hist,index,na,1991-04-01,-54.1704857928506
ks_i11_econ_hist_q_hist,index,na,1991-07-01,-69.57364341085271
ks_i11_econ_hist_q_hist,index,na,1991-10-01,-92.18604651162791
ks_i11_econ_hist_q_hist,index,na,1992-01-01,-105.75022461814913
ks_i11_econ_hist_q_hist,index,na,1992-04-01,-100.93896713615023
ks_i11_econ_hist_q_hist,index,na,1992-07-01,-106.11476952022578
ks_i11_econ_hist_q_hist,index,na,1992-10-01,-114.74178403755869
ks_i11_econ_hist_q_hist,index,na,1993-01-01,-102.32774674115457
ks_i11_econ_hist_q_hist,index,na,1993-04-01,-103.30500472143531
ks_i11_econ_hist_q_hist,index,na,1993-07-01,-99.23954372623575
ks_i11_econ_hist_q_hist,index,na,1993-10-01,-86.39774859287056
ks_i11_econ_hist_q_hist,index,na,1994-01-01,-64.9812734082397
ks_i11_econ_hist_q_hist,index,na,1994-04-01,-30.857142857142854
ks_i11_econ_hist_q_hist,index,na,1994-07-01,-15.973534971644613
ks_i11_econ_hist_q_hist,index,na,1994-10-01,-7.368421052631578
ks_i11_econ_hist_q_hist,index,na,1995-01-01,-16.447368421052634
ks_i11_econ_hist_q_hist,index,na,1995-04-01,-10.536044362292053
ks_i11_econ_hist_q_hist,index,na,1995-07-01,-27.887323943661972
ks_i11_econ_hist_q_hist,index,na,1995-10-01,-29.732225300092335
ks_i11_econ_hist_q_hist,index,na,1996-01-01,-54.79331574318381
ks_i11_econ_hist_q_hist,index,na,1996-04-01,-76.778413736713
ks_i11_econ_hist_q_hist,index,na,1996-07-01,-85.72752548656163
ks_i11_econ_hist_q_hist,index,na,1996-10-01,-84.400826446281
ks_i11_econ_hist_q_hist,index,na,1997-01-01,-88.28365878725592
ks_i11_econ_hist_q_hist,index,na,1997-04-01,-74.94780793319416
ks_i11_econ_hist_q_hist,index,na,1997-07-01,-53.75
ks_i11_econ_hist_q_hist,index,na,1997-10-01,-20.461095100864554
ks_i11_econ_hist_q_hist,index,na,1998-01-01,-33.58490566037736
ks_i11_econ_hist_q_hist,index,na,1998-04-01,-6.5048543689320395
ks_i11_econ_hist_q_hist,index,na,1998-07-01,16.272469252601702
ks_i11_econ_hist_q_hist,index,na,1998-10-01,4.429133858267717
ks_i11_econ_hist_q_hist,index,na,1999-01-01,3.1914893617021276
ks_i11_econ_hist_q_hist,index,na,1999-04-01,-3.1189083820662766
ks_i11_econ_hist_q_hist,index,na,1999-07-01,7.142857142857142
ks_i11_econ_hist_q_hist,index,na,1999-10-01,22.624877571008813
ks_i11_econ_hist_q_hist,index,na,2000-01-01,33.99014778325123
ks_i11_econ_hist_q_hist,index,na,2000-04-01,41.50197628458498
ks_i11_econ_hist_q_hist,index,na,2000-07-01,54.50191570881226
ks_i11_econ_hist_q_hist,index,na,2000-10-01,51.77713736791547
ks_i11_econ_hist_q_hist,index,na,2001-01-01,48.322147651006716
ks_i11_econ_hist_q_hist,index,na,2001-04-01,38.15533980582524
ks_i11_econ_hist_q_hist,index,na,2001-07-01,24.248302618816684
ks_i11_econ_hist_q_hist,index,na,2001-10-01,-51.31450827653359
ks_i11_econ_hist_q_hist,index,na,2002-01-01,-49.51830443159923
ks_i11_econ_hist_q_hist,index,na,2002-04-01,-34.077669902912625
ks_i11_econ_hist_q_hist,index,na,2002-07-01,-47.8134110787172
ks_i11_econ_hist_q_hist,index,na,2002-10-01,-101.32075471698114
ks_i11_econ_hist_q_hist,index,na,2003-01-01,-80.74003795066413
ks_i11_econ_hist_q_hist,index,na,2003-04-01,-98.69158878504672
ks_i11_econ_hist_q_hist,index,na,2003-07-01,-89.8320895522388
ks_i11_econ_hist_q_hist,index,na,2003-10-01,-63.53488372093024
ks_i11_econ_hist_q_hist,index,na,2004-01-01,-56.052141527001865
ks_i11_econ_hist_q_hist,index,na,2004-04-01,-26.221804511278197
ks_i11_econ_hist_q_hist,index,na,2004-07-01,-19.498607242339833
ks_i11_econ_hist_q_hist,index,na,2004-10-01,-30.919220055710305
ks_i11_econ_hist_q_hist,index,na,2005-01-01,-28.200371057513912
ks_i11_econ_hist_q_hist,index,na,2005-04-01,-24.03393025447691
ks_i11_econ_hist_q_hist,index,na,2005-07-01,-35.31100478468899
ks_i11_econ_hist_q_hist,index,na,2005-10-01,-33.051643192488264
ks_i11_econ_hist_q_hist,index,na,2006-01-01,0
ks_i11_econ_hist_q_hist,index,na,2006-04-01,15.465898174831894
ks_i11_econ_hist_q_hist,index,na,2006-07-01,34.31839847473784
ks_i11_econ_hist_q_hist,index,na,2006-10-01,41.06280193236715
ks_i11_econ_hist_q_hist,index,na,2007-01-01,43.56530028598665
ks_i11_econ_hist_q_hist,index,na,2007-04-01,48.1086323957323
ks_i11_econ_hist_q_hist,index,na,2007-07-01,43.49056603773585
ks_i11_econ_hist_q_hist,index,na,2007-10-01,35.714285714285715
ks_i11_econ_hist_q_hist,index,na,2008-01-01,30.67426400759734
ks_i11_econ_hist_q_hist,index,na,2008-04-01,2.3629489603024574
ks_i11_econ_hist_q_hist,index,na,2008-07-01,-25.094696969696972
ks_i11_econ_hist_q_hist,index,na,2008-10-01,-57.410881801125704
ks_i11_econ_hist_q_hist,index,na,2009-01-01,-63.98503274087932
ks_i11_econ_hist_q_hist,index,na,2009-04-01,-96.30655586334257
ks_i11_econ_hist_q_hist,index,na,2009-07-01,-100.27829313543599
ks_i11_econ_hist_q_hist,index,na,2009-10-01,-74.69654528478058
ks_i11_econ_hist_q_hist,index,na,2010-01-01,-58.294717330861914
ks_i11_econ_hist_q_hist,index,na,2010-04-01,-7.3584905660377355
ks_i11_econ_hist_q_hist,index,na,2010-07-01,5.272895467160037
ks_i11_econ_hist_q_hist,index,na,2010-10-01,15.726179463459761
ks_i11_econ_hist_q_hist,index,na,2011-01-01,16.65089877010407
ks_i11_econ_hist_q_hist,index,na,2011-04-01,12.791783380018673
ks_i11_econ_hist_q_hist,index,na,2011-07-01,-5.096153846153846
ks_i11_econ_hist_q_hist,index,na,2011-10-01,-41.62679425837321
ks_i11_econ_hist_q_hist,index,na,2012-01-01,-47.113594040968344
ks_i11_econ_hist_q_hist,index,na,2012-04-01,-17.661900756938604
ks_i11_econ_hist_q_hist,index,na,2012-07-01,-24.137931034482758
ks_i11_econ_hist_q_hist,index,na,2012-10-01,-21.980886185925282
ks_i11_econ_hist_q_hist,index,na,2013-01-01,-9.739714525608733
ks_i11_econ_hist_q_hist,index,na,2013-04-01,-6.6237350505979755
ks_i11_econ_hist_q_hist,index,na,2013-07-01,-9.212880143112702
ks_i11_econ_hist_q_hist,index,na,2013-10-01,2.7247956403269753
ks_i11_econ_hist_q_hist,index,na,2014-01-01,11.828859060402683
ks_i11_econ_hist_q_hist,index,na,2014-04-01,5.456255879586077
ks_i11_econ_hist_q_hist,index,na,2014-07-01,6.9252077562326875
ks_i11_econ_hist_q_hist,index,na,2014-10-01,-8.979947689625108
ks_i11_econ_hist_q_hist,index,na,2015-01-01,0.9285051067780872
ks_i11_econ_hist_q_hist,index,na,2015-04-01,-21.996124031007753
ks_i11_econ_hist_q_hist,index,na,2015-07-01,-35.59670781893004
ks_i11_econ_hist_q_hist,index,na,2015-10-01,-29.562737642585553
ks_i11_econ_hist_q_hist,index,na,2016-01-01,-34.69041560644614
ks_i11_econ_hist_q_hist,index,na,2016-04-01,-30.350553505535053
ks_i11_econ_hist_q_hist,index,na,2016-07-01,-27.46693794506612
ks_i11_econ_hist_q_hist,index,na,2016-10-01,-18.35564053537285
ks_i11_econ_hist_q_hist,index,na,2017-01-01,-8.691983122362869
ks_i11_econ_hist_q_hist,index,na,2017-04-01,-5.635148042024833
ks_i11_econ_hist_q_hist,index,na,2017-07-01,9.671848013816927
ks_i11_econ_hist_q_hist,index,na,2017-10-01,13.351749539594843
ks_i11_econ_hist_q_hist,index,na,2018-01-01,24.436860068259385
ks_i11_econ_hist_q_hist,index,na,2018-04-01,18.53411962931761
ks_i11_econ_hist_q_hist,index,na,2018-07-01,13.403041825095057
ks_i11_econ_hist_q_hist,index,na,2018-10-01,18.367346938775512
ks_i11_econ_hist_q_hist,index,na,2019-01-01,9.333333333333334
ks_i11_econ_hist_q_hist,index,na,2019-04-01,4.96
ks_i11_econ_hist_q_hist,index,na,2019-07-01,4.32300163132137
ks_i11_econ_hist_q_hist,index,na,2019-10-01,-10.483870967741936
ks_i11_econ_hist_q_hist,index,na,2020-01-01,6.103286384976526
ks_i11_econ_hist_q_hist,index,na,2020-04-01,-40.23732470334412
ks_i11_econ_hist_q_hist,index,na,2020-07-01,-87.35119047619048
ks_i11_econ_hist_q_hist,index,na,2020-10-01,-94.25872093023256
ks_i11_econ_hist_q_hist,index,na,2021-01-01,-94.04682274247492
ks_i11_econ_hist_q_hist,index,na,2021-04-01,-90.29202841357538
ks_i11_econ_hist_q_hist,index,na,2021-07-01,-41.70040485829959
ks_i11_econ_hist_q_hist,index,na,2021-10-01,-19.665271966527197
ks_i11_econ_hist_q_hist,index,na,2022-01-01,-22.79245283018868
ks_i11_econ_hist_q_hist,index,na,2022-04-01,-24.895222129086335
ks_i11_econ_hist_q_hist,index,na,2022-07-01,-51.81598062953995
ks_i11_econ_hist_q_hist,index,na,2022-10-01,-59.90950226244344
ks_i11_econ_hist_q_hist,index,na,2023-01-01,-49.01960784313725
ks_i11_econ_hist_q_hist,index,na,2023-04-01,-51.47759771210677
ks_i11_econ_hist_q_hist,index,na,2023-07-01,-34.818652849740936
ks_i11_econ_hist_q_hist,index,na,2023-10-01,-67.2300469483568
ks_i12_econ_exp_q_hist,index,na,1972-10-01,-8.505154639175258
ks_i12_econ_exp_q_hist,index,na,1973-01-01,-16.455696202531644
ks_i12_econ_exp_q_hist,index,na,1973-04-01,-19.17808219178082
ks_i12_econ_exp_q_hist,index,na,1973-07-01,-15.762273901808785
ks_i12_econ_exp_q_hist,index,na,1973-10-01,-37.254901960784316
ks_i12_econ_exp_q_hist,index,na,1974-01-01,-35.75883575883576
ks_i12_econ_exp_q_hist,index,na,1974-04-01,-54.31818181818182
ks_i12_econ_exp_q_hist,index,na,1974-07-01,-41.51376146788991
ks_i12_econ_exp_q_hist,index,na,1974-10-01,-64.92537313432835
ks_i12_econ_exp_q_hist,index,na,1975-01-01,-52.17391304347826
ks_i12_econ_exp_q_hist,index,na,1975-04-01,-38.90339425587467
ks_i12_econ_exp_q_hist,index,na,1975-07-01,-23.755656108597282
ks_i12_econ_exp_q_hist,index,na,1975-10-01,-41.78794178794179
ks_i12_econ_exp_q_hist,index,na,1976-01-01,-36.570247933884296
ks_i12_econ_exp_q_hist,index,na,1976-04-01,13.043478260869565
ks_i12_econ_exp_q_hist,index,na,1976-07-01,32.08430913348946
ks_i12_econ_exp_q_hist,index,na,1976-10-01,11.377245508982035
ks_i12_econ_exp_q_hist,index,na,1977-01-01,-17.857142857142858
ks_i12_econ_exp_q_hist,index,na,1977-04-01,4.375
ks_i12_econ_exp_q_hist,index,na,1977-07-01,17.863720073664823
ks_i12_econ_exp_q_hist,index,na,1977-10-01,7.529411764705881
ks_i12_econ_exp_q_hist,index,na,1978-01-01,7.218683651804671
ks_i12_econ_exp_q_hist,index,na,1978-04-01,5.594405594405594
ks_i12_econ_exp_q_hist,index,na,1978-07-01,-4.0476190476190474
ks_i12_econ_exp_q_hist,index,na,1978-10-01,-34.65783664459161
ks_i12_econ_exp_q_hist,index,na,1979-01-01,-14.989293361884368
ks_i12_econ_exp_q_hist,index,na,1979-04-01,7.175925925925926
ks_i12_econ_exp_q_hist,index,na,1979-07-01,-21.06537530266344
ks_i12_econ_exp_q_hist,index,na,1979-10-01,-28.211009174311926
ks_i12_econ_exp_q_hist,index,na,1980-01-01,-19.17808219178082
ks_i12_econ_exp_q_hist,index,na,1980-04-01,-13.344887348353554
ks_i12_econ_exp_q_hist,index,na,1980-07-01,-16.11785095320624
ks_i12_econ_exp_q_hist,index,na,1980-10-01,-30.456852791878177
ks_i12_econ_exp_q_hist,index,na,1981-01-01,-31.80851063829787
ks_i12_econ_exp_q_hist,index,na,1981-04-01,-36.890243902439025
ks_i12_econ_exp_q_hist,index,na,1981-07-01,-42.15481171548117
ks_i12_econ_exp_q_hist,index,na,1981-10-01,-48.682824025289776
ks_i12_econ_exp_q_hist,index,na,1982-01-01,-43.79344587884806
ks_i12_econ_exp_q_hist,index,na,1982-04-01,-31.88854489164087
ks_i12_econ_exp_q_hist,index,na,1982-07-01,-49.64249233912155
ks_i12_econ_exp_q_hist,index,na,1982-10-01,-52.43407707910751
ks_i12_econ_exp_q_hist,index,na,1983-01-01,-44.955044955044954
ks_i12_econ_exp_q_hist,index,na,1983-04-01,-4.848484848484849
ks_i12_econ_exp_q_hist,index,na,1983-07-01,-15.43824701195219
ks_i12_econ_exp_q_hist,index,na,1983-10-01,-9.969167523124357
ks_i12_econ_exp_q_hist,index,na,1984-01-01,3.5538005923000986
ks_i12_econ_exp_q_hist,index,na,1984-04-01,-4.944500504540867
ks_i12_econ_exp_q_hist,index,na,1984-07-01,3.7460978147762747
ks_i12_econ_exp_q_hist,index,na,1984-10-01,-1.7786561264822136
ks_i12_econ_exp_q_hist,index,na,1985-01-01,3.2191069574247146
ks_i12_econ_exp_q_hist,index,na,1985-04-01,5.589430894308943
ks_i12_econ_exp_q_hist,index,na,1985-07-01,5.198776758409786
ks_i12_econ_exp_q_hist,index,na,1985-10-01,6.945863125638406
ks_i12_econ_exp_q_hist,index,na,1986-01-01,18.008048289738433
ks_i12_econ_exp_q_hist,index,na,1986-04-01,15.644171779141105
ks_i12_econ_exp_q_hist,index,na,1986-07-01,7.684426229508197
ks_i12_econ_exp_q_hist,index,na,1986-10-01,4.963805584281282
ks_i12_econ_exp_q_hist,index,na,1987-01-01,0.8421052631578947
ks_i12_econ_exp_q_hist,index,na,1987-04-01,-0.5274261603375527
ks_i12_econ_exp_q_hist,index,na,1987-07-01,-6.330472103004292
ks_i12_econ_exp_q_hist,index,na,1987-10-01,-10.622317596566523
ks_i12_econ_exp_q_hist,index,na,1988-01-01,-18.28752642706131
ks_i12_econ_exp_q_hist,index,na,1988-04-01,-21.86192468619247
ks_i12_econ_exp_q_hist,index,na,1988-07-01,2.8600612870275794
ks_i12_econ_exp_q_hist,index,na,1988-10-01,2.8008298755186725
ks_i12_econ_exp_q_hist,index,na,1989-01-01,18.34862385321101
ks_i12_econ_exp_q_hist,index,na,1989-04-01,3.278688524590164
ks_i12_econ_exp_q_hist,index,na,1989-07-01,-6.6941297631307934
ks_i12_econ_exp_q_hist,index,na,1989-10-01,11.293859649122808
ks_i12_econ_exp_q_hist,index,na,1990-01-01,-12.79826464208243
ks_i12_econ_exp_q_hist,index,na,1990-04-01,-11.356119073869902
ks_i12_econ_exp_q_hist,index,na,1990-07-01,-15.426105717367852
ks_i12_econ_exp_q_hist,index,na,1990-10-01,-68.04232804232804
ks_i12_econ_exp_q_hist,index,na,1991-01-01,-72.52631578947368
ks_i12_econ_exp_q_hist,index,na,1991-04-01,-31.86602870813397
ks_i12_econ_exp_q_hist,index,na,1991-07-01,-56.04060913705584
ks_i12_econ_exp_q_hist,index,na,1991-10-01,-60.86529006882989
ks_i12_econ_exp_q_hist,index,na,1992-01-01,-71.36194029850746
ks_i12_econ_exp_q_hist,index,na,1992-04-01,-52.15646940822467
ks_i12_econ_exp_q_hist,index,na,1992-07-01,-55.97609561752988
ks_i12_econ_exp_q_hist,index,na,1992-10-01,-67.64132553606238
ks_i12_econ_exp_q_hist,index,na,1993-01-01,-61.79337231968811
ks_i12_econ_exp_q_hist,index,na,1993-04-01,-33.66935483870967
ks_i12_econ_exp_q_hist,index,na,1993-07-01,-38.109756097560975
ks_i12_econ_exp_q_hist,index,na,1993-10-01,-10.805500982318271
ks_i12_econ_exp_q_hist,index,na,1994-01-01,7.586206896551724
ks_i12_econ_exp_q_hist,index,na,1994-04-01,27.4703557312253
ks_i12_econ_exp_q_hist,index,na,1994-07-01,21.653543307086615
ks_i12_econ_exp_q_hist,index,na,1994-10-01,16.615384615384617
ks_i12_econ_exp_q_hist,index,na,1995-01-01,2.857142857142857
ks_i12_econ_exp_q_hist,index,na,1995-04-01,3.9844509232264333
ks_i12_econ_exp_q_hist,index,na,1995-07-01,-6.626506024096386
ks_i12_econ_exp_q_hist,index,na,1995-10-01,-10.848126232741617
ks_i12_econ_exp_q_hist,index,na,1996-01-01,-28.360957642725598
ks_i12_econ_exp_q_hist,index,na,1996-04-01,-38.88419273034658
ks_i12_econ_exp_q_hist,index,na,1996-07-01,-54.07478427612655
ks_i12_econ_exp_q_hist,index,na,1996-10-01,-39.281828073993466
ks_i12_econ_exp_q_hist,index,na,1997-01-01,-36.149732620320854
ks_i12_econ_exp_q_hist,index,na,1997-04-01,-16.64841182913472
ks_i12_econ_exp_q_hist,index,na,1997-07-01,0.5488474204171241
ks_i12_econ_exp_q_hist,index,na,1997-10-01,11.05424769703173
ks_i12_econ_exp_q_hist,index,na,1998-01-01,2.3483365949119372
ks_i12_econ_exp_q_hist,index,na,1998-04-01,17.707267144319346
ks_i12_econ_exp_q_hist,index,na,1998-07-01,29.31206380857428
ks_i12_econ_exp_q_hist,index,na,1998-10-01,3.4055727554179565
ks_i12_econ_exp_q_hist,index,na,1999-01-01,6.262833675564681
ks_i12_econ_exp_q_hist,index,na,1999-04-01,2.705515088449532
ks_i12_econ_exp_q_hist,index,na,1999-07-01,15.392561983471072
ks_i12_econ_exp_q_hist,index,na,1999-10-01,29.656607700312176
ks_i12_econ_exp_q_hist,index,na,2000-01-01,37.333333333333336
ks_i12_econ_exp_q_hist,index,na,2000-04-01,39.3717277486911
ks_i12_econ_exp_q_hist,index,na,2000-07-01,44.52405322415558
ks_i12_econ_exp_q_hist,index,na,2000-10-01,31.321540062434966
ks_i12_econ_exp_q_hist,index,na,2001-01-01,29.458917835671343
ks_i12_econ_exp_q_hist,index,na,2001-04-01,12.061855670103093
ks_i12_econ_exp_q_hist,index,na,2001-07-01,9.799789251844047
ks_i12_econ_exp_q_hist,index,na,2001-10-01,-59.917355371900825
ks_i12_econ_exp_q_hist,index,na,2002-01-01,-3.7563451776649748
ks_i12_econ_exp_q_hist,index,na,2002-04-01,4.756980351602896
ks_i12_econ_exp_q_hist,index,na,2002-07-01,-12.21294363256785
ks_i12_econ_exp_q_hist,index,na,2002-10-01,-34.5
ks_i12_econ_exp_q_hist,index,na,2003-01-01,-22.893954410307234
ks_i12_econ_exp_q_hist,index,na,2003-04-01,-28.269617706237426
ks_i12_econ_exp_q_hist,index,na,2003-07-01,-16.202783300198806
ks_i12_econ_exp_q_hist,index,na,2003-10-01,-4.015670910871695
ks_i12_econ_exp_q_hist,index,na,2004-01-01,20.610687022900763
ks_i12_econ_exp_q_hist,index,na,2004-04-01,24.031007751937985
ks_i12_econ_exp_q_hist,index,na,2004-07-01,15.033947623666343
ks_i12_econ_exp_q_hist,index,na,2004-10-01,-3.875968992248062
ks_i12_econ_exp_q_hist,index,na,2005-01-01,5.152671755725191
ks_i12_econ_exp_q_hist,index,na,2005-04-01,2.152641878669276
ks_i12_econ_exp_q_hist,index,na,2005-07-01,-12.462612163509473
ks_i12_econ_exp_q_hist,index,na,2005-10-01,-11.9140625
ks_i12_econ_exp_q_hist,index,na,2006-01-01,24.524524524524523
ks_i12_econ_exp_q_hist,index,na,2006-04-01,18.962075848303392
ks_i12_econ_exp_q_hist,index,na,2006-07-01,24.899598393574294
ks_i12_econ_exp_q_hist,index,na,2006-10-01,19.4672131147541
ks_i12_econ_exp_q_hist,index,na,2007-01-01,25.574425574425575
ks_i12_econ_exp_q_hist,index,na,2007-04-01,30.67484662576687
ks_i12_econ_exp_q_hist,index,na,2007-07-01,22.037218413320275
ks_i12_econ_exp_q_hist,index,na,2007-10-01,11.787819253438114
ks_i12_econ_exp_q_hist,index,na,2008-01-01,-9.19080919080919
ks_i12_econ_exp_q_hist,index,na,2008-04-01,-19.34846989141165
ks_i12_econ_exp_q_hist,index,na,2008-07-01,-45.02463054187192
ks_i12_econ_exp_q_hist,index,na,2008-10-01,-60.505836575875485
ks_i12_econ_exp_q_hist,index,na,2009-01-01,-57.351509250243424
ks_i12_econ_exp_q_hist,index,na,2009-04-01,-64.04602109300096
ks_i12_econ_exp_q_hist,index,na,2009-07-01,-32.629558541266796
ks_i12_econ_exp_q_hist,index,na,2009-10-01,18.33810888252149
ks_i12_econ_exp_q_hist,index,na,2010-01-01,23.719165085388994
ks_i12_econ_exp_q_hist,index,na,2010-04-01,43.94966118102614
ks_i12_econ_exp_q_hist,index,na,2010-07-01,33.14231136580707
ks_i12_econ_exp_q_hist,index,na,2010-10-01,18.862559241706162
ks_i12_econ_exp_q_hist,index,na,2011-01-01,15.04424778761062
ks_i12_econ_exp_q_hist,index,na,2011-04-01,14.174757281553399
ks_i12_econ_exp_q_hist,index,na,2011-07-01,-21.608040201005025
ks_i12_econ_exp_q_hist,index,na,2011-10-01,-37.55020080321285
ks_i12_econ_exp_q_hist,index,na,2012-01-01,-29.315332690453232
ks_i12_econ_exp_q_hist,index,na,2012-04-01,-1.9776440240756663
ks_i12_econ_exp_q_hist,index,na,2012-07-01,-19.577205882352942
ks_i12_econ_exp_q_hist,index,na,2012-10-01,-23.137598597721297
ks_i12_econ_exp_q_hist,index,na,2013-01-01,-0.25597269624573377
ks_i12_econ_exp_q_hist,index,na,2013-04-01,3.3057851239669422
ks_i12_econ_exp_q_hist,index,na,2013-07-01,-5.621033544877607
ks_i12_econ_exp_q_hist,index,na,2013-10-01,1.392757660167131
ks_i12_econ_exp_q_hist,index,na,2014-01-01,17.647058823529413
ks_i12_econ_exp_q_hist,index,na,2014-04-01,7.830188679245283
ks_i12_econ_exp_q_hist,index,na,2014-07-01,4.9440298507462686
ks_i12_econ_exp_q_hist,index,na,2014-10-01,-13.508771929824562
ks_i12_econ_exp_q_hist,index,na,2015-01-01,-12.275731822474032
ks_i12_econ_exp_q_hist,index,na,2015-04-01,-7.593688362919132
ks_i12_econ_exp_q_hist,index,na,2015-07-01,-24.712041884816756
ks_i12_econ_exp_q_hist,index,na,2015-10-01,-15.63106796116505
ks_i12_econ_exp_q_hist,index,na,2016-01-01,-15.69817866435386
ks_i12_econ_exp_q_hist,index,na,2016-04-01,-16.697588126159555
ks_i12_econ_exp_q_hist,index,na,2016-07-01,-19.027484143763214
ks_i12_econ_exp_q_hist,index,na,2016-10-01,-6.464250734573946
ks_i12_econ_exp_q_hist,index,na,2017-01-01,14.407502131287298
ks_i12_econ_exp_q_hist,index,na,2017-04-01,4.770992366412214
ks_i12_econ_exp_q_hist,index,na,2017-07-01,15.923009623797025
ks_i12_econ_exp_q_hist,index,na,2017-10-01,14.285714285714285
ks_i12_econ_exp_q_hist,index,na,2018-01-01,31.7340644276902
ks_i12_econ_exp_q_hist,index,na,2018-04-01,14.249363867684478
ks_i12_econ_exp_q_hist,index,na,2018-07-01,6
ks_i12_econ_exp_q_hist,index,na,2018-10-01,8.83074407195421
ks_i12_econ_exp_q_hist,index,na,2019-01-01,-4.588607594936709
ks_i12_econ_exp_q_hist,index,na,2019-04-01,-2.576489533011272
ks_i12_econ_exp_q_hist,index,na,2019-07-01,-2.2950819672131146
ks_i12_econ_exp_q_hist,index,na,2019-10-01,-23.55808285946385
ks_i12_econ_exp_q_hist,index,na,2020-01-01,-4.203013481363997
ks_i12_econ_exp_q_hist,index,na,2020-04-01,-75.13397642015005
ks_i12_econ_exp_q_hist,index,na,2020-07-01,-18.66171003717472
ks_i12_econ_exp_q_hist,index,na,2020-10-01,-18.48064280496713
ks_i12_econ_exp_q_hist,index,na,2021-01-01,-15.639810426540285
ks_i12_econ_exp_q_hist,index,na,2021-04-01,7.290015847860539
ks_i12_econ_exp_q_hist,index,na,2021-07-01,48.582995951417004
ks_i12_econ_exp_q_hist,index,na,2021-10-01,40.117252931323286
ks_i12_econ_exp_q_hist,index,na,2022-01-01,21.88449848024316
ks_i12_econ_exp_q_hist,index,na,2022-04-01,-29.367088607594937
ks_i12_econ_exp_q_hist,index,na,2022-07-01,-53.06946688206785
ks_i12_econ_exp_q_hist,index,na,2022-10-01,-60.52871467639015
ks_i12_econ_exp_q_hist,index,na,2023-01-01,-15.561015561015562
ks_i12_econ_exp_q_hist,index,na,2023-04-01,-16.169393647738207
ks_i12_econ_exp_q_hist,index,na,2023-07-01,-5.931321540062435
ks_i12_econ_exp_q_hist,index,na,2023-10-01,-40.43767840152236
ks_i21_price_hist_q_hist,index,na,1972-10-01,173.04347826086956
ks_i21_price_hist_q_hist,index,na,1973-01-01,174.68879668049792
ks_i21_price_hist_q_hist,index,na,1973-04-01,171.0091743119266
ks_i21_price_hist_q_hist,index,na,1973-07-01,173.6842105263158
ks_i21_price_hist_q_hist,index,na,1973-10-01,174.8709122203098
ks_i21_price_hist_q_hist,index,na,1974-01-01,184.80138169257341
ks_i21_price_hist_q_hist,index,na,1974-04-01,182.5742574257426
ks_i21_price_hist_q_hist,index,na,1974-07-01,181.08108108108107
ks_i21_price_hist_q_hist,index,na,1974-10-01,174.14529914529913
ks_i21_price_hist_q_hist,index,na,1975-01-01,169.73180076628353
ks_i21_price_hist_q_hist,index,na,1975-04-01,128.85462555066078
ks_i21_price_hist_q_hist,index,na,1975-07-01,100.83507306889352
ks_i21_price_hist_q_hist,index,na,1975-10-01,83.00536672629696
ks_i21_price_hist_q_hist,index,na,1976-01-01,60.91743119266055
ks_i21_price_hist_q_hist,index,na,1976-04-01,66.15384615384615
ks_i21_price_hist_q_hist,index,na,1976-07-01,70.0413223140496
ks_i21_price_hist_q_hist,index,na,1976-10-01,61.469534050179206
ks_i21_price_hist_q_hist,index,na,1977-01-01,57.32838589981447
ks_i21_price_hist_q_hist,index,na,1977-04-01,67.26618705035972
ks_i21_price_hist_q_hist,index,na,1977-07-01,76.57232704402516
ks_i21_price_hist_q_hist,index,na,1977-10-01,75.4980079681275
ks_i21_price_hist_q_hist,index,na,1978-01-01,63.844797178130506
ks_i21_price_hist_q_hist,index,na,1978-04-01,58.63453815261044
ks_i21_price_hist_q_hist,index,na,1978-07-01,51.91146881287726
ks_i21_price_hist_q_hist,index,na,1978-10-01,43.78585086042065
ks_i21_price_hist_q_hist,index,na,1979-01-01,52.38095238095239
ks_i21_price_hist_q_hist,index,na,1979-04-01,76.26774847870182
ks_i21_price_hist_q_hist,index,na,1979-07-01,89.43089430894308
ks_i21_price_hist_q_hist,index,na,1979-10-01,93.15589353612167
ks_i21_price_hist_q_hist,index,na,1980-01-01,104.77568740955137
ks_i21_price_hist_q_hist,index,na,1980-04-01,106.29575402635432
ks_i21_price_hist_q_hist,index,na,1980-07-01,108.600583090379
ks_i21_price_hist_q_hist,index,na,1980-10-01,109.98531571218797
ks_i21_price_hist_q_hist,index,na,1981-01-01,134.762348555452
ks_i21_price_hist_q_hist,index,na,1981-04-01,153.73001776198933
ks_i21_price_hist_q_hist,index,na,1981-07-01,158.92691951896393
ks_i21_price_hist_q_hist,index,na,1981-10-01,165.9090909090909
ks_i21_price_hist_q_hist,index,na,1982-01-01,154.56204379562044
ks_i21_price_hist_q_hist,index,na,1982-04-01,146.50317892824705
ks_i21_price_hist_q_hist,index,na,1982-07-01,147.58064516129033
ks_i21_price_hist_q_hist,index,na,1982-10-01,133.54779411764704
ks_i21_price_hist_q_hist,index,na,1983-01-01,119.65423111919927
ks_i21_price_hist_q_hist,index,na,1983-04-01,112.54545454545455
ks_i21_price_hist_q_hist,index,na,1983-07-01,115.35648994515539
ks_i21_price_hist_q_hist,index,na,1983-10-01,102.01096892138939
ks_i21_price_hist_q_hist,index,na,1984-01-01,101.56826568265683
ks_i21_price_hist_q_hist,index,na,1984-04-01,119.40163191296465
ks_i21_price_hist_q_hist,index,na,1984-07-01,114.40366972477065
ks_i21_price_hist_q_hist,index,na,1984-10-01,115.7847533632287
ks_i21_price_hist_q_hist,index,na,1985-01-01,115.06352087114338
ks_i21_price_hist_q_hist,index,na,1985-04-01,133.3943275388838
ks_i21_price_hist_q_hist,index,na,1985-07-01,122.48413417951043
ks_i21_price_hist_q_hist,index,na,1985-10-01,107.80532598714416
ks_i21_price_hist_q_hist,index,na,1986-01-01,110.4735883424408
ks_i21_price_hist_q_hist,index,na,1986-04-01,99.08003679852806
ks_i21_price_hist_q_hist,index,na,1986-07-01,94.25925925925925
ks_i21_price_hist_q_hist,index,na,1986-10-01,88.04744525547446
ks_i21_price_hist_q_hist,index,na,1987-01-01,71.79962894248608
ks_i21_price_hist_q_hist,index,na,1987-04-01,72.49310027598897
ks_i21_price_hist_q_hist,index,na,1987-07-01,84.13284132841329
ks_i21_price_hist_q_hist,index,na,1987-10-01,90.74410163339383
ks_i21_price_hist_q_hist,index,na,1988-01-01,87.62790697674419
ks_i21_price_hist_q_hist,index,na,1988-04-01,98.13780260707635
ks_i21_price_hist_q_hist,index,na,1988-07-01,97.91288566243193
ks_i21_price_hist_q_hist,index,na,1988-10-01,93.87568555758683
ks_i21_price_hist_q_hist,index,na,1989-01-01,99.16974169741697
ks_i21_price_hist_q_hist,index,na,1989-04-01,114.18181818181819
ks_i21_price_hist_q_hist,index,na,1989-07-01,128.41726618705036
ks_i21_price_hist_q_hist,index,na,1989-10-01,123.58490566037736
ks_i21_price_hist_q_hist,index,na,1990-01-01,157.9576816927323
ks_i21_price_hist_q_hist,index,na,1990-04-01,156.95364238410596
ks_i21_price_hist_q_hist,index,na,1990-07-01,149.63369963369962
ks_i21_price_hist_q_hist,index,na,1990-10-01,160.18099547511312
ks_i21_price_hist_q_hist,index,na,1991-01-01,158.96487985212568
ks_i21_price_hist_q_hist,index,na,1991-04-01,152.4271844660194
ks_i21_price_hist_q_hist,index,na,1991-07-01,155.67765567765568
ks_i21_price_hist_q_hist,index,na,1991-10-01,154.5129579982127
ks_i21_price_hist_q_hist,index,na,1992-01-01,150.3896103896104
ks_i21_price_hist_q_hist,index,na,1992-04-01,138.5791366906475
ks_i21_price_hist_q_hist,index,na,1992-07-01,134.3092406221409
ks_i21_price_hist_q_hist,index,na,1992-10-01,103.48304307974337
ks_i21_price_hist_q_hist,index,na,1993-01-01,103.90199637023593
ks_i21_price_hist_q_hist,index,na,1993-04-01,99.45155393053017
ks_i21_price_hist_q_hist,index,na,1993-07-01,91.68975069252078
ks_i21_price_hist_q_hist,index,na,1993-10-01,69.86301369863014
ks_i21_price_hist_q_hist,index,na,1994-01-01,75.27675276752768
ks_i21_price_hist_q_hist,index,na,1994-04-01,58.71559633027523
ks_i21_price_hist_q_hist,index,na,1994-07-01,64.11929170549861
ks_i21_price_hist_q_hist,index,na,1994-10-01,70.94972067039106
ks_i21_price_hist_q_hist,index,na,1995-01-01,67.50902527075813
ks_i21_price_hist_q_hist,index,na,1995-04-01,98.93048128342245
ks_i21_price_hist_q_hist,index,na,1995-07-01,89.45454545454545
ks_i21_price_hist_q_hist,index,na,1995-10-01,84.64254192409533
ks_i21_price_hist_q_hist,index,na,1996-01-01,68.30092983939137
ks_i21_price_hist_q_hist,index,na,1996-04-01,65.73926868044515
ks_i21_price_hist_q_hist,index,na,1996-07-01,50.81669691470054
ks_i21_price_hist_q_hist,index,na,1996-10-01,41.44329896907217
ks_i21_price_hist_q_hist,index,na,1997-01-01,28.659793814432987
ks_i21_price_hist_q_hist,index,na,1997-04-01,32.71413828689371
ks_i21_price_hist_q_hist,index,na,1997-07-01,27.27272727272727
ks_i21_price_hist_q_hist,index,na,1997-10-01,36.45833333333333
ks_i21_price_hist_q_hist,index,na,1998-01-01,25.55762081784387
ks_i21_price_hist_q_hist,index,na,1998-04-01,24.196597353497165
ks_i21_price_hist_q_hist,index,na,1998-07-01,30.41431261770245
ks_i21_price_hist_q_hist,index,na,1998-10-01,28.952380952380953
ks_i21_price_hist_q_hist,index,na,1999-01-01,33.489242282507014
ks_i21_price_hist_q_hist,index,na,1999-04-01,43.08411214953271
ks_i21_price_hist_q_hist,index,na,1999-07-01,37.28813559322034
ks_i21_price_hist_q_hist,index,na,1999-10-01,41.5962441314554
ks_i21_price_hist_q_hist,index,na,2000-01-01,57.42667928098392
ks_i21_price_hist_q_hist,index,na,2000-04-01,58.23863636363637
ks_i21_price_hist_q_hist,index,na,2000-07-01,78.47157502329915
ks_i21_price_hist_q_hist,index,na,2000-10-01,79.51127819548873
ks_i21_price_hist_q_hist,index,na,2001-01-01,77.34962406015038
ks_i21_price_hist_q_hist,index,na,2001-04-01,73.10215557638237
ks_i21_price_hist_q_hist,index,na,2001-07-01,86.98501872659176
ks_i21_price_hist_q_hist,index,na,2001-10-01,58.19209039548022
ks_i21_price_hist_q_hist,index,na,2002-01-01,70.67669172932331
ks_i21_price_hist_q_hist,index,na,2002-04-01,79.75746268656717
ks_i21_price_hist_q_hist,index,na,2002-07-01,78.57811038353601
ks_i21_price_hist_q_hist,index,na,2002-10-01,69.6660482374768
ks_i21_price_hist_q_hist,index,na,2003-01-01,60.31598513011153
ks_i21_price_hist_q_hist,index,na,2003-04-01,57.53295668549906
ks_i21_price_hist_q_hist,index,na,2003-07-01,54.38265786993403
ks_i21_price_hist_q_hist,index,na,2003-10-01,75.35277516462841
ks_i21_price_hist_q_hist,index,na,2004-01-01,76.69452181987
ks_i21_price_hist_q_hist,index,na,2004-04-01,62.83595922150139
ks_i21_price_hist_q_hist,index,na,2004-07-01,79.75858867223769
ks_i21_price_hist_q_hist,index,na,2004-10-01,76.78899082568807
ks_i21_price_hist_q_hist,index,na,2005-01-01,62.59259259259259
ks_i21_price_hist_q_hist,index,na,2005-04-01,51.10497237569061
ks_i21_price_hist_q_hist,index,na,2005-07-01,59.66542750929368
ks_i21_price_hist_q_hist,index,na,2005-10-01,62.32558139534884
ks_i21_price_hist_q_hist,index,na,2006-01-01,51.80388529139685
ks_i21_price_hist_q_hist,index,na,2006-04-01,51.633986928104584
ks_i21_price_hist_q_hist,index,na,2006-07-01,62.546816479400746
ks_i21_price_hist_q_hist,index,na,2006-10-01,58.48880597014925
ks_i21_price_hist_q_hist,index,na,2007-01-01,51.81058495821726
ks_i21_price_hist_q_hist,index,na,2007-04-01,50.83798882681564
ks_i21_price_hist_q_hist,index,na,2007-07-01,62.95620437956204
ks_i21_price_hist_q_hist,index,na,2007-10-01,76.21671258034894
ks_i21_price_hist_q_hist,index,na,2008-01-01,91.94444444444444
ks_i21_price_hist_q_hist,index,na,2008-04-01,96.02954755309327
ks_i21_price_hist_q_hist,index,na,2008-07-01,118.78453038674033
ks_i21_price_hist_q_hist,index,na,2008-10-01,110.14760147601477
ks_i21_price_hist_q_hist,index,na,2009-01-01,35.1123595505618
ks_i21_price_hist_q_hist,index,na,2009-04-01,29.981378026070765
ks_i21_price_hist_q_hist,index,na,2009-07-01,39.162790697674424
ks_i21_price_hist_q_hist,index,na,2009-10-01,27.532228360957646
ks_i21_price_hist_q_hist,index,na,2010-01-01,32.87165281625116
ks_i21_price_hist_q_hist,index,na,2010-04-01,54.3661971830986
ks_i21_price_hist_q_hist,index,na,2010-07-01,37.92784458834413
ks_i21_price_hist_q_hist,index,na,2010-10-01,49.07749077490775
ks_i21_price_hist_q_hist,index,na,2011-01-01,34.38368860055607
ks_i21_price_hist_q_hist,index,na,2011-04-01,64.1735918744229
ks_i21_price_hist_q_hist,index,na,2011-07-01,40.44526901669759
ks_i21_price_hist_q_hist,index,na,2011-10-01,-6.361085126286249
ks_i21_price_hist_q_hist,index,na,2012-01-01,9.88909426987061
ks_i21_price_hist_q_hist,index,na,2012-04-01,31.64029975020816
ks_i21_price_hist_q_hist,index,na,2012-07-01,21.62162162162162
ks_i21_price_hist_q_hist,index,na,2012-10-01,32.15211754537597
ks_i21_price_hist_q_hist,index,na,2013-01-01,24.643755238893544
ks_i21_price_hist_q_hist,index,na,2013-04-01,32.48638838475499
ks_i21_price_hist_q_hist,index,na,2013-07-01,44.024604569420035
ks_i21_price_hist_q_hist,index,na,2013-10-01,43.24324324324324
ks_i21_price_hist_q_hist,index,na,2014-01-01,45.60394412489729
ks_i21_price_hist_q_hist,index,na,2014-04-01,44.751381215469614
ks_i21_price_hist_q_hist,index,na,2014-07-01,44.55626715462031
ks_i21_price_hist_q_hist,index,na,2014-10-01,44.6167097329888
ks_i21_price_hist_q_hist,index,na,2015-01-01,32.07720588235294
ks_i21_price_hist_q_hist,index,na,2015-04-01,-2.7884615384615388
ks_i21_price_hist_q_hist,index,na,2015-07-01,-5.05050505050505
ks_i21_price_hist_q_hist,index,na,2015-10-01,11.07981220657277
ks_i21_price_hist_q_hist,index,na,2016-01-01,-3.616484440706476
ks_i21_price_hist_q_hist,index,na,2016-04-01,7.000000000000001
ks_i21_price_hist_q_hist,index,na,2016-07-01,16.78391959798995
ks_i21_price_hist_q_hist,index,na,2016-10-01,33.745247148288975
ks_i21_price_hist_q_hist,index,na,2017-01-01,33.47245409015025
ks_i21_price_hist_q_hist,index,na,2017-04-01,35.1123595505618
ks_i21_price_hist_q_hist,index,na,2017-07-01,40.42918454935622
ks_i21_price_hist_q_hist,index,na,2017-10-01,47.63205828779599
ks_i21_price_hist_q_hist,index,na,2018-01-01,45.41751527494908
ks_i21_price_hist_q_hist,index,na,2018-04-01,46.40468227424749
ks_i21_price_hist_q_hist,index,na,2018-07-01,51.82755388940956
ks_i21_price_hist_q_hist,index,na,2018-10-01,57.17722534081796
ks_i21_price_hist_q_hist,index,na,2019-01-01,52.258566978193144
ks_i21_price_hist_q_hist,index,na,2019-04-01,48.66352201257861
ks_i21_price_hist_q_hist,index,na,2019-07-01,48.133116883116884
ks_i21_price_hist_q_hist,index,na,2019-10-01,44.83586869495596
ks_i21_price_hist_q_hist,index,na,2020-01-01,47.36024844720497
ks_i21_price_hist_q_hist,index,na,2020-04-01,29.439999999999998
ks_i21_price_hist_q_hist,index,na,2020-07-01,26.809453471196456
ks_i21_price_hist_q_hist,index,na,2020-10-01,23.233794610342315
ks_i21_price_hist_q_hist,index,na,2021-01-01,18.04713804713805
ks_i21_price_hist_q_hist,index,na,2021-04-01,29.67382657120127
ks_i21_price_hist_q_hist,index,na,2021-07-01,58.714859437751
ks_i21_price_hist_q_hist,index,na,2021-10-01,69.82543640897757
ks_i21_price_hist_q_hist,index,na,2022-01-01,82.8125
ks_i21_price_hist_q_hist,index,na,2022-04-01,103.48547717842325
ks_i21_price_hist_q_hist,index,na,2022-07-01,127.38955823293172
ks_i21_price_hist_q_hist,index,na,2022-10-01,130.65825067628495
ks_i21_price_hist_q_hist,index,na,2023-01-01,132.6845093268451
ks_i21_price_hist_q_hist,index,na,2023-04-01,135.2219074598678
ks_i21_price_hist_q_hist,index,na,2023-07-01,139.95901639344262
ks_i21_price_hist_q_hist,index,na,2023-10-01,149.11463187325256
ks_i22_price_exp_q_hist,index,na,1972-10-01,155.2808988764045
ks_i22_price_exp_q_hist,index,na,1973-01-01,122.2972972972973
ks_i22_price_exp_q_hist,index,na,1973-04-01,130.2325581395349
ks_i22_price_exp_q_hist,index,na,1973-07-01,121.44522144522145
ks_i22_price_exp_q_hist,index,na,1973-10-01,150.99099099099098
ks_i22_price_exp_q_hist,index,na,1974-01-01,142.41316270566728
ks_i22_price_exp_q_hist,index,na,1974-04-01,142.62295081967213
ks_i22_price_exp_q_hist,index,na,1974-07-01,138.87733887733887
ks_i22_price_exp_q_hist,index,na,1974-10-01,135.7798165137615
ks_i22_price_exp_q_hist,index,na,1975-01-01,108.8659793814433
ks_i22_price_exp_q_hist,index,na,1975-04-01,51.09489051094891
ks_i22_price_exp_q_hist,index,na,1975-07-01,44.27312775330397
ks_i22_price_exp_q_hist,index,na,1975-10-01,33.92156862745098
ks_i22_price_exp_q_hist,index,na,1976-01-01,20.948616600790515
ks_i22_price_exp_q_hist,index,na,1976-04-01,40.95634095634096
ks_i22_price_exp_q_hist,index,na,1976-07-01,64.27015250544662
ks_i22_price_exp_q_hist,index,na,1976-10-01,53.53728489483748
ks_i22_price_exp_q_hist,index,na,1977-01-01,52.8942115768463
ks_i22_price_exp_q_hist,index,na,1977-04-01,62.83524904214559
ks_i22_price_exp_q_hist,index,na,1977-07-01,67.77003484320558
ks_i22_price_exp_q_hist,index,na,1977-10-01,68.57142857142857
ks_i22_price_exp_q_hist,index,na,1978-01-01,55.90551181102362
ks_i22_price_exp_q_hist,index,na,1978-04-01,60.043668122270745
ks_i22_price_exp_q_hist,index,na,1978-07-01,46.54377880184332
ks_i22_price_exp_q_hist,index,na,1978-10-01,56.236786469344615
ks_i22_price_exp_q_hist,index,na,1979-01-01,65.1063829787234
ks_i22_price_exp_q_hist,index,na,1979-04-01,78.68131868131869
ks_i22_price_exp_q_hist,index,na,1979-07-01,85.17699115044249
ks_i22_price_exp_q_hist,index,na,1979-10-01,91.21338912133892
ks_i22_price_exp_q_hist,index,na,1980-01-01,92.04368174726989
ks_i22_price_exp_q_hist,index,na,1980-04-01,94.3127962085308
ks_i22_price_exp_q_hist,index,na,1980-07-01,90.09433962264151
ks_i22_price_exp_q_hist,index,na,1980-10-01,101.2403100775194
ks_i22_price_exp_q_hist,index,na,1981-01-01,108.6258776328987
ks_i22_price_exp_q_hist,index,na,1981-04-01,110.3415559772296
ks_i22_price_exp_q_hist,index,na,1981-07-01,126.7258382642998
ks_i22_price_exp_q_hist,index,na,1981-10-01,111.49312377210217
ks_i22_price_exp_q_hist,index,na,1982-01-01,91.95736434108527
ks_i22_price_exp_q_hist,index,na,1982-04-01,86.67315175097276
ks_i22_price_exp_q_hist,index,na,1982-07-01,108.26128722382325
ks_i22_price_exp_q_hist,index,na,1982-10-01,92.27761485826001
ks_i22_price_exp_q_hist,index,na,1983-01-01,67.70126091173618
ks_i22_price_exp_q_hist,index,na,1983-04-01,71.0019267822736
ks_i22_price_exp_q_hist,index,na,1983-07-01,101.53550863723608
ks_i22_price_exp_q_hist,index,na,1983-10-01,85.7699805068226
ks_i22_price_exp_q_hist,index,na,1984-01-01,86.41618497109826
ks_i22_price_exp_q_hist,index,na,1984-04-01,89.76076555023923
ks_i22_price_exp_q_hist,index,na,1984-07-01,91.16504854368932
ks_i22_price_exp_q_hist,index,na,1984-10-01,93.92523364485982
ks_i22_price_exp_q_hist,index,na,1985-01-01,96.2172647914646
ks_i22_price_exp_q_hist,index,na,1985-04-01,100.6717850287908
ks_i22_price_exp_q_hist,index,na,1985-07-01,92.78846153846155
ks_i22_price_exp_q_hist,index,na,1985-10-01,89.1891891891892
ks_i22_price_exp_q_hist,index,na,1986-01-01,93.37811900191939
ks_i22_price_exp_q_hist,index,na,1986-04-01,89.76833976833977
ks_i22_price_exp_q_hist,index,na,1986-07-01,87.06225680933852
ks_i22_price_exp_q_hist,index,na,1986-10-01,77.179236043095
ks_i22_price_exp_q_hist,index,na,1987-01-01,70.22749752720078
ks_i22_price_exp_q_hist,index,na,1987-04-01,65.03496503496503
ks_i22_price_exp_q_hist,index,na,1987-07-01,82.1917808219178
ks_i22_price_exp_q_hist,index,na,1987-10-01,85.88007736943906
ks_i22_price_exp_q_hist,index,na,1988-01-01,86.62109375
ks_i22_price_exp_q_hist,index,na,1988-04-01,85.35856573705179
ks_i22_price_exp_q_hist,index,na,1988-07-01,85.64683663833806
ks_i22_price_exp_q_hist,index,na,1988-10-01,86.33720930232558
ks_i22_price_exp_q_hist,index,na,1989-01-01,100.66921606118547
ks_i22_price_exp_q_hist,index,na,1989-04-01,103.79867046533712
ks_i22_price_exp_q_hist,index,na,1989-07-01,102.94957183634634
ks_i22_price_exp_q_hist,index,na,1989-10-01,110.04926108374384
ks_i22_price_exp_q_hist,index,na,1990-01-01,135.3112840466926
ks_i22_price_exp_q_hist,index,na,1990-04-01,110.07049345417926
ks_i22_price_exp_q_hist,index,na,1990-07-01,101.75097276264592
ks_i22_price_exp_q_hist,index,na,1990-10-01,132.60663507109004
ks_i22_price_exp_q_hist,index,na,1991-01-01,125.14677103718199
ks_i22_price_exp_q_hist,index,na,1991-04-01,92.92929292929293
ks_i22_price_exp_q_hist,index,na,1991-07-01,104.41035474592522
ks_i22_price_exp_q_hist,index,na,1991-10-01,111.34020618556701
ks_i22_price_exp_q_hist,index,na,1992-01-01,103.70705244122966
ks_i22_price_exp_q_hist,index,na,1992-04-01,85.95988538681948
ks_i22_price_exp_q_hist,index,na,1992-07-01,97.65853658536585
ks_i22_price_exp_q_hist,index,na,1992-10-01,74.4186046511628
ks_i22_price_exp_q_hist,index,na,1993-01-01,75.02374169040836
ks_i22_price_exp_q_hist,index,na,1993-04-01,55.18913676042677
ks_i22_price_exp_q_hist,index,na,1993-07-01,57.32673267326732
ks_i22_price_exp_q_hist,index,na,1993-10-01,43.641618497109825
ks_i22_price_exp_q_hist,index,na,1994-01-01,51.21241513094083
ks_i22_price_exp_q_hist,index,na,1994-04-01,47.35812133072407
ks_i22_price_exp_q_hist,index,na,1994-07-01,62.1124031007752
ks_i22_price_exp_q_hist,index,na,1994-10-01,97.20837487537388
ks_i22_price_exp_q_hist,index,na,1995-01-01,123.28139321723191
ks_i22_price_exp_q_hist,index,na,1995-04-01,62.948960302457465
ks_i22_price_exp_q_hist,index,na,1995-07-01,56.92007797270955
ks_i22_price_exp_q_hist,index,na,1995-10-01,55.49242424242424
ks_i22_price_exp_q_hist,index,na,1996-01-01,49.10394265232975
ks_i22_price_exp_q_hist,index,na,1996-04-01,41.06400665004156
ks_i22_price_exp_q_hist,index,na,1996-07-01,37.180700094607374
ks_i22_price_exp_q_hist,index,na,1996-10-01,32.46187363834422
ks_i22_price_exp_q_hist,index,na,1997-01-01,18.162393162393162
ks_i22_price_exp_q_hist,index,na,1997-04-01,18.5761957730812
ks_i22_price_exp_q_hist,index,na,1997-07-01,22.812846068660022
ks_i22_price_exp_q_hist,index,na,1997-10-01,36.372847011144884
ks_i22_price_exp_q_hist,index,na,1998-01-01,26.300294406280667
ks_i22_price_exp_q_hist,index,na,1998-04-01,30.879345603271986
ks_i22_price_exp_q_hist,index,na,1998-07-01,31.952662721893493
ks_i22_price_exp_q_hist,index,na,1998-10-01,37.86802030456853
ks_i22_price_exp_q_hist,index,na,1999-01-01,40.82246740220662
ks_i22_price_exp_q_hist,index,na,1999-04-01,40.47151277013752
ks_i22_price_exp_q_hist,index,na,1999-07-01,38.92750744786495
ks_i22_price_exp_q_hist,index,na,1999-10-01,50.35035035035035
ks_i22_price_exp_q_hist,index,na,2000-01-01,58.522167487684726
ks_i22_price_exp_q_hist,index,na,2000-04-01,54.58248472505092
ks_i22_price_exp_q_hist,index,na,2000-07-01,68.19085487077535
ks_i22_price_exp_q_hist,index,na,2000-10-01,76.1149653121903
ks_i22_price_exp_q_hist,index,na,2001-01-01,70.65750736015701
ks_i22_price_exp_q_hist,index,na,2001-04-01,68.12313803376365
ks_i22_price_exp_q_hist,index,na,2001-07-01,73.4126984126984
ks_i22_price_exp_q_hist,index,na,2001-10-01,67.65578635014838
ks_i22_price_exp_q_hist,index,na,2002-01-01,56.984924623115575
ks_i22_price_exp_q_hist,index,na,2002-04-01,61.18811881188119
ks_i22_price_exp_q_hist,index,na,2002-07-01,66.50294695481335
ks_i22_price_exp_q_hist,index,na,2002-10-01,58.67052023121387
ks_i22_price_exp_q_hist,index,na,2003-01-01,50.720461095100866
ks_i22_price_exp_q_hist,index,na,2003-04-01,49.45598417408507
ks_i22_price_exp_q_hist,index,na,2003-07-01,38.89437314906219
ks_i22_price_exp_q_hist,index,na,2003-10-01,66.63424124513618
ks_i22_price_exp_q_hist,index,na,2004-01-01,57.879656160458445
ks_i22_price_exp_q_hist,index,na,2004-04-01,49.22779922779923
ks_i22_price_exp_q_hist,index,na,2004-07-01,60.19323671497585
ks_i22_price_exp_q_hist,index,na,2004-10-01,68.41603053435115
ks_i22_price_exp_q_hist,index,na,2005-01-01,42.46704331450094
ks_i22_price_exp_q_hist,index,na,2005-04-01,30.2504816955684
ks_i22_price_exp_q_hist,index,na,2005-07-01,47.89422135161606
ks_i22_price_exp_q_hist,index,na,2005-10-01,51.05162523900574
ks_i22_price_exp_q_hist,index,na,2006-01-01,40.26974951830443
ks_i22_price_exp_q_hist,index,na,2006-04-01,44.19942473633749
ks_i22_price_exp_q_hist,index,na,2006-07-01,51.02840352595494
ks_i22_price_exp_q_hist,index,na,2006-10-01,54.965585054080634
ks_i22_price_exp_q_hist,index,na,2007-01-01,41.19922630560928
ks_i22_price_exp_q_hist,index,na,2007-04-01,42.648490749756576
ks_i22_price_exp_q_hist,index,na,2007-07-01,58.12619502868069
ks_i22_price_exp_q_hist,index,na,2007-10-01,84.01135288552507
ks_i22_price_exp_q_hist,index,na,2008-01-01,84.92366412213741
ks_i22_price_exp_q_hist,index,na,2008-04-01,79.62085308056872
ks_i22_price_exp_q_hist,index,na,2008-07-01,100.94428706326724
ks_i22_price_exp_q_hist,index,na,2008-10-01,75.21206409048068
ks_i22_price_exp_q_hist,index,na,2009-01-01,-6.963249516441006
ks_i22_price_exp_q_hist,index,na,2009-04-01,7.081339712918661
ks_i22_price_exp_q_hist,index,na,2009-07-01,26.21359223300971
ks_i22_price_exp_q_hist,index,na,2009-10-01,40.53794428434198
ks_i22_price_exp_q_hist,index,na,2010-01-01,36.88212927756654
ks_i22_price_exp_q_hist,index,na,2010-04-01,52.019230769230774
ks_i22_price_exp_q_hist,index,na,2010-07-01,35.05253104106972
ks_i22_price_exp_q_hist,index,na,2010-10-01,51.2241054613936
ks_i22_price_exp_q_hist,index,na,2011-01-01,40.115718418514945
ks_i22_price_exp_q_hist,index,na,2011-04-01,69.31927133269416
ks_i22_price_exp_q_hist,index,na,2011-07-01,37.634408602150536
ks_i22_price_exp_q_hist,index,na,2011-10-01,10.861056751467709
ks_i22_price_exp_q_hist,index,na,2012-01-01,25.04780114722753
ks_i22_price_exp_q_hist,index,na,2012-04-01,33.56282271944922
ks_i22_price_exp_q_hist,index,na,2012-07-01,31.955922865013775
ks_i22_price_exp_q_hist,index,na,2012-10-01,38.87423043095866
ks_i22_price_exp_q_hist,index,na,2013-01-01,35.74468085106383
ks_i22_price_exp_q_hist,index,na,2013-04-01,34.15750915750916
ks_i22_price_exp_q_hist,index,na,2013-07-01,53.24324324324324
ks_i22_price_exp_q_hist,index,na,2013-10-01,54.22794117647059
ks_i22_price_exp_q_hist,index,na,2014-01-01,52.77777777777778
ks_i22_price_exp_q_hist,index,na,2014-04-01,49.29577464788733
ks_i22_price_exp_q_hist,index,na,2014-07-01,54.84764542936288
ks_i22_price_exp_q_hist,index,na,2014-10-01,53.292361720807726
ks_i22_price_exp_q_hist,index,na,2015-01-01,29.367327667610954
ks_i22_price_exp_q_hist,index,na,2015-04-01,5.864811133200795
ks_i22_price_exp_q_hist,index,na,2015-07-01,17.82383419689119
ks_i22_price_exp_q_hist,index,na,2015-10-01,35.75525812619503
ks_i22_price_exp_q_hist,index,na,2016-01-01,16.06217616580311
ks_i22_price_exp_q_hist,index,na,2016-04-01,22.435897435897438
ks_i22_price_exp_q_hist,index,na,2016-07-01,31.606217616580313
ks_i22_price_exp_q_hist,index,na,2016-10-01,44.21052631578947
ks_i22_price_exp_q_hist,index,na,2017-01-01,41.68081494057725
ks_i22_price_exp_q_hist,index,na,2017-04-01,38.301886792452834
ks_i22_price_exp_q_hist,index,na,2017-07-01,44.57831325301205
ks_i22_price_exp_q_hist,index,na,2017-10-01,56.353591160220994
ks_i22_price_exp_q_hist,index,na,2018-01-01,43.857240905971175
ks_i22_price_exp_q_hist,index,na,2018-04-01,52.985702270815814
ks_i22_price_exp_q_hist,index,na,2018-07-01,58.75118259224219
ks_i22_price_exp_q_hist,index,na,2018-10-01,56.04575163398693
ks_i22_price_exp_q_hist,index,na,2019-01-01,54.009433962264154
ks_i22_price_exp_q_hist,index,na,2019-04-01,48.06017418844022
ks_i22_price_exp_q_hist,index,na,2019-07-01,48.57607811228641
ks_i22_price_exp_q_hist,index,na,2019-10-01,52.18446601941748
ks_i22_price_exp_q_hist,index,na,2020-01-01,52.23179326546593
ks_i22_price_exp_q_hist,index,na,2020-04-01,55.537459283387626
ks_i22_price_exp_q_hist,index,na,2020-07-01,44.452717795979154
ks_i22_price_exp_q_hist,index,na,2020-10-01,39.82494529540481
ks_i22_price_exp_q_hist,index,na,2021-01-01,41.43534190927556
ks_i22_price_exp_q_hist,index,na,2021-04-01,57.637795275590555
ks_i22_price_exp_q_hist,index,na,2021-07-01,75.26104417670683
ks_i22_price_exp_q_hist,index,na,2021-10-01,78.86382623224728
ks_i22_price_exp_q_hist,index,na,2022-01-01,91.14778694673669
ks_i22_price_exp_q_hist,index,na,2022-04-01,119.22753988245172
ks_i22_price_exp_q_hist,index,na,2022-07-01,116.55948553054662
ks_i22_price_exp_q_hist,index,na,2022-10-01,108.63636363636364
ks_i22_price_exp_q_hist,index,na,2023-01-01,87.52039151712887
ks_i22_price_exp_q_hist,index,na,2023-04-01,81.19001919385796
ks_i22_price_exp_q_hist,index,na,2023-07-01,80.18575851393189
ks_i22_price_exp_q_hist,index,na,2023-10-01,98.02445907808091
ks_i31_job_secure_q_hist,index,na,1972-10-01,-4.400977995110025
ks_i31_job_secure_q_hist,index,na,1973-01-01,14.392059553349876
ks_i31_job_secure_q_hist,index,na,1973-04-01,-6.68103448275862
ks_i31_job_secure_q_hist,index,na,1973-07-01,-3.3333333333333335
ks_i31_job_secure_q_hist,index,na,1973-10-01,5.6000000000000005
ks_i31_job_secure_q_hist,index,na,1974-01-01,-30.612244897959183
ks_i31_job_secure_q_hist,index,na,1974-04-01,-24.193548387096776
ks_i31_job_secure_q_hist,index,na,1974-07-01,-33.70786516853933
ks_i31_job_secure_q_hist,index,na,1974-10-01,-68.75
ks_i31_job_secure_q_hist,index,na,1975-01-01,-93.33333333333333
ks_i31_job_secure_q_hist,index,na,1975-04-01,-93.91100702576112
ks_i31_job_secure_q_hist,index,na,1975-07-01,-86.60714285714286
ks_i31_job_secure_q_hist,index,na,1975-10-01,-94.3579766536965
ks_i31_job_secure_q_hist,index,na,1976-01-01,-107.17131474103584
ks_i31_job_secure_q_hist,index,na,1976-04-01,-49.159663865546214
ks_i31_job_secure_q_hist,index,na,1976-07-01,-13.452914798206278
ks_i31_job_secure_q_hist,index,na,1976-10-01,-25.387596899224807
ks_i31_job_secure_q_hist,index,na,1977-01-01,-69.140625
ks_i31_job_secure_q_hist,index,na,1977-04-01,-24.070450097847356
ks_i31_job_secure_q_hist,index,na,1977-07-01,13.175675675675674
ks_i31_job_secure_q_hist,index,na,1977-10-01,16.630196936542667
ks_i31_job_secure_q_hist,index,na,1978-01-01,2.1235521235521233
ks_i31_job_secure_q_hist,index,na,1978-04-01,-5.615550755939525
ks_i31_job_secure_q_hist,index,na,1978-07-01,9.734513274336283
ks_i31_job_secure_q_hist,index,na,1978-10-01,-75.10373443983403
ks_i31_job_secure_q_hist,index,na,1979-01-01,-56.99152542372882
ks_i31_job_secure_q_hist,index,na,1979-04-01,-10.06423982869379
ks_i31_job_secure_q_hist,index,na,1979-07-01,4.555808656036446
ks_i31_job_secure_q_hist,index,na,1979-10-01,10.062893081761008
ks_i31_job_secure_q_hist,index,na,1980-01-01,24.566929133858267
ks_i31_job_secure_q_hist,index,na,1980-04-01,30.58637083993661
ks_i31_job_secure_q_hist,index,na,1980-07-01,40.60031595576619
ks_i31_job_secure_q_hist,index,na,1980-10-01,10.45958795562599
ks_i31_job_secure_q_hist,index,na,1981-01-01,2.9866117404737382
ks_i31_job_secure_q_hist,index,na,1981-04-01,3.736479842674533
ks_i31_job_secure_q_hist,index,na,1981-07-01,2.710843373493976
ks_i31_job_secure_q_hist,index,na,1981-10-01,-16.19234543670265
ks_i31_job_secure_q_hist,index,na,1982-01-01,-69.6078431372549
ks_i31_job_secure_q_hist,index,na,1982-04-01,-78.44660194174757
ks_i31_job_secure_q_hist,index,na,1982-07-01,-88.28571428571429
ks_i31_job_secure_q_hist,index,na,1982-10-01,-117.56885090218422
ks_i31_job_secure_q_hist,index,na,1983-01-01,-119.98123827392119
ks_i31_job_secure_q_hist,index,na,1983-04-01,-79.71153846153847
ks_i31_job_secure_q_hist,index,na,1983-07-01,-70.75471698113208
ks_i31_job_secure_q_hist,index,na,1983-10-01,-77.61904761904762
ks_i31_job_secure_q_hist,index,na,1984-01-01,-81.54425612052731
ks_i31_job_secure_q_hist,index,na,1984-04-01,-73.82297551789078
ks_i31_job_secure_q_hist,index,na,1984-07-01,-60.9404990403071
ks_i31_job_secure_q_hist,index,na,1984-10-01,-38.80037488284911
ks_i31_job_secure_q_hist,index,na,1985-01-01,-49.41860465116279
ks_i31_job_secure_q_hist,index,na,1985-04-01,-31.875607385811467
ks_i31_job_secure_q_hist,index,na,1985-07-01,-18.251681075888566
ks_i31_job_secure_q_hist,index,na,1985-10-01,1.75609756097561
ks_i31_job_secure_q_hist,index,na,1986-01-01,1.0516252390057361
ks_i31_job_secure_q_hist,index,na,1986-04-01,22.05029013539652
ks_i31_job_secure_q_hist,index,na,1986-07-01,16.977428851815503
ks_i31_job_secure_q_hist,index,na,1986-10-01,13.307240704500977
ks_i31_job_secure_q_hist,index,na,1987-01-01,1
ks_i31_job_secure_q_hist,index,na,1987-04-01,-9.145129224652088
ks_i31_job_secure_q_hist,index,na,1987-07-01,9.772951628825272
ks_i31_job_secure_q_hist,index,na,1987-10-01,-5.17578125
ks_i31_job_secure_q_hist,index,na,1988-01-01,-33.30019880715705
ks_i31_job_secure_q_hist,index,na,1988-04-01,-61.143410852713174
ks_i31_job_secure_q_hist,index,na,1988-07-01,-40.17094017094017
ks_i31_job_secure_q_hist,index,na,1988-10-01,-12.18809980806142
ks_i31_job_secure_q_hist,index,na,1989-01-01,26.28019323671498
ks_i31_job_secure_q_hist,index,na,1989-04-01,34.452975047984644
ks_i31_job_secure_q_hist,index,na,1989-07-01,38.446788111217636
ks_i31_job_secure_q_hist,index,na,1989-10-01,40.718562874251496
ks_i31_job_secure_q_hist,index,na,1990-01-01,27.715736040609134
ks_i31_job_secure_q_hist,index,na,1990-04-01,29.28571428571429
ks_i31_job_secure_q_hist,index,na,1990-07-01,25.874125874125873
ks_i31_job_secure_q_hist,index,na,1990-10-01,-10.813492063492063
ks_i31_job_secure_q_hist,index,na,1991-01-01,-49.60317460317461
ks_i31_job_secure_q_hist,index,na,1991-04-01,-64.36990027198549
ks_i31_job_secure_q_hist,index,na,1991-07-01,-92.4618320610687
ks_i31_job_secure_q_hist,index,na,1991-10-01,-112.5114995400184
ks_i31_job_secure_q_hist,index,na,1992-01-01,-133.97887323943664
ks_i31_job_secure_q_hist,index,na,1992-04-01,-130
ks_i31_job_secure_q_hist,index,na,1992-07-01,-135.60885608856088
ks_i31_job_secure_q_hist,index,na,1992-10-01,-149.49026876737722
ks_i31_job_secure_q_hist,index,na,1993-01-01,-138.6531365313653
ks_i31_job_secure_q_hist,index,na,1993-04-01,-147.08603145235892
ks_i31_job_secure_q_hist,index,na,1993-07-01,-146.79069767441862
ks_i31_job_secure_q_hist,index,na,1993-10-01,-139.68978102189783
ks_i31_job_secure_q_hist,index,na,1994-01-01,-126.69138090824839
ks_i31_job_secure_q_hist,index,na,1994-04-01,-93.50893697083725
ks_i31_job_secure_q_hist,index,na,1994-07-01,-78.42951750236519
ks_i31_job_secure_q_hist,index,na,1994-10-01,-58.83476599808978
ks_i31_job_secure_q_hist,index,na,1995-01-01,-54.04651162790698
ks_i31_job_secure_q_hist,index,na,1995-04-01,-69.74405850091408
ks_i31_job_secure_q_hist,index,na,1995-07-01,-80.33088235294117
ks_i31_job_secure_q_hist,index,na,1995-10-01,-87.54480286738351
ks_i31_job_secure_q_hist,index,na,1996-01-01,-96.81857265692176
ks_i31_job_secure_q_hist,index,na,1996-04-01,-129.00398406374504
ks_i31_job_secure_q_hist,index,na,1996-07-01,-136.65158371040724
ks_i31_job_secure_q_hist,index,na,1996-10-01,-144.8559670781893
ks_i31_job_secure_q_hist,index,na,1997-01-01,-143.38085539714868
ks_i31_job_secure_q_hist,index,na,1997-04-01,-134.0980187695516
ks_i31_job_secure_q_hist,index,na,1997-07-01,-96.15784008307374
ks_i31_job_secure_q_hist,index,na,1997-10-01,-90.63097514340345
ks_i31_job_secure_q_hist,index,na,1998-01-01,-122.00188857412653
ks_i31_job_secure_q_hist,index,na,1998-04-01,-101.6190476190476
ks_i31_job_secure_q_hist,index,na,1998-07-01,-70.4995287464656
ks_i31_job_secure_q_hist,index,na,1998-10-01,-61.750713606089434
ks_i31_job_secure_q_hist,index,na,1999-01-01,-62.22222222222222
ks_i31_job_secure_q_hist,index,na,1999-04-01,-66.63498098859316
ks_i31_job_secure_q_hist,index,na,1999-07-01,-55.169172932330824
ks_i31_job_secure_q_hist,index,na,1999-10-01,-36.01161665053243
ks_i31_job_secure_q_hist,index,na,2000-01-01,-36.65071770334929
ks_i31_job_secure_q_hist,index,na,2000-04-01,-31.195335276967928
ks_i31_job_secure_q_hist,index,na,2000-07-01,5
ks_i31_job_secure_q_hist,index,na,2000-10-01,15.682478218780252
ks_i31_job_secure_q_hist,index,na,2001-01-01,19.64980544747082
ks_i31_job_secure_q_hist,index,na,2001-04-01,1.1516314779270633
ks_i31_job_secure_q_hist,index,na,2001-07-01,-2.4667931688804554
ks_i31_job_secure_q_hist,index,na,2001-10-01,-70.50912584053795
ks_i31_job_secure_q_hist,index,na,2002-01-01,-76.44787644787645
ks_i31_job_secure_q_hist,index,na,2002-04-01,-64.55331412103746
ks_i31_job_secure_q_hist,index,na,2002-07-01,-74.80544747081711
ks_i31_job_secure_q_hist,index,na,2002-10-01,-111.58878504672897
ks_i31_job_secure_q_hist,index,na,2003-01-01,-113.67112810707457
ks_i31_job_secure_q_hist,index,na,2003-04-01,-118.13084112149532
ks_i31_job_secure_q_hist,index,na,2003-07-01,-124.03393025447691
ks_i31_job_secure_q_hist,index,na,2003-10-01,-118.73822975517892
ks_i31_job_secure_q_hist,index,na,2004-01-01,-109.98116760828624
ks_i31_job_secure_q_hist,index,na,2004-04-01,-97.1883786316776
ks_i31_job_secure_q_hist,index,na,2004-07-01,-90.94304388422036
ks_i31_job_secure_q_hist,index,na,2004-10-01,-97.07271010387157
ks_i31_job_secure_q_hist,index,na,2005-01-01,-100.18501387604071
ks_i31_job_secure_q_hist,index,na,2005-04-01,-100.46685340802988
ks_i31_job_secure_q_hist,index,na,2005-07-01,-104.88262910798123
ks_i31_job_secure_q_hist,index,na,2005-10-01,-100.46554934823091
ks_i31_job_secure_q_hist,index,na,2006-01-01,-88.0037488284911
ks_i31_job_secure_q_hist,index,na,2006-04-01,-71.56308851224105
ks_i31_job_secure_q_hist,index,na,2006-07-01,-47.070124879923156
ks_i31_job_secure_q_hist,index,na,2006-10-01,-45.07575757575758
ks_i31_job_secure_q_hist,index,na,2007-01-01,-38.95853423336548
ks_i31_job_secure_q_hist,index,na,2007-04-01,-27.081339712918663
ks_i31_job_secure_q_hist,index,na,2007-07-01,-29.807692307692307
ks_i31_job_secure_q_hist,index,na,2007-10-01,-13.776493256262043
ks_i31_job_secure_q_hist,index,na,2008-01-01,-15.023923444976075
ks_i31_job_secure_q_hist,index,na,2008-04-01,-27.360308285163775
ks_i31_job_secure_q_hist,index,na,2008-07-01,-21.01661779081134
ks_i31_job_secure_q_hist,index,na,2008-10-01,-60.836501901140686
ks_i31_job_secure_q_hist,index,na,2009-01-01,-99.14367269267365
ks_i31_job_secure_q_hist,index,na,2009-04-01,-126.56826568265683
ks_i31_job_secure_q_hist,index,na,2009-07-01,-125.14177693761815
ks_i31_job_secure_q_hist,index,na,2009-10-01,-118.13084112149532
ks_i31_job_secure_q_hist,index,na,2010-01-01,-106.98564593301437
ks_i31_job_secure_q_hist,index,na,2010-04-01,-71.60731472569779
ks_i31_job_secure_q_hist,index,na,2010-07-01,-54.724041159962574
ks_i31_job_secure_q_hist,index,na,2010-10-01,-52.46511627906977
ks_i31_job_secure_q_hist,index,na,2011-01-01,-44.81086323957323
ks_i31_job_secure_q_hist,index,na,2011-04-01,-22.810394610202117
ks_i31_job_secure_q_hist,index,na,2011-07-01,-53.76447876447876
ks_i31_job_secure_q_hist,index,na,2011-10-01,-72.10216110019645
ks_i31_job_secure_q_hist,index,na,2012-01-01,-78.05108798486282
ks_i31_job_secure_q_hist,index,na,2012-04-01,-64.11359724612737
ks_i31_job_secure_q_hist,index,na,2012-07-01,-72.07373271889401
ks_i31_job_secure_q_hist,index,na,2012-10-01,-70.63978965819456
ks_i31_job_secure_q_hist,index,na,2013-01-01,-74.12467976088813
ks_i31_job_secure_q_hist,index,na,2013-04-01,-65.1892890120037
ks_i31_job_secure_q_hist,index,na,2013-07-01,-68.56634016028495
ks_i31_job_secure_q_hist,index,na,2013-10-01,-53.81083562901745
ks_i31_job_secure_q_hist,index,na,2014-01-01,-57.01013513513513
ks_i31_job_secure_q_hist,index,na,2014-04-01,-46.7680608365019
ks_i31_job_secure_q_hist,index,na,2014-07-01,-48.79182156133829
ks_i31_job_secure_q_hist,index,na,2014-10-01,-56.517935258092734
ks_i31_job_secure_q_hist,index,na,2015-01-01,-54.20560747663551
ks_i31_job_secure_q_hist,index,na,2015-04-01,-70.4612365063788
ks_i31_job_secure_q_hist,index,na,2015-07-01,-76.29399585921325
ks_i31_job_secure_q_hist,index,na,2015-10-01,-84.81375358166189
ks_i31_job_secure_q_hist,index,na,2016-01-01,-82.44406196213426
ks_i31_job_secure_q_hist,index,na,2016-04-01,-86.32634457611668
ks_i31_job_secure_q_hist,index,na,2016-07-01,-76.21509824198553
ks_i31_job_secure_q_hist,index,na,2016-10-01,-80.0575263662512
ks_i31_job_secure_q_hist,index,na,2017-01-01,-65.83476764199656
ks_i31_job_secure_q_hist,index,na,2017-04-01,-62.73946360153256
ks_i31_job_secure_q_hist,index,na,2017-07-01,-61.67400881057269
ks_i31_job_secure_q_hist,index,na,2017-10-01,-58.69158878504673
ks_i31_job_secure_q_hist,index,na,2018-01-01,-48.829201101928376
ks_i31_job_secure_q_hist,index,na,2018-04-01,-46.3519313304721
ks_i31_job_secure_q_hist,index,na,2018-07-01,-44.92890995260663
ks_i31_job_secure_q_hist,index,na,2018-10-01,-43.92446633825944
ks_i31_job_secure_q_hist,index,na,2019-01-01,-36.78714859437751
ks_i31_job_secure_q_hist,index,na,2019-04-01,-46.877534468775345
ks_i31_job_secure_q_hist,index,na,2019-07-01,-45.75
ks_i31_job_secure_q_hist,index,na,2019-10-01,-49.958847736625515
ks_i31_job_secure_q_hist,index,na,2020-01-01,-44.824840764331206
ks_i31_job_secure_q_hist,index,na,2020-04-01,-72.45444801714899
ks_i31_job_secure_q_hist,index,na,2020-07-01,-113.14031180400892
ks_i31_job_secure_q_hist,index,na,2020-10-01,-123.56363636363636
ks_i31_job_secure_q_hist,index,na,2021-01-01,-123.04054054054055
ks_i31_job_secure_q_hist,index,na,2021-04-01,-118.80952380952381
ks_i31_job_secure_q_hist,index,na,2021-07-01,-85.55102040816327
ks_i31_job_secure_q_hist,index,na,2021-10-01,-75.97623089983023
ks_i31_job_secure_q_hist,index,na,2022-01-01,-59.75327679259831
ks_i31_job_secure_q_hist,index,na,2022-04-01,-30
ks_i31_job_secure_q_hist,index,na,2022-07-01,-25.517812758906377
ks_i31_job_secure_q_hist,index,na,2022-10-01,-27.298050139275766
ks_i31_job_secure_q_hist,index,na,2023-01-01,0.990916597853014
ks_i31_job_secure_q_hist,index,na,2023-04-01,-22.157434402332363
ks_i31_job_secure_q_hist,index,na,2023-07-01,-0.631578947368421
ks_i31_job_secure_q_hist,index,na,2023-10-01,-27.220077220077222
ks_i32_unemp_exp_q_hist,index,na,2007-04-01,-7.615230460921844
ks_i32_unemp_exp_q_hist,index,na,2007-07-01,3.326810176125244
ks_i32_unemp_exp_q_hist,index,na,2007-10-01,11.659192825112108
ks_i32_unemp_exp_q_hist,index,na,2008-01-01,12.524461839530332
ks_i32_unemp_exp_q_hist,index,na,2008-04-01,24.59485224022879
ks_i32_unemp_exp_q_hist,index,na,2008-07-01,33.949416342412455
ks_i32_unemp_exp_q_hist,index,na,2008-10-01,75.85877862595419
ks_i32_unemp_exp_q_hist,index,na,2009-01-01,110.85714285714286
ks_i32_unemp_exp_q_hist,index,na,2009-04-01,130.31423290203327
ks_i32_unemp_exp_q_hist,index,na,2009-07-01,117.18020541549954
ks_i32_unemp_exp_q_hist,index,na,2009-10-01,87.91312559017942
ks_i32_unemp_exp_q_hist,index,na,2010-01-01,77.08920187793427
ks_i32_unemp_exp_q_hist,index,na,2010-04-01,8.444022770398481
ks_i32_unemp_exp_q_hist,index,na,2010-07-01,6.261682242990655
ks_i32_unemp_exp_q_hist,index,na,2010-10-01,17.485822306238184
ks_i32_unemp_exp_q_hist,index,na,2011-01-01,11.567877629063098
ks_i32_unemp_exp_q_hist,index,na,2011-04-01,16.312741312741313
ks_i32_unemp_exp_q_hist,index,na,2011-07-01,53.735632183908045
ks_i32_unemp_exp_q_hist,index,na,2011-10-01,72.57751937984496
ks_i32_unemp_exp_q_hist,index,na,2012-01-01,71.21354656632172
ks_i32_unemp_exp_q_hist,index,na,2012-04-01,48.76805437553101
ks_i32_unemp_exp_q_hist,index,na,2012-07-01,61.79159049360147
ks_i32_unemp_exp_q_hist,index,na,2012-10-01,66.54960491659351
ks_i32_unemp_exp_q_hist,index,na,2013-01-01,62.086513994910945
ks_i32_unemp_exp_q_hist,index,na,2013-04-01,47.12328767123288
ks_i32_unemp_exp_q_hist,index,na,2013-07-01,54.01785714285714
ks_i32_unemp_exp_q_hist,index,na,2013-10-01,44.53551912568306
ks_i32_unemp_exp_q_hist,index,na,2014-01-01,39.76510067114094
ks_i32_unemp_exp_q_hist,index,na,2014-04-01,30.254476908576816
ks_i32_unemp_exp_q_hist,index,na,2014-07-01,33.45690454124189
ks_i32_unemp_exp_q_hist,index,na,2014-10-01,50.828247602441145
ks_i32_unemp_exp_q_hist,index,na,2015-01-01,52.089136490250695
ks_i32_unemp_exp_q_hist,index,na,2015-04-01,50.782778864970645
ks_i32_unemp_exp_q_hist,index,na,2015-07-01,64.74226804123711
ks_i32_unemp_exp_q_hist,index,na,2015-10-01,73.50427350427351
ks_i32_unemp_exp_q_hist,index,na,2016-01-01,68.11594202898551
ks_i32_unemp_exp_q_hist,index,na,2016-04-01,69.9090909090909
ks_i32_unemp_exp_q_hist,index,na,2016-07-01,60.72164948453608
ks_i32_unemp_exp_q_hist,index,na,2016-10-01,57.965451055662186
ks_i32_unemp_exp_q_hist,index,na,2017-01-01,48.188711036225776
ks_i32_unemp_exp_q_hist,index,na,2017-04-01,48.433048433048434
ks_i32_unemp_exp_q_hist,index,na,2017-07-01,41.089965397923876
ks_i32_unemp_exp_q_hist,index,na,2017-10-01,39.338235294117645
ks_i32_unemp_exp_q_hist,index,na,2018-01-01,25.946317962835515
ks_i32_unemp_exp_q_hist,index,na,2018-04-01,27.59493670886076
ks_i32_unemp_exp_q_hist,index,na,2018-07-01,35.00473036896878
ks_i32_unemp_exp_q_hist,index,na,2018-10-01,38.323840520748575
ks_i32_unemp_exp_q_hist,index,na,2019-01-01,31.628638867033832
ks_i32_unemp_exp_q_hist,index,na,2019-04-01,30.73836276083467
ks_i32_unemp_exp_q_hist,index,na,2019-07-01,38.59362224039248
ks_i32_unemp_exp_q_hist,index,na,2019-10-01,48.421052631578945
ks_i32_unemp_exp_q_hist,index,na,2020-01-01,32.966168371361135
ks_i32_unemp_exp_q_hist,index,na,2020-04-01,127.78666666666668
ks_i32_unemp_exp_q_hist,index,na,2020-07-01,111.43695014662755
ks_i32_unemp_exp_q_hist,index,na,2020-10-01,111.6413593637021
ks_i32_unemp_exp_q_hist,index,na,2021-01-01,114.78494623655915
ks_i32_unemp_exp_q_hist,index,na,2021-04-01,90.15748031496062
ks_i32_unemp_exp_q_hist,index,na,2021-07-01,28.67528271405493
ks_i32_unemp_exp_q_hist,index,na,2021-10-01,23.55889724310777
ks_i32_unemp_exp_q_hist,index,na,2022-01-01,29.345372460496616
ks_i32_unemp_exp_q_hist,index,na,2022-04-01,30.548523206751057
ks_i32_unemp_exp_q_hist,index,na,2022-07-01,27.161500815660684
ks_i32_unemp_exp_q_hist,index,na,2022-10-01,39.391143911439116
ks_i32_unemp_exp_q_hist,index,na,2023-01-01,6.764466177669112
ks_i32_unemp_exp_q_hist,index,na,2023-04-01,22.21153846153846
ks_i32_unemp_exp_q_hist,index,na,2023-07-01,5.833333333333333
ks_i32_unemp_exp_q_hist,index,na,2023-10-01,32.35572374645223
ks_i41_fin_pos_hist_q_hist,index,na,1972-10-01,21.651785714285715
ks_i41_fin_pos_hist_q_hist,index,na,1973-01-01,31.68103448275862
ks_i41_fin_pos_hist_q_hist,index,na,1973-04-01,27.20156555772994
ks_i41_fin_pos_hist_q_hist,index,na,1973-07-01,16.589861751152075
ks_i41_fin_pos_hist_q_hist,index,na,1973-10-01,9.187279151943462
ks_i41_fin_pos_hist_q_hist,index,na,1974-01-01,14.862385321100918
ks_i41_fin_pos_hist_q_hist,index,na,1974-04-01,4.554865424430641
ks_i41_fin_pos_hist_q_hist,index,na,1974-07-01,-4.320987654320987
ks_i41_fin_pos_hist_q_hist,index,na,1974-10-01,-2.7027027027027026
ks_i41_fin_pos_hist_q_hist,index,na,1975-01-01,2.05761316872428
ks_i41_fin_pos_hist_q_hist,index,na,1975-04-01,0.4618937644341801
ks_i41_fin_pos_hist_q_hist,index,na,1975-07-01,-6.196581196581197
ks_i41_fin_pos_hist_q_hist,index,na,1975-10-01,-6.4338235294117645
ks_i41_fin_pos_hist_q_hist,index,na,1976-01-01,-15.313653136531366
ks_i41_fin_pos_hist_q_hist,index,na,1976-04-01,-14.763779527559054
ks_i41_fin_pos_hist_q_hist,index,na,1976-07-01,-8.050847457627118
ks_i41_fin_pos_hist_q_hist,index,na,1976-10-01,-6.618962432915922
ks_i41_fin_pos_hist_q_hist,index,na,1977-01-01,-8.955223880597014
ks_i41_fin_pos_hist_q_hist,index,na,1977-04-01,2.1739130434782608
ks_i41_fin_pos_hist_q_hist,index,na,1977-07-01,0
ks_i41_fin_pos_hist_q_hist,index,na,1977-10-01,-5.263157894736842
ks_i41_fin_pos_hist_q_hist,index,na,1978-01-01,1.9298245614035088
ks_i41_fin_pos_hist_q_hist,index,na,1978-04-01,2.8925619834710745
ks_i41_fin_pos_hist_q_hist,index,na,1978-07-01,7.07070707070707
ks_i41_fin_pos_hist_q_hist,index,na,1978-10-01,-2.7131782945736433
ks_i41_fin_pos_hist_q_hist,index,na,1979-01-01,9.645669291338582
ks_i41_fin_pos_hist_q_hist,index,na,1979-04-01,3.462321792260693
ks_i41_fin_pos_hist_q_hist,index,na,1979-07-01,-1.0162601626016259
ks_i41_fin_pos_hist_q_hist,index,na,1979-10-01,4.588910133843212
ks_i41_fin_pos_hist_q_hist,index,na,1980-01-01,8.81057268722467
ks_i41_fin_pos_hist_q_hist,index,na,1980-04-01,14.243323442136498
ks_i41_fin_pos_hist_q_hist,index,na,1980-07-01,9.956076134699854
ks_i41_fin_pos_hist_q_hist,index,na,1980-10-01,6.911764705882353
ks_i41_fin_pos_hist_q_hist,index,na,1981-01-01,7.2106261859582546
ks_i41_fin_pos_hist_q_hist,index,na,1981-04-01,-8.44564240790656
ks_i41_fin_pos_hist_q_hist,index,na,1981-07-01,-8.153701968134957
ks_i41_fin_pos_hist_q_hist,index,na,1981-10-01,-18.308550185873607
ks_i41_fin_pos_hist_q_hist,index,na,1982-01-01,-5.8604651162790695
ks_i41_fin_pos_hist_q_hist,index,na,1982-04-01,-2.209944751381215
ks_i41_fin_pos_hist_q_hist,index,na,1982-07-01,-6.6727605118829985
ks_i41_fin_pos_hist_q_hist,index,na,1982-10-01,-11.20527306967985
ks_i41_fin_pos_hist_q_hist,index,na,1983-01-01,-4.275092936802974
ks_i41_fin_pos_hist_q_hist,index,na,1983-04-01,-2.2222222222222223
ks_i41_fin_pos_hist_q_hist,index,na,1983-07-01,-8.695652173913043
ks_i41_fin_pos_hist_q_hist,index,na,1983-10-01,-8.886810102899906
ks_i41_fin_pos_hist_q_hist,index,na,1984-01-01,-1.4953271028037385
ks_i41_fin_pos_hist_q_hist,index,na,1984-04-01,-3.1805425631431246
ks_i41_fin_pos_hist_q_hist,index,na,1984-07-01,-1.3992537313432836
ks_i41_fin_pos_hist_q_hist,index,na,1984-10-01,-5.032021957913998
ks_i41_fin_pos_hist_q_hist,index,na,1985-01-01,5.47945205479452
ks_i41_fin_pos_hist_q_hist,index,na,1985-04-01,-3.727865796831314
ks_i41_fin_pos_hist_q_hist,index,na,1985-07-01,-1.2939001848428837
ks_i41_fin_pos_hist_q_hist,index,na,1985-10-01,1.7625231910946195
ks_i41_fin_pos_hist_q_hist,index,na,1986-01-01,13.80908248378128
ks_i41_fin_pos_hist_q_hist,index,na,1986-04-01,12.152133580705009
ks_i41_fin_pos_hist_q_hist,index,na,1986-07-01,0.09319664492078285
ks_i41_fin_pos_hist_q_hist,index,na,1986-10-01,8.088235294117647
ks_i41_fin_pos_hist_q_hist,index,na,1987-01-01,8.208955223880597
ks_i41_fin_pos_hist_q_hist,index,na,1987-04-01,13.358070500927644
ks_i41_fin_pos_hist_q_hist,index,na,1987-07-01,8.085501858736059
ks_i41_fin_pos_hist_q_hist,index,na,1987-10-01,6.027397260273973
ks_i41_fin_pos_hist_q_hist,index,na,1988-01-01,9.260991580916745
ks_i41_fin_pos_hist_q_hist,index,na,1988-04-01,13.133208255159476
ks_i41_fin_pos_hist_q_hist,index,na,1988-07-01,9.240622140896615
ks_i41_fin_pos_hist_q_hist,index,na,1988-10-01,8.41908325537886
ks_i41_fin_pos_hist_q_hist,index,na,1989-01-01,17.520969245107175
ks_i41_fin_pos_hist_q_hist,index,na,1989-04-01,15.873015873015872
ks_i41_fin_pos_hist_q_hist,index,na,1989-07-01,1.1926605504587156
ks_i41_fin_pos_hist_q_hist,index,na,1989-10-01,0.48169556840077066
ks_i41_fin_pos_hist_q_hist,index,na,1990-01-01,3.7453183520599254
ks_i41_fin_pos_hist_q_hist,index,na,1990-04-01,-1.9550342130987293
ks_i41_fin_pos_hist_q_hist,index,na,1990-07-01,-3.1279620853080567
ks_i41_fin_pos_hist_q_hist,index,na,1990-10-01,-20.930232558139537
ks_i41_fin_pos_hist_q_hist,index,na,1991-01-01,-13.39622641509434
ks_i41_fin_pos_hist_q_hist,index,na,1991-04-01,-17.914438502673796
ks_i41_fin_pos_hist_q_hist,index,na,1991-07-01,-13.333333333333334
ks_i41_fin_pos_hist_q_hist,index,na,1991-10-01,-25.502742230347348
ks_i41_fin_pos_hist_q_hist,index,na,1992-01-01,-22.900088417329798
ks_i41_fin_pos_hist_q_hist,index,na,1992-04-01,-23.342415985467756
ks_i41_fin_pos_hist_q_hist,index,na,1992-07-01,-29.05027932960894
ks_i41_fin_pos_hist_q_hist,index,na,1992-10-01,-26.678932842686294
ks_i41_fin_pos_hist_q_hist,index,na,1993-01-01,-21.897810218978105
ks_i41_fin_pos_hist_q_hist,index,na,1993-04-01,-28.59778597785978
ks_i41_fin_pos_hist_q_hist,index,na,1993-07-01,-36.134453781512605
ks_i41_fin_pos_hist_q_hist,index,na,1993-10-01,-27.772685609532537
ks_i41_fin_pos_hist_q_hist,index,na,1994-01-01,-20.794824399260627
ks_i41_fin_pos_hist_q_hist,index,na,1994-04-01,-22.397769516728623
ks_i41_fin_pos_hist_q_hist,index,na,1994-07-01,-23.463687150837988
ks_i41_fin_pos_hist_q_hist,index,na,1994-10-01,-22.71880819366853
ks_i41_fin_pos_hist_q_hist,index,na,1995-01-01,-19.89051094890511
ks_i41_fin_pos_hist_q_hist,index,na,1995-04-01,-18.755635707844906
ks_i41_fin_pos_hist_q_hist,index,na,1995-07-01,-17.062043795620436
ks_i41_fin_pos_hist_q_hist,index,na,1995-10-01,-22.370766488413548
ks_i41_fin_pos_hist_q_hist,index,na,1996-01-01,-24.358974358974358
ks_i41_fin_pos_hist_q_hist,index,na,1996-04-01,-26.421136909527622
ks_i41_fin_pos_hist_q_hist,index,na,1996-07-01,-25.11332728921124
ks_i41_fin_pos_hist_q_hist,index,na,1996-10-01,-21.28966223132037
ks_i41_fin_pos_hist_q_hist,index,na,1997-01-01,-16.08606557377049
ks_i41_fin_pos_hist_q_hist,index,na,1997-04-01,-15.859938208032956
ks_i41_fin_pos_hist_q_hist,index,na,1997-07-01,-16.56441717791411
ks_i41_fin_pos_hist_q_hist,index,na,1997-10-01,-18.357933579335793
ks_i41_fin_pos_hist_q_hist,index,na,1998-01-01,-10.634328358208956
ks_i41_fin_pos_hist_q_hist,index,na,1998-04-01,-10.883720930232558
ks_i41_fin_pos_hist_q_hist,index,na,1998-07-01,-12.757973733583489
ks_i41_fin_pos_hist_q_hist,index,na,1998-10-01,-5.576559546313799
ks_i41_fin_pos_hist_q_hist,index,na,1999-01-01,-5.183788878416588
ks_i41_fin_pos_hist_q_hist,index,na,1999-04-01,-7.082945013979497
ks_i41_fin_pos_hist_q_hist,index,na,1999-07-01,-6.1979648473635525
ks_i41_fin_pos_hist_q_hist,index,na,1999-10-01,-6.835205992509364
ks_i41_fin_pos_hist_q_hist,index,na,2000-01-01,4.056603773584905
ks_i41_fin_pos_hist_q_hist,index,na,2000-04-01,0.3755868544600939
ks_i41_fin_pos_hist_q_hist,index,na,2000-07-01,-1.572617946345976
ks_i41_fin_pos_hist_q_hist,index,na,2000-10-01,0.0931098696461825
ks_i41_fin_pos_hist_q_hist,index,na,2001-01-01,9.840674789128398
ks_i41_fin_pos_hist_q_hist,index,na,2001-04-01,5.400372439478584
ks_i41_fin_pos_hist_q_hist,index,na,2001-07-01,0.37523452157598497
ks_i41_fin_pos_hist_q_hist,index,na,2001-10-01,-1.4071294559099436
ks_i41_fin_pos_hist_q_hist,index,na,2002-01-01,1.975540921919097
ks_i41_fin_pos_hist_q_hist,index,na,2002-04-01,-1.858736059479554
ks_i41_fin_pos_hist_q_hist,index,na,2002-07-01,-13.071895424836603
ks_i41_fin_pos_hist_q_hist,index,na,2002-10-01,-17.451523545706372
ks_i41_fin_pos_hist_q_hist,index,na,2003-01-01,-1.9644527595884003
ks_i41_fin_pos_hist_q_hist,index,na,2003-04-01,-12.372093023255815
ks_i41_fin_pos_hist_q_hist,index,na,2003-07-01,-18.98971000935454
ks_i41_fin_pos_hist_q_hist,index,na,2003-10-01,-17.767441860465116
ks_i41_fin_pos_hist_q_hist,index,na,2004-01-01,-16.37209302325581
ks_i41_fin_pos_hist_q_hist,index,na,2004-04-01,-18.98148148148148
ks_i41_fin_pos_hist_q_hist,index,na,2004-07-01,-19.981498612395928
ks_i41_fin_pos_hist_q_hist,index,na,2004-10-01,-11.460258780036968
ks_i41_fin_pos_hist_q_hist,index,na,2005-01-01,-8.823529411764707
ks_i41_fin_pos_hist_q_hist,index,na,2005-04-01,-9.426987060998151
ks_i41_fin_pos_hist_q_hist,index,na,2005-07-01,-12.292051756007394
ks_i41_fin_pos_hist_q_hist,index,na,2005-10-01,-14.3646408839779
ks_i41_fin_pos_hist_q_hist,index,na,2006-01-01,-1.6728624535315983
ks_i41_fin_pos_hist_q_hist,index,na,2006-04-01,-1.6651248843663276
ks_i41_fin_pos_hist_q_hist,index,na,2006-07-01,-6.935332708528586
ks_i41_fin_pos_hist_q_hist,index,na,2006-10-01,-8.040665434380777
ks_i41_fin_pos_hist_q_hist,index,na,2007-01-01,0.37523452157598497
ks_i41_fin_pos_hist_q_hist,index,na,2007-04-01,1.1090573012939002
ks_i41_fin_pos_hist_q_hist,index,na,2007-07-01,-4.1516245487364625
ks_i41_fin_pos_hist_q_hist,index,na,2007-10-01,-3.372835004557885
ks_i41_fin_pos_hist_q_hist,index,na,2008-01-01,4.36397400185701
ks_i41_fin_pos_hist_q_hist,index,na,2008-04-01,-3.6111111111111107
ks_i41_fin_pos_hist_q_hist,index,na,2008-07-01,-17.543859649122805
ks_i41_fin_pos_hist_q_hist,index,na,2008-10-01,-14.869888475836431
ks_i41_fin_pos_hist_q_hist,index,na,2009-01-01,-6.976744186046512
ks_i41_fin_pos_hist_q_hist,index,na,2009-04-01,-10.626702997275205
ks_i41_fin_pos_hist_q_hist,index,na,2009-07-01,-16.176470588235293
ks_i41_fin_pos_hist_q_hist,index,na,2009-10-01,-14.390467461044912
ks_i41_fin_pos_hist_q_hist,index,na,2010-01-01,-13.91941391941392
ks_i41_fin_pos_hist_q_hist,index,na,2010-04-01,-12.775735294117647
ks_i41_fin_pos_hist_q_hist,index,na,2010-07-01,-10.607434270172257
ks_i41_fin_pos_hist_q_hist,index,na,2010-10-01,-12.362637362637363
ks_i41_fin_pos_hist_q_hist,index,na,2011-01-01,-5.790441176470589
ks_i41_fin_pos_hist_q_hist,index,na,2011-04-01,-3.6077705827937097
ks_i41_fin_pos_hist_q_hist,index,na,2011-07-01,-12.154696132596685
ks_i41_fin_pos_hist_q_hist,index,na,2011-10-01,-9.620721554116558
ks_i41_fin_pos_hist_q_hist,index,na,2012-01-01,-9.736123748862601
ks_i41_fin_pos_hist_q_hist,index,na,2012-04-01,-8.925619834710744
ks_i41_fin_pos_hist_q_hist,index,na,2012-07-01,-11.817367949865712
ks_i41_fin_pos_hist_q_hist,index,na,2012-10-01,-8.419243986254296
ks_i41_fin_pos_hist_q_hist,index,na,2013-01-01,-0.8382229673093042
ks_i41_fin_pos_hist_q_hist,index,na,2013-04-01,-9.972801450589303
ks_i41_fin_pos_hist_q_hist,index,na,2013-07-01,-8.027923211169284
ks_i41_fin_pos_hist_q_hist,index,na,2013-10-01,-6.23885918003565
ks_i41_fin_pos_hist_q_hist,index,na,2014-01-01,-7.591836734693877
ks_i41_fin_pos_hist_q_hist,index,na,2014-04-01,-5.100182149362477
ks_i41_fin_pos_hist_q_hist,index,na,2014-07-01,-6.721162579473205
ks_i41_fin_pos_hist_q_hist,index,na,2014-10-01,-7.136715391229578
ks_i41_fin_pos_hist_q_hist,index,na,2015-01-01,-5.032021957913998
ks_i41_fin_pos_hist_q_hist,index,na,2015-04-01,-3.619047619047619
ks_i41_fin_pos_hist_q_hist,index,na,2015-07-01,-11.616161616161616
ks_i41_fin_pos_hist_q_hist,index,na,2015-10-01,-10.44776119402985
ks_i41_fin_pos_hist_q_hist,index,na,2016-01-01,-4.761904761904762
ks_i41_fin_pos_hist_q_hist,index,na,2016-04-01,-5.660377358490567
ks_i41_fin_pos_hist_q_hist,index,na,2016-07-01,-13.555992141453832
ks_i41_fin_pos_hist_q_hist,index,na,2016-10-01,-12.488174077578051
ks_i41_fin_pos_hist_q_hist,index,na,2017-01-01,-10.199004975124378
ks_i41_fin_pos_hist_q_hist,index,na,2017-04-01,-12.699905926622765
ks_i41_fin_pos_hist_q_hist,index,na,2017-07-01,-11.433447098976108
ks_i41_fin_pos_hist_q_hist,index,na,2017-10-01,-14.143245693563012
ks_i41_fin_pos_hist_q_hist,index,na,2018-01-01,-18.876860622462786
ks_i41_fin_pos_hist_q_hist,index,na,2018-04-01,-17.387687188019967
ks_i41_fin_pos_hist_q_hist,index,na,2018-07-01,-18.88372093023256
ks_i41_fin_pos_hist_q_hist,index,na,2018-10-01,-18.203688853247797
ks_i41_fin_pos_hist_q_hist,index,na,2019-01-01,-13.286713286713287
ks_i41_fin_pos_hist_q_hist,index,na,2019-04-01,-13.814756671899527
ks_i41_fin_pos_hist_q_hist,index,na,2019-07-01,-14.826752618855762
ks_i41_fin_pos_hist_q_hist,index,na,2019-10-01,-13.237639553429027
ks_i41_fin_pos_hist_q_hist,index,na,2020-01-01,-11.377708978328172
ks_i41_fin_pos_hist_q_hist,index,na,2020-04-01,-5.7824933687002655
ks_i41_fin_pos_hist_q_hist,index,na,2020-07-01,-11.897810218978103
ks_i41_fin_pos_hist_q_hist,index,na,2020-10-01,-17.194244604316548
ks_i41_fin_pos_hist_q_hist,index,na,2021-01-01,-9.587217043941411
ks_i41_fin_pos_hist_q_hist,index,na,2021-04-01,-10.501567398119123
ks_i41_fin_pos_hist_q_hist,index,na,2021-07-01,-9.761904761904763
ks_i41_fin_pos_hist_q_hist,index,na,2021-10-01,-12.489592006661116
ks_i41_fin_pos_hist_q_hist,index,na,2022-01-01,-6.7407407407407405
ks_i41_fin_pos_hist_q_hist,index,na,2022-04-01,-20.580912863070537
ks_i41_fin_pos_hist_q_hist,index,na,2022-07-01,-36.97749196141479
ks_i41_fin_pos_hist_q_hist,index,na,2022-10-01,-42.11000901713255
ks_i41_fin_pos_hist_q_hist,index,na,2023-01-01,-36.267318663406684
ks_i41_fin_pos_hist_q_hist,index,na,2023-04-01,-40.13220018885741
ks_i41_fin_pos_hist_q_hist,index,na,2023-07-01,-40
ks_i41_fin_pos_hist_q_hist,index,na,2023-10-01,-53.30848089468779
ks_i42_fin_pos_exp_q_hist,index,na,1972-10-01,29.88235294117647
ks_i42_fin_pos_exp_q_hist,index,na,1973-01-01,14.988290398126464
ks_i42_fin_pos_exp_q_hist,index,na,1973-04-01,16.122448979591837
ks_i42_fin_pos_exp_q_hist,index,na,1973-07-01,9.85576923076923
ks_i42_fin_pos_exp_q_hist,index,na,1973-10-01,5.83804143126177
ks_i42_fin_pos_exp_q_hist,index,na,1974-01-01,9.33852140077821
ks_i42_fin_pos_exp_q_hist,index,na,1974-04-01,2
ks_i42_fin_pos_exp_q_hist,index,na,1974-07-01,-3.0303030303030303
ks_i42_fin_pos_exp_q_hist,index,na,1974-10-01,2.682926829268293
ks_i42_fin_pos_exp_q_hist,index,na,1975-01-01,-6.8584070796460175
ks_i42_fin_pos_exp_q_hist,index,na,1975-04-01,0.5025125628140703
ks_i42_fin_pos_exp_q_hist,index,na,1975-07-01,-6.950672645739911
ks_i42_fin_pos_exp_q_hist,index,na,1975-10-01,-2.579365079365079
ks_i42_fin_pos_exp_q_hist,index,na,1976-01-01,-7.884615384615384
ks_i42_fin_pos_exp_q_hist,index,na,1976-04-01,5.4989816700611
ks_i42_fin_pos_exp_q_hist,index,na,1976-07-01,5.369127516778524
ks_i42_fin_pos_exp_q_hist,index,na,1976-10-01,4.243542435424354
ks_i42_fin_pos_exp_q_hist,index,na,1977-01-01,-8.49802371541502
ks_i42_fin_pos_exp_q_hist,index,na,1977-04-01,3.402646502835539
ks_i42_fin_pos_exp_q_hist,index,na,1977-07-01,7.131011608623548
ks_i42_fin_pos_exp_q_hist,index,na,1977-10-01,1.2605042016806722
ks_i42_fin_pos_exp_q_hist,index,na,1978-01-01,6.566604127579738
ks_i42_fin_pos_exp_q_hist,index,na,1978-04-01,3.463203463203463
ks_i42_fin_pos_exp_q_hist,index,na,1978-07-01,7.838983050847458
ks_i42_fin_pos_exp_q_hist,index,na,1978-10-01,4.2682926829268295
ks_i42_fin_pos_exp_q_hist,index,na,1979-01-01,6.938775510204081
ks_i42_fin_pos_exp_q_hist,index,na,1979-04-01,9.740259740259742
ks_i42_fin_pos_exp_q_hist,index,na,1979-07-01,9.936575052854122
ks_i42_fin_pos_exp_q_hist,index,na,1979-10-01,4.471544715447155
ks_i42_fin_pos_exp_q_hist,index,na,1980-01-01,8.818897637795276
ks_i42_fin_pos_exp_q_hist,index,na,1980-04-01,5.572755417956656
ks_i42_fin_pos_exp_q_hist,index,na,1980-07-01,11.692307692307692
ks_i42_fin_pos_exp_q_hist,index,na,1980-10-01,9.03522205206738
ks_i42_fin_pos_exp_q_hist,index,na,1981-01-01,2.446183953033268
ks_i42_fin_pos_exp_q_hist,index,na,1981-04-01,-4.3893129770992365
ks_i42_fin_pos_exp_q_hist,index,na,1981-07-01,-3.7549407114624502
ks_i42_fin_pos_exp_q_hist,index,na,1981-10-01,-6.872509960159362
ks_i42_fin_pos_exp_q_hist,index,na,1982-01-01,0.3868471953578337
ks_i42_fin_pos_exp_q_hist,index,na,1982-04-01,-0.2881844380403458
ks_i42_fin_pos_exp_q_hist,index,na,1982-07-01,-8.599033816425122
ks_i42_fin_pos_exp_q_hist,index,na,1982-10-01,-4.3095004897159646
ks_i42_fin_pos_exp_q_hist,index,na,1983-01-01,-1.842870999030068
ks_i42_fin_pos_exp_q_hist,index,na,1983-04-01,-0.19102196752626552
ks_i42_fin_pos_exp_q_hist,index,na,1983-07-01,-0.9624639076034648
ks_i42_fin_pos_exp_q_hist,index,na,1983-10-01,0.7881773399014778
ks_i42_fin_pos_exp_q_hist,index,na,1984-01-01,5.415860735009671
ks_i42_fin_pos_exp_q_hist,index,na,1984-04-01,5.2114060963618485
ks_i42_fin_pos_exp_q_hist,index,na,1984-07-01,7.820136852394917
ks_i42_fin_pos_exp_q_hist,index,na,1984-10-01,4.618284637134779
ks_i42_fin_pos_exp_q_hist,index,na,1985-01-01,7.750472589792061
ks_i42_fin_pos_exp_q_hist,index,na,1985-04-01,4.702495201535509
ks_i42_fin_pos_exp_q_hist,index,na,1985-07-01,6.022944550669216
ks_i42_fin_pos_exp_q_hist,index,na,1985-10-01,11.431316042267051
ks_i42_fin_pos_exp_q_hist,index,na,1986-01-01,20.32442748091603
ks_i42_fin_pos_exp_q_hist,index,na,1986-04-01,12.178877259752618
ks_i42_fin_pos_exp_q_hist,index,na,1986-07-01,7.6923076923076925
ks_i42_fin_pos_exp_q_hist,index,na,1986-10-01,12.788461538461537
ks_i42_fin_pos_exp_q_hist,index,na,1987-01-01,12.852969814995133
ks_i42_fin_pos_exp_q_hist,index,na,1987-04-01,11.057692307692307
ks_i42_fin_pos_exp_q_hist,index,na,1987-07-01,13.022813688212928
ks_i42_fin_pos_exp_q_hist,index,na,1987-10-01,10.687022900763358
ks_i42_fin_pos_exp_q_hist,index,na,1988-01-01,12.106768350810295
ks_i42_fin_pos_exp_q_hist,index,na,1988-04-01,12.135922330097088
ks_i42_fin_pos_exp_q_hist,index,na,1988-07-01,14.272300469483568
ks_i42_fin_pos_exp_q_hist,index,na,1988-10-01,15.033947623666343
ks_i42_fin_pos_exp_q_hist,index,na,1989-01-01,18.70781099324976
ks_i42_fin_pos_exp_q_hist,index,na,1989-04-01,11.627906976744185
ks_i42_fin_pos_exp_q_hist,index,na,1989-07-01,3.8350910834132312
ks_i42_fin_pos_exp_q_hist,index,na,1989-10-01,6.237424547283702
ks_i42_fin_pos_exp_q_hist,index,na,1990-01-01,1.1764705882352942
ks_i42_fin_pos_exp_q_hist,index,na,1990-04-01,-0.6066734074823054
ks_i42_fin_pos_exp_q_hist,index,na,1990-07-01,2.9116465863453818
ks_i42_fin_pos_exp_q_hist,index,na,1990-10-01,-17.91497975708502
ks_i42_fin_pos_exp_q_hist,index,na,1991-01-01,-19.21951219512195
ks_i42_fin_pos_exp_q_hist,index,na,1991-04-01,-7.6286764705882355
ks_i42_fin_pos_exp_q_hist,index,na,1991-07-01,-11.527377521613833
ks_i42_fin_pos_exp_q_hist,index,na,1991-10-01,-18.7378640776699
ks_i42_fin_pos_exp_q_hist,index,na,1992-01-01,-21.129326047358834
ks_i42_fin_pos_exp_q_hist,index,na,1992-04-01,-14.891611687087652
ks_i42_fin_pos_exp_q_hist,index,na,1992-07-01,-20.633397312859884
ks_i42_fin_pos_exp_q_hist,index,na,1992-10-01,-19.23444976076555
ks_i42_fin_pos_exp_q_hist,index,na,1993-01-01,-20.833333333333336
ks_i42_fin_pos_exp_q_hist,index,na,1993-04-01,-9.742120343839542
ks_i42_fin_pos_exp_q_hist,index,na,1993-07-01,-12.088974854932303
ks_i42_fin_pos_exp_q_hist,index,na,1993-10-01,-8.04162724692526
ks_i42_fin_pos_exp_q_hist,index,na,1994-01-01,-7.421503330161751
ks_i42_fin_pos_exp_q_hist,index,na,1994-04-01,-5.780346820809249
ks_i42_fin_pos_exp_q_hist,index,na,1994-07-01,-7.7798861480075905
ks_i42_fin_pos_exp_q_hist,index,na,1994-10-01,-13.022351797862003
ks_i42_fin_pos_exp_q_hist,index,na,1995-01-01,-24.832214765100673
ks_i42_fin_pos_exp_q_hist,index,na,1995-04-01,-8.256029684601113
ks_i42_fin_pos_exp_q_hist,index,na,1995-07-01,-8.695652173913043
ks_i42_fin_pos_exp_q_hist,index,na,1995-10-01,-6.6231343283582085
ks_i42_fin_pos_exp_q_hist,index,na,1996-01-01,-14.222222222222221
ks_i42_fin_pos_exp_q_hist,index,na,1996-04-01,-11.516155758077879
ks_i42_fin_pos_exp_q_hist,index,na,1996-07-01,-13.20754716981132
ks_i42_fin_pos_exp_q_hist,index,na,1996-10-01,-10.37117903930131
ks_i42_fin_pos_exp_q_hist,index,na,1997-01-01,-1.0626992561105209
ks_i42_fin_pos_exp_q_hist,index,na,1997-04-01,-2.1482277121374866
ks_i42_fin_pos_exp_q_hist,index,na,1997-07-01,5.319148936170213
ks_i42_fin_pos_exp_q_hist,index,na,1997-10-01,0.7766990291262136
ks_i42_fin_pos_exp_q_hist,index,na,1998-01-01,9.239653512993263
ks_i42_fin_pos_exp_q_hist,index,na,1998-04-01,5.170731707317073
ks_i42_fin_pos_exp_q_hist,index,na,1998-07-01,3.992210321324245
ks_i42_fin_pos_exp_q_hist,index,na,1998-10-01,8.349705304518663
ks_i42_fin_pos_exp_q_hist,index,na,1999-01-01,8.527131782945736
ks_i42_fin_pos_exp_q_hist,index,na,1999-04-01,4.527938342967245
ks_i42_fin_pos_exp_q_hist,index,na,1999-07-01,11.22942884801549
ks_i42_fin_pos_exp_q_hist,index,na,1999-10-01,8.88888888888889
ks_i42_fin_pos_exp_q_hist,index,na,2000-01-01,16.06969990319458
ks_i42_fin_pos_exp_q_hist,index,na,2000-04-01,13.877952755905513
ks_i42_fin_pos_exp_q_hist,index,na,2000-07-01,10.628019323671497
ks_i42_fin_pos_exp_q_hist,index,na,2000-10-01,10.53639846743295
ks_i42_fin_pos_exp_q_hist,index,na,2001-01-01,17.675312199807877
ks_i42_fin_pos_exp_q_hist,index,na,2001-04-01,18.6952288218111
ks_i42_fin_pos_exp_q_hist,index,na,2001-07-01,11.43141153081511
ks_i42_fin_pos_exp_q_hist,index,na,2001-10-01,3.0303030303030303
ks_i42_fin_pos_exp_q_hist,index,na,2002-01-01,14.327772325809619
ks_i42_fin_pos_exp_q_hist,index,na,2002-04-01,8.476190476190476
ks_i42_fin_pos_exp_q_hist,index,na,2002-07-01,6.370656370656371
ks_i42_fin_pos_exp_q_hist,index,na,2002-10-01,2.9665071770334928
ks_i42_fin_pos_exp_q_hist,index,na,2003-01-01,7.996146435452794
ks_i42_fin_pos_exp_q_hist,index,na,2003-04-01,3.3653846153846154
ks_i42_fin_pos_exp_q_hist,index,na,2003-07-01,2.3300970873786406
ks_i42_fin_pos_exp_q_hist,index,na,2003-10-01,-1.348747591522158
ks_i42_fin_pos_exp_q_hist,index,na,2004-01-01,6.4638783269961975
ks_i42_fin_pos_exp_q_hist,index,na,2004-04-01,5.162523900573614
ks_i42_fin_pos_exp_q_hist,index,na,2004-07-01,2.1904761904761907
ks_i42_fin_pos_exp_q_hist,index,na,2004-10-01,3.5271687321258343
ks_i42_fin_pos_exp_q_hist,index,na,2005-01-01,8.022388059701493
ks_i42_fin_pos_exp_q_hist,index,na,2005-04-01,5.10879848628193
ks_i42_fin_pos_exp_q_hist,index,na,2005-07-01,1.9961977186311788
ks_i42_fin_pos_exp_q_hist,index,na,2005-10-01,2.835538752362949
ks_i42_fin_pos_exp_q_hist,index,na,2006-01-01,7.428571428571429
ks_i42_fin_pos_exp_q_hist,index,na,2006-04-01,6.844106463878327
ks_i42_fin_pos_exp_q_hist,index,na,2006-07-01,9.59843290891283
ks_i42_fin_pos_exp_q_hist,index,na,2006-10-01,4.640151515151516
ks_i42_fin_pos_exp_q_hist,index,na,2007-01-01,8.229665071770336
ks_i42_fin_pos_exp_q_hist,index,na,2007-04-01,10.974456007568591
ks_i42_fin_pos_exp_q_hist,index,na,2007-07-01,4.823747680890538
ks_i42_fin_pos_exp_q_hist,index,na,2007-10-01,11.538461538461538
ks_i42_fin_pos_exp_q_hist,index,na,2008-01-01,7.15648854961832
ks_i42_fin_pos_exp_q_hist,index,na,2008-04-01,7.2312083729781165
ks_i42_fin_pos_exp_q_hist,index,na,2008-07-01,-9.211775878442545
ks_i42_fin_pos_exp_q_hist,index,na,2008-10-01,-8.97803247373448
ks_i42_fin_pos_exp_q_hist,index,na,2009-01-01,2.7158098933074686
ks_i42_fin_pos_exp_q_hist,index,na,2009-04-01,-5.821596244131456
ks_i42_fin_pos_exp_q_hist,index,na,2009-07-01,-9.09952606635071
ks_i42_fin_pos_exp_q_hist,index,na,2009-10-01,0.3798670465337132
ks_i42_fin_pos_exp_q_hist,index,na,2010-01-01,5.921052631578947
ks_i42_fin_pos_exp_q_hist,index,na,2010-04-01,7.466918714555766
ks_i42_fin_pos_exp_q_hist,index,na,2010-07-01,9.563602599814299
ks_i42_fin_pos_exp_q_hist,index,na,2010-10-01,2.5998142989786444
ks_i42_fin_pos_exp_q_hist,index,na,2011-01-01,6.043437204910293
ks_i42_fin_pos_exp_q_hist,index,na,2011-04-01,5.8765915768854065
ks_i42_fin_pos_exp_q_hist,index,na,2011-07-01,-1.6052880075542966
ks_i42_fin_pos_exp_q_hist,index,na,2011-10-01,-3.041825095057034
ks_i42_fin_pos_exp_q_hist,index,na,2012-01-01,1.4814814814814816
ks_i42_fin_pos_exp_q_hist,index,na,2012-04-01,0
ks_i42_fin_pos_exp_q_hist,index,na,2012-07-01,-3.3636363636363638
ks_i42_fin_pos_exp_q_hist,index,na,2012-10-01,-2.35191637630662
ks_i42_fin_pos_exp_q_hist,index,na,2013-01-01,4.4142614601018675
ks_i42_fin_pos_exp_q_hist,index,na,2013-04-01,2.3722627737226274
ks_i42_fin_pos_exp_q_hist,index,na,2013-07-01,-0.7123775601068566
ks_i42_fin_pos_exp_q_hist,index,na,2013-10-01,-0.4524886877828055
ks_i42_fin_pos_exp_q_hist,index,na,2014-01-01,3.970223325062035
ks_i42_fin_pos_exp_q_hist,index,na,2014-04-01,0.8348794063079777
ks_i42_fin_pos_exp_q_hist,index,na,2014-07-01,-2.4007386888273317
ks_i42_fin_pos_exp_q_hist,index,na,2014-10-01,0.26019080659150046
ks_i42_fin_pos_exp_q_hist,index,na,2015-01-01,2.0389249304911954
ks_i42_fin_pos_exp_q_hist,index,na,2015-04-01,4.532304725168756
ks_i42_fin_pos_exp_q_hist,index,na,2015-07-01,-4.085801838610827
ks_i42_fin_pos_exp_q_hist,index,na,2015-10-01,-3.6654135338345863
ks_i42_fin_pos_exp_q_hist,index,na,2016-01-01,0.6751054852320675
ks_i42_fin_pos_exp_q_hist,index,na,2016-04-01,0.9082652134423252
ks_i42_fin_pos_exp_q_hist,index,na,2016-07-01,-2.0181634712411705
ks_i42_fin_pos_exp_q_hist,index,na,2016-10-01,-5.938697318007663
ks_i42_fin_pos_exp_q_hist,index,na,2017-01-01,-0.4191114836546521
ks_i42_fin_pos_exp_q_hist,index,na,2017-04-01,-2.7306967984934087
ks_i42_fin_pos_exp_q_hist,index,na,2017-07-01,-4.141501294219154
ks_i42_fin_pos_exp_q_hist,index,na,2017-10-01,-6.0109289617486334
ks_i42_fin_pos_exp_q_hist,index,na,2018-01-01,-1.7796030116358659
ks_i42_fin_pos_exp_q_hist,index,na,2018-04-01,-0.3352891869237217
ks_i42_fin_pos_exp_q_hist,index,na,2018-07-01,-5.233644859813085
ks_i42_fin_pos_exp_q_hist,index,na,2018-10-01,-4.032258064516129
ks_i42_fin_pos_exp_q_hist,index,na,2019-01-01,-1.0920436817472698
ks_i42_fin_pos_exp_q_hist,index,na,2019-04-01,-4.664031620553359
ks_i42_fin_pos_exp_q_hist,index,na,2019-07-01,-9.83739837398374
ks_i42_fin_pos_exp_q_hist,index,na,2019-10-01,-4.501607717041801
ks_i42_fin_pos_exp_q_hist,index,na,2020-01-01,-5.8229813664596275
ks_i42_fin_pos_exp_q_hist,index,na,2020-04-01,-22.079314040728832
ks_i42_fin_pos_exp_q_hist,index,na,2020-07-01,-6.125461254612547
ks_i42_fin_pos_exp_q_hist,index,na,2020-10-01,-8.26086956521739
ks_i42_fin_pos_exp_q_hist,index,na,2021-01-01,-5.227882037533512
ks_i42_fin_pos_exp_q_hist,index,na,2021-04-01,-4.818325434439179
ks_i42_fin_pos_exp_q_hist,index,na,2021-07-01,1.2779552715654952
ks_i42_fin_pos_exp_q_hist,index,na,2021-10-01,-2.3430962343096233
ks_i42_fin_pos_exp_q_hist,index,na,2022-01-01,-1.4892032762472078
ks_i42_fin_pos_exp_q_hist,index,na,2022-04-01,-23.793677204658902
ks_i42_fin_pos_exp_q_hist,index,na,2022-07-01,-36.11556982343499
ks_i42_fin_pos_exp_q_hist,index,na,2022-10-01,-48.5040797824116
ks_i42_fin_pos_exp_q_hist,index,na,2023-01-01,-23.083197389885807
ks_i42_fin_pos_exp_q_hist,index,na,2023-04-01,-22.338403041825096
ks_i42_fin_pos_exp_q_hist,index,na,2023-07-01,-26.2448132780083
ks_i42_fin_pos_exp_q_hist,index,na,2023-10-01,-39.3796992481203
ks_i51_save_q_hist,index,na,1972-10-01,42.10526315789473
ks_i51_save_q_hist,index,na,1973-01-01,45.45454545454545
ks_i51_save_q_hist,index,na,1973-04-01,47.48490945674044
ks_i51_save_q_hist,index,na,1973-07-01,46.76258992805755
ks_i51_save_q_hist,index,na,1973-10-01,44.22018348623853
ks_i51_save_q_hist,index,na,1974-01-01,38.54961832061068
ks_i51_save_q_hist,index,na,1974-04-01,43.58974358974359
ks_i51_save_q_hist,index,na,1974-07-01,42.54859611231102
ks_i51_save_q_hist,index,na,1974-10-01,34.54106280193236
ks_i51_save_q_hist,index,na,1975-01-01,41.49377593360996
ks_i51_save_q_hist,index,na,1975-04-01,45.47677261613692
ks_i51_save_q_hist,index,na,1975-07-01,34.60674157303371
ks_i51_save_q_hist,index,na,1975-10-01,36.007462686567166
ks_i51_save_q_hist,index,na,1976-01-01,37.95066413662239
ks_i51_save_q_hist,index,na,1976-04-01,36.45418326693227
ks_i51_save_q_hist,index,na,1976-07-01,31.56779661016949
ks_i51_save_q_hist,index,na,1976-10-01,39.492753623188406
ks_i51_save_q_hist,index,na,1977-01-01,39.20454545454545
ks_i51_save_q_hist,index,na,1977-04-01,37.22222222222222
ks_i51_save_q_hist,index,na,1977-07-01,32.0785597381342
ks_i51_save_q_hist,index,na,1977-10-01,28.834355828220858
ks_i51_save_q_hist,index,na,1978-01-01,38.297872340425535
ks_i51_save_q_hist,index,na,1978-04-01,38.18565400843882
ks_i51_save_q_hist,index,na,1978-07-01,42.56619144602851
ks_i51_save_q_hist,index,na,1978-10-01,35.528942115768466
ks_i51_save_q_hist,index,na,1979-01-01,37.82178217821782
ks_i51_save_q_hist,index,na,1979-04-01,43.541666666666664
ks_i51_save_q_hist,index,na,1979-07-01,36.53444676409186
ks_i51_save_q_hist,index,na,1979-10-01,48.902195608782435
ks_i51_save_q_hist,index,na,1980-01-01,53.26409495548962
ks_i51_save_q_hist,index,na,1980-04-01,49.18276374442793
ks_i51_save_q_hist,index,na,1980-07-01,46.22222222222222
ks_i51_save_q_hist,index,na,1980-10-01,44.57831325301205
ks_i51_save_q_hist,index,na,1981-01-01,44.97607655502392
ks_i51_save_q_hist,index,na,1981-04-01,38.24336688014638
ks_i51_save_q_hist,index,na,1981-07-01,36.16412213740458
ks_i51_save_q_hist,index,na,1981-10-01,38.721804511278194
ks_i51_save_q_hist,index,na,1982-01-01,41.248817407757805
ks_i51_save_q_hist,index,na,1982-04-01,43.40866290018832
ks_i51_save_q_hist,index,na,1982-07-01,43.08263695450325
ks_i51_save_q_hist,index,na,1982-10-01,39.92431409649952
ks_i51_save_q_hist,index,na,1983-01-01,36.048689138576776
ks_i51_save_q_hist,index,na,1983-04-01,41.67450611476952
ks_i51_save_q_hist,index,na,1983-07-01,42.080599812558575
ks_i51_save_q_hist,index,na,1983-10-01,40.97744360902256
ks_i51_save_q_hist,index,na,1984-01-01,49.80769230769231
ks_i51_save_q_hist,index,na,1984-04-01,42.18455743879473
ks_i51_save_q_hist,index,na,1984-07-01,42.87081339712919
ks_i51_save_q_hist,index,na,1984-10-01,40.63670411985019
ks_i51_save_q_hist,index,na,1985-01-01,47.76119402985074
ks_i51_save_q_hist,index,na,1985-04-01,45.93572778827977
ks_i51_save_q_hist,index,na,1985-07-01,39.049394221808015
ks_i51_save_q_hist,index,na,1985-10-01,42.735849056603776
ks_i51_save_q_hist,index,na,1986-01-01,50.941619585687384
ks_i51_save_q_hist,index,na,1986-04-01,46.264367816091955
ks_i51_save_q_hist,index,na,1986-07-01,35.902255639097746
ks_i51_save_q_hist,index,na,1986-10-01,43.03086997193639
ks_i51_save_q_hist,index,na,1987-01-01,51.053639846743295
ks_i51_save_q_hist,index,na,1987-04-01,44.68485418626529
ks_i51_save_q_hist,index,na,1987-07-01,43.631178707224336
ks_i51_save_q_hist,index,na,1987-10-01,43.01780693533271
ks_i51_save_q_hist,index,na,1988-01-01,48.75478927203065
ks_i51_save_q_hist,index,na,1988-04-01,43.43629343629344
ks_i51_save_q_hist,index,na,1988-07-01,45.046728971962615
ks_i51_save_q_hist,index,na,1988-10-01,48.92578125
ks_i51_save_q_hist,index,na,1989-01-01,53.12199807877042
ks_i51_save_q_hist,index,na,1989-04-01,46.985645933014354
ks_i51_save_q_hist,index,na,1989-07-01,41.17647058823529
ks_i51_save_q_hist,index,na,1989-10-01,41.89054726368159
ks_i51_save_q_hist,index,na,1990-01-01,46.775745909528396
ks_i51_save_q_hist,index,na,1990-04-01,36.78391959798995
ks_i51_save_q_hist,index,na,1990-07-01,42.03323558162268
ks_i51_save_q_hist,index,na,1990-10-01,29.422894985808895
ks_i51_save_q_hist,index,na,1991-01-01,35.693501454898154
ks_i51_save_q_hist,index,na,1991-04-01,36.08815426997245
ks_i51_save_q_hist,index,na,1991-07-01,41.60377358490566
ks_i51_save_q_hist,index,na,1991-10-01,37.19165085388994
ks_i51_save_q_hist,index,na,1992-01-01,46.49042844120328
ks_i51_save_q_hist,index,na,1992-04-01,31.45756457564576
ks_i51_save_q_hist,index,na,1992-07-01,40.056550424128176
ks_i51_save_q_hist,index,na,1992-10-01,42.22846441947566
ks_i51_save_q_hist,index,na,1993-01-01,42.33644859813084
ks_i51_save_q_hist,index,na,1993-04-01,33.64750235626767
ks_i51_save_q_hist,index,na,1993-07-01,34.25837320574163
ks_i51_save_q_hist,index,na,1993-10-01,37.36059479553903
ks_i51_save_q_hist,index,na,1994-01-01,45.308056872037916
ks_i51_save_q_hist,index,na,1994-04-01,40.63400576368876
ks_i51_save_q_hist,index,na,1994-07-01,46.523016650342804
ks_i51_save_q_hist,index,na,1994-10-01,47.93467819404419
ks_i51_save_q_hist,index,na,1995-01-01,45.87332053742802
ks_i51_save_q_hist,index,na,1995-04-01,39.12231559290383
ks_i51_save_q_hist,index,na,1995-07-01,38.221381267738884
ks_i51_save_q_hist,index,na,1995-10-01,35.78847969782814
ks_i51_save_q_hist,index,na,1996-01-01,39.416058394160586
ks_i51_save_q_hist,index,na,1996-04-01,29.925803792250615
ks_i51_save_q_hist,index,na,1996-07-01,29.111531190926275
ks_i51_save_q_hist,index,na,1996-10-01,28.838174273858918
ks_i51_save_q_hist,index,na,1997-01-01,35.372069317023445
ks_i51_save_q_hist,index,na,1997-04-01,31.747673216132366
ks_i51_save_q_hist,index,na,1997-07-01,33.78238341968912
ks_i51_save_q_hist,index,na,1997-10-01,33.11506080449018
ks_i51_save_q_hist,index,na,1998-01-01,42.722117202268436
ks_i51_save_q_hist,index,na,1998-04-01,36.61971830985916
ks_i51_save_q_hist,index,na,1998-07-01,38.285714285714285
ks_i51_save_q_hist,index,na,1998-10-01,43.333333333333336
ks_i51_save_q_hist,index,na,1999-01-01,49.476688867745004
ks_i51_save_q_hist,index,na,1999-04-01,50.750469043151966
ks_i51_save_q_hist,index,na,1999-07-01,44.73438956197577
ks_i51_save_q_hist,index,na,1999-10-01,47.11992445703494
ks_i51_save_q_hist,index,na,2000-01-01,48.60710854947166
ks_i51_save_q_hist,index,na,2000-04-01,48.582230623818525
ks_i51_save_q_hist,index,na,2000-07-01,42.25621414913958
ks_i51_save_q_hist,index,na,2000-10-01,36.37226970560304
ks_i51_save_q_hist,index,na,2001-01-01,49.905123339658445
ks_i51_save_q_hist,index,na,2001-04-01,47.879359095193216
ks_i51_save_q_hist,index,na,2001-07-01,47.175141242937855
ks_i51_save_q_hist,index,na,2001-10-01,45.904761904761905
ks_i51_save_q_hist,index,na,2002-01-01,52.804642166344294
ks_i51_save_q_hist,index,na,2002-04-01,47.198480531813864
ks_i51_save_q_hist,index,na,2002-07-01,39.943609022556394
ks_i51_save_q_hist,index,na,2002-10-01,37.652582159624416
ks_i51_save_q_hist,index,na,2003-01-01,44.37022900763359
ks_i51_save_q_hist,index,na,2003-04-01,37.91157102539981
ks_i51_save_q_hist,index,na,2003-07-01,47.98850574712644
ks_i51_save_q_hist,index,na,2003-10-01,37.858508604206506
ks_i51_save_q_hist,index,na,2004-01-01,38.67298578199052
ks_i51_save_q_hist,index,na,2004-04-01,37.4412041392286
ks_i51_save_q_hist,index,na,2004-07-01,32.20973782771536
ks_i51_save_q_hist,index,na,2004-10-01,45.27595884003742
ks_i51_save_q_hist,index,na,2005-01-01,46.87791239515378
ks_i51_save_q_hist,index,na,2005-04-01,43.21796071094481
ks_i51_save_q_hist,index,na,2005-07-01,38.51921274601687
ks_i51_save_q_hist,index,na,2005-10-01,47.33395696913003
ks_i51_save_q_hist,index,na,2006-01-01,47.78510838831291
ks_i51_save_q_hist,index,na,2006-04-01,41.29213483146067
ks_i51_save_q_hist,index,na,2006-07-01,40.37914691943128
ks_i51_save_q_hist,index,na,2006-10-01,39.647168059424324
ks_i51_save_q_hist,index,na,2007-01-01,41.94156456173421
ks_i51_save_q_hist,index,na,2007-04-01,43.9622641509434
ks_i51_save_q_hist,index,na,2007-07-01,34.9862258953168
ks_i51_save_q_hist,index,na,2007-10-01,45.73283858998145
ks_i51_save_q_hist,index,na,2008-01-01,46.64804469273743
ks_i51_save_q_hist,index,na,2008-04-01,50.18832391713748
ks_i51_save_q_hist,index,na,2008-07-01,43.11152764761012
ks_i51_save_q_hist,index,na,2008-10-01,36.98501872659176
ks_i51_save_q_hist,index,na,2009-01-01,40.373831775700936
ks_i51_save_q_hist,index,na,2009-04-01,35.845588235294116
ks_i51_save_q_hist,index,na,2009-07-01,37.47680890538033
ks_i51_save_q_hist,index,na,2009-10-01,35.12014787430684
ks_i51_save_q_hist,index,na,2010-01-01,37.755102040816325
ks_i51_save_q_hist,index,na,2010-04-01,34.84708063021316
ks_i51_save_q_hist,index,na,2010-07-01,43.39449541284404
ks_i51_save_q_hist,index,na,2010-10-01,37.02677746999077
ks_i51_save_q_hist,index,na,2011-01-01,43.20297951582867
ks_i51_save_q_hist,index,na,2011-04-01,24.48210922787194
ks_i51_save_q_hist,index,na,2011-07-01,38.940520446096656
ks_i51_save_q_hist,index,na,2011-10-01,40.823970037453186
ks_i51_save_q_hist,index,na,2012-01-01,41.34438305709024
ks_i51_save_q_hist,index,na,2012-04-01,40.81803005008347
ks_i51_save_q_hist,index,na,2012-07-01,40.16100178890877
ks_i51_save_q_hist,index,na,2012-10-01,48.148148148148145
ks_i51_save_q_hist,index,na,2013-01-01,50
ks_i51_save_q_hist,index,na,2013-04-01,40.67333939945405
ks_i51_save_q_hist,index,na,2013-07-01,45.47069271758437
ks_i51_save_q_hist,index,na,2013-10-01,41.4721723518851
ks_i51_save_q_hist,index,na,2014-01-01,46.90849134377576
ks_i51_save_q_hist,index,na,2014-04-01,43.61799816345271
ks_i51_save_q_hist,index,na,2014-07-01,46.07664233576642
ks_i51_save_q_hist,index,na,2014-10-01,40.363007778738115
ks_i51_save_q_hist,index,na,2015-01-01,49.351851851851855
ks_i51_save_q_hist,index,na,2015-04-01,45.00484966052377
ks_i51_save_q_hist,index,na,2015-07-01,40.08138351983723
ks_i51_save_q_hist,index,na,2015-10-01,45.51401869158879
ks_i51_save_q_hist,index,na,2016-01-01,45.784148397976395
ks_i51_save_q_hist,index,na,2016-04-01,44.52488687782805
ks_i51_save_q_hist,index,na,2016-07-01,36.967294350842415
ks_i51_save_q_hist,index,na,2016-10-01,42.47871333964049
ks_i51_save_q_hist,index,na,2017-01-01,40.619765494137354
ks_i51_save_q_hist,index,na,2017-04-01,42.70833333333333
ks_i51_save_q_hist,index,na,2017-07-01,46.545768566493955
ks_i51_save_q_hist,index,na,2017-10-01,42.45454545454545
ks_i51_save_q_hist,index,na,2018-01-01,37.55129958960328
ks_i51_save_q_hist,index,na,2018-04-01,40.35234899328859
ks_i51_save_q_hist,index,na,2018-07-01,37.86316776007498
ks_i51_save_q_hist,index,na,2018-10-01,35.465587044534416
ks_i51_save_q_hist,index,na,2019-01-01,40.25157232704403
ks_i51_save_q_hist,index,na,2019-04-01,38.52263701350278
ks_i51_save_q_hist,index,na,2019-07-01,33.36032388663968
ks_i51_save_q_hist,index,na,2019-10-01,33.467417538214
ks_i51_save_q_hist,index,na,2020-01-01,43.862392494136046
ks_i51_save_q_hist,index,na,2020-04-01,34.311632870864464
ks_i51_save_q_hist,index,na,2020-07-01,42.014925373134325
ks_i51_save_q_hist,index,na,2020-10-01,42.19653179190752
ks_i51_save_q_hist,index,na,2021-01-01,45.95141700404859
ks_i51_save_q_hist,index,na,2021-04-01,40.363349131121645
ks_i51_save_q_hist,index,na,2021-07-01,41.88102893890675
ks_i51_save_q_hist,index,na,2021-10-01,37.18801996672213
ks_i51_save_q_hist,index,na,2022-01-01,46.17691154422789
ks_i51_save_q_hist,index,na,2022-04-01,35.738255033557046
ks_i51_save_q_hist,index,na,2022-07-01,30.339805825242717
ks_i51_save_q_hist,index,na,2022-10-01,27.93851717902351
ks_i51_save_q_hist,index,na,2023-01-01,39.27986906710311
ks_i51_save_q_hist,index,na,2023-04-01,43.56530028598665
ks_i51_save_q_hist,index,na,2023-07-01,40.02068252326784
ks_i51_save_q_hist,index,na,2023-10-01,30.77651515151515
ks_i52_spend_q_hist,index,na,1972-10-01,30.32581453634085
ks_i52_spend_q_hist,index,na,1973-01-01,6.801007556675064
ks_i52_spend_q_hist,index,na,1973-04-01,18.181818181818183
ks_i52_spend_q_hist,index,na,1973-07-01,19.363395225464192
ks_i52_spend_q_hist,index,na,1973-10-01,11.500974658869396
ks_i52_spend_q_hist,index,na,1974-01-01,-2.2916666666666665
ks_i52_spend_q_hist,index,na,1974-04-01,4.504504504504505
ks_i52_spend_q_hist,index,na,1974-07-01,2.3640661938534278
ks_i52_spend_q_hist,index,na,1974-10-01,-11.479591836734695
ks_i52_spend_q_hist,index,na,1975-01-01,-36.607142857142854
ks_i52_spend_q_hist,index,na,1975-04-01,-24.937027707808564
ks_i52_spend_q_hist,index,na,1975-07-01,-37.5
ks_i52_spend_q_hist,index,na,1975-10-01,-19.144602851323828
ks_i52_spend_q_hist,index,na,1976-01-01,-18.789144050104383
ks_i52_spend_q_hist,index,na,1976-04-01,-3.1779661016949152
ks_i52_spend_q_hist,index,na,1976-07-01,6.557377049180328
ks_i52_spend_q_hist,index,na,1976-10-01,1.8036072144288577
ks_i52_spend_q_hist,index,na,1977-01-01,-8.624229979466119
ks_i52_spend_q_hist,index,na,1977-04-01,13.742071881606766
ks_i52_spend_q_hist,index,na,1977-07-01,4.900181488203267
ks_i52_spend_q_hist,index,na,1977-10-01,5.023923444976076
ks_i52_spend_q_hist,index,na,1978-01-01,12.678936605316974
ks_i52_spend_q_hist,index,na,1978-04-01,13.063063063063062
ks_i52_spend_q_hist,index,na,1978-07-01,10.623556581986143
ks_i52_spend_q_hist,index,na,1978-10-01,9.641255605381167
ks_i52_spend_q_hist,index,na,1979-01-01,11.26126126126126
ks_i52_spend_q_hist,index,na,1979-04-01,15.186915887850466
ks_i52_spend_q_hist,index,na,1979-07-01,0.4889975550122249
ks_i52_spend_q_hist,index,na,1979-10-01,4.329004329004329
ks_i52_spend_q_hist,index,na,1980-01-01,1.1627906976744187
ks_i52_spend_q_hist,index,na,1980-04-01,1.6051364365971106
ks_i52_spend_q_hist,index,na,1980-07-01,-5.892255892255893
ks_i52_spend_q_hist,index,na,1980-10-01,0.4830917874396135
ks_i52_spend_q_hist,index,na,1981-01-01,3.7353255069370332
ks_i52_spend_q_hist,index,na,1981-04-01,-4.825462012320329
ks_i52_spend_q_hist,index,na,1981-07-01,-6.594594594594596
ks_i52_spend_q_hist,index,na,1981-10-01,-15.492957746478872
ks_i52_spend_q_hist,index,na,1982-01-01,-10.71071071071071
ks_i52_spend_q_hist,index,na,1982-04-01,-17.846153846153847
ks_i52_spend_q_hist,index,na,1982-07-01,-15.24390243902439
ks_i52_spend_q_hist,index,na,1982-10-01,-16.802443991853362
ks_i52_spend_q_hist,index,na,1983-01-01,-21.816386969397826
ks_i52_spend_q_hist,index,na,1983-04-01,-6.268958543983821
ks_i52_spend_q_hist,index,na,1983-07-01,-5.045408678102927
ks_i52_spend_q_hist,index,na,1983-10-01,-13.260219341974079
ks_i52_spend_q_hist,index,na,1984-01-01,-3.242147922998987
ks_i52_spend_q_hist,index,na,1984-04-01,-6.374501992031872
ks_i52_spend_q_hist,index,na,1984-07-01,-4.356636271529888
ks_i52_spend_q_hist,index,na,1984-10-01,-7.804878048780488
ks_i52_spend_q_hist,index,na,1985-01-01,4.028197381671702
ks_i52_spend_q_hist,index,na,1985-04-01,0
ks_i52_spend_q_hist,index,na,1985-07-01,-3.137651821862348
ks_i52_spend_q_hist,index,na,1985-10-01,5.594405594405594
ks_i52_spend_q_hist,index,na,1986-01-01,7.933398628795299
ks_i52_spend_q_hist,index,na,1986-04-01,10.953346855983773
ks_i52_spend_q_hist,index,na,1986-07-01,2.272727272727273
ks_i52_spend_q_hist,index,na,1986-10-01,6.494845360824743
ks_i52_spend_q_hist,index,na,1987-01-01,15.09433962264151
ks_i52_spend_q_hist,index,na,1987-04-01,9.58904109589041
ks_i52_spend_q_hist,index,na,1987-07-01,5.330490405117271
ks_i52_spend_q_hist,index,na,1987-10-01,-3.2355915065722956
ks_i52_spend_q_hist,index,na,1988-01-01,6.274900398406374
ks_i52_spend_q_hist,index,na,1988-04-01,4.964539007092199
ks_i52_spend_q_hist,index,na,1988-07-01,4.154302670623145
ks_i52_spend_q_hist,index,na,1988-10-01,5.386178861788618
ks_i52_spend_q_hist,index,na,1989-01-01,19.331983805668017
ks_i52_spend_q_hist,index,na,1989-04-01,12.124248496993987
ks_i52_spend_q_hist,index,na,1989-07-01,-2.357563850687623
ks_i52_spend_q_hist,index,na,1989-10-01,-2.070393374741201
ks_i52_spend_q_hist,index,na,1990-01-01,-2.968270214943705
ks_i52_spend_q_hist,index,na,1990-04-01,-14.857744994731295
ks_i52_spend_q_hist,index,na,1990-07-01,-8.44017094017094
ks_i52_spend_q_hist,index,na,1990-10-01,-23.380566801619434
ks_i52_spend_q_hist,index,na,1991-01-01,-28.57142857142857
ks_i52_spend_q_hist,index,na,1991-04-01,-18.25242718446602
ks_i52_spend_q_hist,index,na,1991-07-01,-24.214792299898683
ks_i52_spend_q_hist,index,na,1991-10-01,-31.845238095238095
ks_i52_spend_q_hist,index,na,1992-01-01,-28.912213740458014
ks_i52_spend_q_hist,index,na,1992-04-01,-31.53241650294695
ks_i52_spend_q_hist,index,na,1992-07-01,-31.868131868131865
ks_i52_spend_q_hist,index,na,1992-10-01,-31.349206349206348
ks_i52_spend_q_hist,index,na,1993-01-01,-24.82893450635386
ks_i52_spend_q_hist,index,na,1993-04-01,-26.607319485657765
ks_i52_spend_q_hist,index,na,1993-07-01,-27.345309381237527
ks_i52_spend_q_hist,index,na,1993-10-01,-17.296222664015904
ks_i52_spend_q_hist,index,na,1994-01-01,-7.947686116700201
ks_i52_spend_q_hist,index,na,1994-04-01,-5.990338164251208
ks_i52_spend_q_hist,index,na,1994-07-01,-3.64333652924257
ks_i52_spend_q_hist,index,na,1994-10-01,-0.5893909626719057
ks_i52_spend_q_hist,index,na,1995-01-01,-23.47235693501455
ks_i52_spend_q_hist,index,na,1995-04-01,-15.942028985507244
ks_i52_spend_q_hist,index,na,1995-07-01,-10.124164278892072
ks_i52_spend_q_hist,index,na,1995-10-01,-10.209923664122138
ks_i52_spend_q_hist,index,na,1996-01-01,-8.98366606170599
ks_i52_spend_q_hist,index,na,1996-04-01,-15.829145728643216
ks_i52_spend_q_hist,index,na,1996-07-01,-16.96014828544949
ks_i52_spend_q_hist,index,na,1996-10-01,-10.223642172523961
ks_i52_spend_q_hist,index,na,1997-01-01,-11.08764519535375
ks_i52_spend_q_hist,index,na,1997-04-01,-15.17386722866175
ks_i52_spend_q_hist,index,na,1997-07-01,-9.850107066381156
ks_i52_spend_q_hist,index,na,1997-10-01,-13.185755534167468
ks_i52_spend_q_hist,index,na,1998-01-01,-11.434108527131782
ks_i52_spend_q_hist,index,na,1998-04-01,-2.357563850687623
ks_i52_spend_q_hist,index,na,1998-07-01,6.104651162790697
ks_i52_spend_q_hist,index,na,1998-10-01,5.841584158415842
ks_i52_spend_q_hist,index,na,1999-01-01,-0.40691759918616477
ks_i52_spend_q_hist,index,na,1999-04-01,4.3264503441494595
ks_i52_spend_q_hist,index,na,1999-07-01,-5.708661417322835
ks_i52_spend_q_hist,index,na,1999-10-01,-3.1746031746031744
ks_i52_spend_q_hist,index,na,2000-01-01,5.020080321285141
ks_i52_spend_q_hist,index,na,2000-04-01,-3.6999999999999997
ks_i52_spend_q_hist,index,na,2000-07-01,-6.8426197458455515
ks_i52_spend_q_hist,index,na,2000-10-01,-17.83625730994152
ks_i52_spend_q_hist,index,na,2001-01-01,-14.7117296222664
ks_i52_spend_q_hist,index,na,2001-04-01,-9.821428571428571
ks_i52_spend_q_hist,index,na,2001-07-01,-13.569321533923304
ks_i52_spend_q_hist,index,na,2001-10-01,-23.107177974434613
ks_i52_spend_q_hist,index,na,2002-01-01,-13.582677165354331
ks_i52_spend_q_hist,index,na,2002-04-01,-16.45320197044335
ks_i52_spend_q_hist,index,na,2002-07-01,-21.703853955375255
ks_i52_spend_q_hist,index,na,2002-10-01,-31.087584215591917
ks_i52_spend_q_hist,index,na,2003-01-01,-21.97483059051307
ks_i52_spend_q_hist,index,na,2003-04-01,-26.355851569933396
ks_i52_spend_q_hist,index,na,2003-07-01,-19.92300288739172
ks_i52_spend_q_hist,index,na,2003-10-01,-22.49269717624148
ks_i52_spend_q_hist,index,na,2004-01-01,-20.348837209302324
ks_i52_spend_q_hist,index,na,2004-04-01,-14.477468839884947
ks_i52_spend_q_hist,index,na,2004-07-01,-28.163653663177925
ks_i52_spend_q_hist,index,na,2004-10-01,-27.740705433746427
ks_i52_spend_q_hist,index,na,2005-01-01,-18.803418803418804
ks_i52_spend_q_hist,index,na,2005-04-01,-21.946564885496183
ks_i52_spend_q_hist,index,na,2005-07-01,-17.82273603082852
ks_i52_spend_q_hist,index,na,2005-10-01,-20.019065776930407
ks_i52_spend_q_hist,index,na,2006-01-01,-11.370262390670554
ks_i52_spend_q_hist,index,na,2006-04-01,-12.050534499514091
ks_i52_spend_q_hist,index,na,2006-07-01,-14.903846153846153
ks_i52_spend_q_hist,index,na,2006-10-01,-9.615384615384617
ks_i52_spend_q_hist,index,na,2007-01-01,-7.421875
ks_i52_spend_q_hist,index,na,2007-04-01,-14.258373205741625
ks_i52_spend_q_hist,index,na,2007-07-01,-16.666666666666664
ks_i52_spend_q_hist,index,na,2007-10-01,-15.148609779482264
ks_i52_spend_q_hist,index,na,2008-01-01,-6.43611911623439
ks_i52_spend_q_hist,index,na,2008-04-01,-4.532304725168756
ks_i52_spend_q_hist,index,na,2008-07-01,-23.246878001921228
ks_i52_spend_q_hist,index,na,2008-10-01,-24.588576960309776
ks_i52_spend_q_hist,index,na,2009-01-01,-1.7424975798644726
ks_i52_spend_q_hist,index,na,2009-04-01,-1.6409266409266408
ks_i52_spend_q_hist,index,na,2009-07-01,-0.3883495145631068
ks_i52_spend_q_hist,index,na,2009-10-01,-2.5763358778625953
ks_i52_spend_q_hist,index,na,2010-01-01,10.298363811357074
ks_i52_spend_q_hist,index,na,2010-04-01,-1.75609756097561
ks_i52_spend_q_hist,index,na,2010-07-01,1.2464046021093003
ks_i52_spend_q_hist,index,na,2010-10-01,2.8873917228103942
ks_i52_spend_q_hist,index,na,2011-01-01,6.048387096774194
ks_i52_spend_q_hist,index,na,2011-04-01,-1.097804391217565
ks_i52_spend_q_hist,index,na,2011-07-01,-2.066929133858268
ks_i52_spend_q_hist,index,na,2011-10-01,11.557296767874632
ks_i52_spend_q_hist,index,na,2012-01-01,16.184971098265898
ks_i52_spend_q_hist,index,na,2012-04-01,0.5190311418685121
ks_i52_spend_q_hist,index,na,2012-07-01,-1.5843429636533086
ks_i52_spend_q_hist,index,na,2012-10-01,-0.7894736842105263
ks_i52_spend_q_hist,index,na,2013-01-01,8.561643835616438
ks_i52_spend_q_hist,index,na,2013-04-01,4.925650557620818
ks_i52_spend_q_hist,index,na,2013-07-01,0.27297543221110104
ks_i52_spend_q_hist,index,na,2013-10-01,-4.887218045112782
ks_i52_spend_q_hist,index,na,2014-01-01,7.712082262210797
ks_i52_spend_q_hist,index,na,2014-04-01,1.1363636363636365
ks_i52_spend_q_hist,index,na,2014-07-01,8.387698042870456
ks_i52_spend_q_hist,index,na,2014-10-01,-1.232394366197183
ks_i52_spend_q_hist,index,na,2015-01-01,7.431796801505174
ks_i52_spend_q_hist,index,na,2015-04-01,15.445544554455445
ks_i52_spend_q_hist,index,na,2015-07-01,6.237006237006238
ks_i52_spend_q_hist,index,na,2015-10-01,-4.655674102812803
ks_i52_spend_q_hist,index,na,2016-01-01,2.9285099052540913
ks_i52_spend_q_hist,index,na,2016-04-01,0.8395522388059702
ks_i52_spend_q_hist,index,na,2016-07-01,-0.30895983522142123
ks_i52_spend_q_hist,index,na,2016-10-01,-2.4271844660194173
ks_i52_spend_q_hist,index,na,2017-01-01,3.540587219343696
ks_i52_spend_q_hist,index,na,2017-04-01,-5.625606207565471
ks_i52_spend_q_hist,index,na,2017-07-01,-3.8358608385370205
ks_i52_spend_q_hist,index,na,2017-10-01,-10.354477611940299
ks_i52_spend_q_hist,index,na,2018-01-01,-5.652477320307049
ks_i52_spend_q_hist,index,na,2018-04-01,-12.244897959183673
ks_i52_spend_q_hist,index,na,2018-07-01,-7.516650808753568
ks_i52_spend_q_hist,index,na,2018-10-01,-11.303630363036303
ks_i52_spend_q_hist,index,na,2019-01-01,-7.4399999999999995
ks_i52_spend_q_hist,index,na,2019-04-01,-10.76555023923445
ks_i52_spend_q_hist,index,na,2019-07-01,-11.230388109000826
ks_i52_spend_q_hist,index,na,2019-10-01,-11.532125205930807
ks_i52_spend_q_hist,index,na,2020-01-01,-4.368546465448769
ks_i52_spend_q_hist,index,na,2020-04-01,-48.233404710920766
ks_i52_spend_q_hist,index,na,2020-07-01,-17.98507462686567
ks_i52_spend_q_hist,index,na,2020-10-01,-18.932748538011694
ks_i52_spend_q_hist,index,na,2021-01-01,-16.01642710472279
ks_i52_spend_q_hist,index,na,2021-04-01,-13.046937151949084
ks_i52_spend_q_hist,index,na,2021-07-01,-12.704918032786885
ks_i52_spend_q_hist,index,na,2021-10-01,-21.62849872773537
ks_i52_spend_q_hist,index,na,2022-01-01,-19.683257918552037
ks_i52_spend_q_hist,index,na,2022-04-01,-31.914893617021278
ks_i52_spend_q_hist,index,na,2022-07-01,-43.45335515548282
ks_i52_spend_q_hist,index,na,2022-10-01,-45.8295142071494
ks_i52_spend_q_hist,index,na,2023-01-01,-36.73805601317957
ks_i52_spend_q_hist,index,na,2023-04-01,-34.98542274052478
ks_i52_spend_q_hist,index,na,2023-07-01,-38.62433862433862
ks_i52_spend_q_hist,index,na,2023-10-01,-37.142857142857146
ks_i53_save_exp_q_hist,index,na,2007-04-01,13.333333333333334
ks_i53_save_exp_q_hist,index,na,2007-07-01,9.057301293900185
ks_i53_save_exp_q_hist,index,na,2007-10-01,47.96747967479675
ks_i53_save_exp_q_hist,index,na,2008-01-01,31.970260223048324
ks_i53_save_exp_q_hist,index,na,2008-04-01,36.631779257849665
ks_i53_save_exp_q_hist,index,na,2008-07-01,19.886363636363637
ks_i53_save_exp_q_hist,index,na,2008-10-01,3.9660056657223794
ks_i53_save_exp_q_hist,index,na,2009-01-01,14.44976076555024
ks_i53_save_exp_q_hist,index,na,2009-04-01,4.0111940298507465
ks_i53_save_exp_q_hist,index,na,2009-07-01,1.6853932584269662
ks_i53_save_exp_q_hist,index,na,2009-10-01,13.002806361085126
ks_i53_save_exp_q_hist,index,na,2010-01-01,19.421101774042953
ks_i53_save_exp_q_hist,index,na,2010-04-01,14.853358561967834
ks_i53_save_exp_q_hist,index,na,2010-07-01,27.12962962962963
ks_i53_save_exp_q_hist,index,na,2010-10-01,24.150943396226417
ks_i53_save_exp_q_hist,index,na,2011-01-01,29.80132450331126
ks_i53_save_exp_q_hist,index,na,2011-04-01,-9.064039408866995
ks_i53_save_exp_q_hist,index,na,2011-07-01,8.85956644674835
ks_i53_save_exp_q_hist,index,na,2011-10-01,15.719696969696969
ks_i53_save_exp_q_hist,index,na,2012-01-01,21.502347417840376
ks_i53_save_exp_q_hist,index,na,2012-04-01,19.91561181434599
ks_i53_save_exp_q_hist,index,na,2012-07-01,15.217391304347828
ks_i53_save_exp_q_hist,index,na,2012-10-01,24.761904761904763
ks_i53_save_exp_q_hist,index,na,2013-01-01,34.123624047417444
ks_i53_save_exp_q_hist,index,na,2013-04-01,23.40036563071298
ks_i53_save_exp_q_hist,index,na,2013-07-01,25.889679715302492
ks_i53_save_exp_q_hist,index,na,2013-10-01,25.318761384335154
ks_i53_save_exp_q_hist,index,na,2014-01-01,25.041597337770384
ks_i53_save_exp_q_hist,index,na,2014-04-01,25.396825396825395
ks_i53_save_exp_q_hist,index,na,2014-07-01,28.479853479853478
ks_i53_save_exp_q_hist,index,na,2014-10-01,19.09328683522232
ks_i53_save_exp_q_hist,index,na,2015-01-01,37.96296296296296
ks_i53_save_exp_q_hist,index,na,2015-04-01,30.528375733855185
ks_i53_save_exp_q_hist,index,na,2015-07-01,18.369453044375643
ks_i53_save_exp_q_hist,index,na,2015-10-01,22.714420358152687
ks_i53_save_exp_q_hist,index,na,2016-01-01,28.111769686706182
ks_i53_save_exp_q_hist,index,na,2016-04-01,27.18181818181818
ks_i53_save_exp_q_hist,index,na,2016-07-01,20.25948103792415
ks_i53_save_exp_q_hist,index,na,2016-10-01,16.888045540796963
ks_i53_save_exp_q_hist,index,na,2017-01-01,21.40439932318105
ks_i53_save_exp_q_hist,index,na,2017-04-01,15.196998123827393
ks_i53_save_exp_q_hist,index,na,2017-07-01,16.883116883116884
ks_i53_save_exp_q_hist,index,na,2017-10-01,21.926605504587158
ks_i53_save_exp_q_hist,index,na,2018-01-01,15.923129718599863
ks_i53_save_exp_q_hist,index,na,2018-04-01,21.273031825795645
ks_i53_save_exp_q_hist,index,na,2018-07-01,5.555555555555555
ks_i53_save_exp_q_hist,index,na,2018-10-01,9.253246753246753
ks_i53_save_exp_q_hist,index,na,2019-01-01,21.254901960784313
ks_i53_save_exp_q_hist,index,na,2019-04-01,12.39147592738753
ks_i53_save_exp_q_hist,index,na,2019-07-01,7.755102040816326
ks_i53_save_exp_q_hist,index,na,2019-10-01,10.43338683788122
ks_i53_save_exp_q_hist,index,na,2020-01-01,16.081186572989854
ks_i53_save_exp_q_hist,index,na,2020-04-01,-0.42780748663101603
ks_i53_save_exp_q_hist,index,na,2020-07-01,17.716827279466273
ks_i53_save_exp_q_hist,index,na,2020-10-01,16.738816738816737
ks_i53_save_exp_q_hist,index,na,2021-01-01,17.17171717171717
ks_i53_save_exp_q_hist,index,na,2021-04-01,17.67036450079239
ks_i53_save_exp_q_hist,index,na,2021-07-01,17.296862429605792
ks_i53_save_exp_q_hist,index,na,2021-10-01,18.86001676445935
ks_i53_save_exp_q_hist,index,na,2022-01-01,21.846846846846844
ks_i53_save_exp_q_hist,index,na,2022-04-01,9.831932773109244
ks_i53_save_exp_q_hist,index,na,2022-07-01,4.92730210016155
ks_i53_save_exp_q_hist,index,na,2022-10-01,-2.917046490428441
ks_i53_save_exp_q_hist,index,na,2023-01-01,10.582444626743232
ks_i53_save_exp_q_hist,index,na,2023-04-01,10.256410256410255
ks_i53_save_exp_q_hist,index,na,2023-07-01,7.1800208116545265
ks_i53_save_exp_q_hist,index,na,2023-10-01,0.847457627118644
ks_i62_index_q_hist,index,na,1972-10-01,5.513414441230525
ks_i62_index_q_hist,index,na,1973-01-01,-5.908887611972672
ks_i62_index_q_hist,index,na,1973-04-01,-6.703001315864574
ks_i62_index_q_hist,index,na,1973-07-01,-8.128437045289859
ks_i62_index_q_hist,index,na,1973-10-01,-20.883614974531348
ks_i62_index_q_hist,index,na,1974-01-01,-18.38534188879885
ks_i62_index_q_hist,index,na,1974-04-01,-31.334275618860985
ks_i62_index_q_hist,index,na,1974-07-01,-27.447216958866548
ks_i62_index_q_hist,index,na,1974-10-01,-36.29640786230011
ks_i62_index_q_hist,index,na,1975-01-01,-34.69134477133222
ks_i62_index_q_hist,index,na,1975-04-01,-24.375625556300378
ks_i62_index_q_hist,index,na,1975-07-01,-20.528349086938675
ks_i62_index_q_hist,index,na,1975-10-01,-27.35883814342351
ks_i62_index_q_hist,index,na,1976-01-01,-27.402616369019917
ks_i62_index_q_hist,index,na,1976-04-01,4.096045255695254
ks_i62_index_q_hist,index,na,1976-07-01,13.551533615363915
ks_i62_index_q_hist,index,na,1976-10-01,2.635209262433115
ks_i62_index_q_hist,index,na,1977-01-01,-18.352767996049018
ks_i62_index_q_hist,index,na,1977-04-01,-1.2863614583523084
ks_i62_index_q_hist,index,na,1977-07-01,7.322181131374105
ks_i62_index_q_hist,index,na,1977-10-01,-0.7802267265768013
ks_i62_index_q_hist,index,na,1978-01-01,1.717459179922125
ks_i62_index_q_hist,index,na,1978-04-01,-0.6463801809655525
ks_i62_index_q_hist,index,na,1978-07-01,-3.279502708155876
ks_i62_index_q_hist,index,na,1978-10-01,-20.36995669060247
ks_i62_index_q_hist,index,na,1979-01-01,-9.200443635610222
ks_i62_index_q_hist,index,na,1979-04-01,3.2829081233227537
ks_i62_index_q_hist,index,na,1979-07-01,-10.739584834674739
ks_i62_index_q_hist,index,na,1979-10-01,-17.044916939202466
ks_i62_index_q_hist,index,na,1980-01-01,-10.354776986762852
ks_i62_index_q_hist,index,na,1980-04-01,-9.061250674968528
ks_i62_index_q_hist,index,na,1980-07-01,-7.387956340219356
ks_i62_index_q_hist,index,na,1980-10-01,-15.886000079675478
ks_i62_index_q_hist,index,na,1981-01-01,-19.85634805240238
ks_i62_index_q_hist,index,na,1981-04-01,-25.81496314953921
ks_i62_index_q_hist,index,na,1981-07-01,-28.130060923241892
ks_i62_index_q_hist,index,na,1981-10-01,-32.95285170249465
ks_i62_index_q_hist,index,na,1982-01-01,-26.878484051515194
ks_i62_index_q_hist,index,na,1982-04-01,-21.263549374610683
ks_i62_index_q_hist,index,na,1982-07-01,-34.29594778754341
ks_i62_index_q_hist,index,na,1982-10-01,-33.54697349418181
ks_i62_index_q_hist,index,na,1983-01-01,-28.57414268680759
ks_i62_index_q_hist,index,na,1983-04-01,-7.694938117775637
ks_i62_index_q_hist,index,na,1983-07-01,-13.375540169547905
ks_i62_index_q_hist,index,na,1983-10-01,-9.765679801381518
ks_i62_index_q_hist,index,na,1984-01-01,-0.6903540461151945
ks_i62_index_q_hist,index,na,1984-04-01,-5.0417319138595875
ks_i62_index_q_hist,index,na,1984-07-01,0.6079326238155165
ks_i62_index_q_hist,index,na,1984-10-01,-3.755370454443794
ks_i62_index_q_hist,index,na,1985-01-01,0.3096050638383101
ks_i62_index_q_hist,index,na,1985-04-01,-0.02922166184785091
ks_i62_index_q_hist,index,na,1985-07-01,0.4356759447694234
ks_i62_index_q_hist,index,na,1985-10-01,4.013404874182649
ks_i62_index_q_hist,index,na,1986-01-01,13.991053175557152
ks_i62_index_q_hist,index,na,1986-04-01,8.736339809676782
ks_i62_index_q_hist,index,na,1986-07-01,2.5131822511378665
ks_i62_index_q_hist,index,na,1986-10-01,3.7009488516013302
ks_i62_index_q_hist,index,na,1987-01-01,1.6723528293064351
ks_i62_index_q_hist,index,na,1987-04-01,0.08994836390729866
ks_i62_index_q_hist,index,na,1987-07-01,-1.8290139171657618
ks_i62_index_q_hist,index,na,1987-10-01,-5.14283205767166
ks_i62_index_q_hist,index,na,1988-01-01,-8.265563747895586
ks_i62_index_q_hist,index,na,1988-04-01,-10.03818588781777
ks_i62_index_q_hist,index,na,1988-07-01,3.3909961684854952
ks_i62_index_q_hist,index,na,1988-10-01,3.7422040398224308
ks_i62_index_q_hist,index,na,1989-01-01,13.353032713460305
ks_i62_index_q_hist,index,na,1989-04-01,2.2781130408970984
ks_i62_index_q_hist,index,na,1989-07-01,-6.604704049628859
ks_i62_index_q_hist,index,na,1989-10-01,3.590457388433178
ks_i62_index_q_hist,index,na,1990-01-01,-10.986081736693643
ks_i62_index_q_hist,index,na,1990-04-01,-11.156580950446179
ks_i62_index_q_hist,index,na,1990-07-01,-11.432414275281312
ks_i62_index_q_hist,index,na,1990-10-01,-48.1538386094766
ks_i62_index_q_hist,index,na,1991-01-01,-51.04809870206789
ks_i62_index_q_hist,index,na,1991-04-01,-24.92253729913117
ks_i62_index_q_hist,index,na,1991-07-01,-38.959178039104906
ks_i62_index_q_hist,index,na,1991-10-01,-44.97676178301997
ks_i62_index_q_hist,index,na,1992-01-01,-51.42081788270322
ks_i62_index_q_hist,index,na,1992-04-01,-38.699225257426235
ks_i62_index_q_hist,index,na,1992-07-01,-43.47993117496495
ks_i62_index_q_hist,index,na,1992-10-01,-48.61307235818403
ks_i62_index_q_hist,index,na,1993-01-01,-46.488537536280795
ks_i62_index_q_hist,index,na,1993-04-01,-26.880922301044677
ks_i62_index_q_hist,index,na,1993-07-01,-30.27455018601671
ks_i62_index_q_hist,index,na,1993-10-01,-14.598748824391839
ks_i62_index_q_hist,index,na,1994-01-01,-5.0928329265750865
ks_i62_index_q_hist,index,na,1994-04-01,5.6698197454379535
ks_i62_index_q_hist,index,na,1994-07-01,1.761643869769438
ks_i62_index_q_hist,index,na,1994-10-01,-3.3786683010087675
ks_i62_index_q_hist,index,na,1995-01-01,-16.162720663748978
ks_i62_index_q_hist,index,na,1995-04-01,-7.310974090457416
ks_i62_index_q_hist,index,na,1995-07-01,-12.83626380877479
ks_i62_index_q_hist,index,na,1995-10-01,-13.910814990319986
ks_i62_index_q_hist,index,na,1996-01-01,-26.466774642243983
ks_i62_index_q_hist,index,na,1996-04-01,-30.3753589539823
ks_i62_index_q_hist,index,na,1996-07-01,-38.81635043273901
ks_i62_index_q_hist,index,na,1996-10-01,-30.00168826641746
ks_i62_index_q_hist,index,na,1997-01-01,-23.781400647985762
ks_i62_index_q_hist,index,na,1997-04-01,-14.573504480406177
ks_i62_index_q_hist,index,na,1997-07-01,-2.2411865314764032
ks_i62_index_q_hist,index,na,1997-10-01,0.7402886533088981
ks_i62_index_q_hist,index,na,1998-01-01,0.6188103441825259
ks_i62_index_q_hist,index,na,1998-04-01,6.263814716048136
ks_i62_index_q_hist,index,na,1998-07-01,11.476952355179188
ks_i62_index_q_hist,index,na,1998-10-01,0.7024543201982372
ks_i62_index_q_hist,index,na,1999-01-01,2.2197980194851343
ks_i62_index_q_hist,index,na,1999-04-01,-1.5584579940616852
ks_i62_index_q_hist,index,na,1999-07-01,8.13581070597321
ks_i62_index_q_hist,index,na,1999-10-01,14.09756358483046
ks_i62_index_q_hist,index,na,2000-01-01,21.526331908493887
ks_i62_index_q_hist,index,na,2000-04-01,21.449655542528234
ks_i62_index_q_hist,index,na,2000-07-01,22.400851564143466
ks_i62_index_q_hist,index,na,2000-10-01,15.753784555163886
ks_i62_index_q_hist,index,na,2001-01-01,18.391930307969538
ks_i62_index_q_hist,index,na,2001-04-01,10.203357536187024
ks_i62_index_q_hist,index,na,2001-07-01,5.4404156815595055
ks_i62_index_q_hist,index,na,2001-10-01,-33.61871088056897
ks_i62_index_q_hist,index,na,2002-01-01,0.1105288643022515
ks_i62_index_q_hist,index,na,2002-04-01,1.4414007041266164
ks_i62_index_q_hist,index,na,2002-07-01,-8.09632834072581
ks_i62_index_q_hist,index,na,2002-10-01,-20.94193112125332
ks_i62_index_q_hist,index,na,2003-01-01,-12.624088697197289
ks_i62_index_q_hist,index,na,2003-04-01,-17.62730125519647
ks_i62_index_q_hist,index,na,2003-07-01,-12.111527816180152
ks_i62_index_q_hist,index,na,2003-10-01,-7.857393960966997
ks_i62_index_q_hist,index,na,2004-01-01,8.36209796517841
ks_i62_index_q_hist,index,na,2004-04-01,9.42158111648573
ks_i62_index_q_hist,index,na,2004-07-01,3.4370271973011963
ks_i62_index_q_hist,index,na,2004-10-01,-5.349584839831186
ks_i62_index_q_hist,index,na,2005-01-01,1.412345197943269
ks_i62_index_q_hist,index,na,2005-04-01,-1.5444645272944673
ks_i62_index_q_hist,index,na,2005-07-01,-10.408391932209222
ks_i62_index_q_hist,index,na,2005-10-01,-9.714446583588598
ks_i62_index_q_hist,index,na,2006-01-01,10.801363266777903
ks_i62_index_q_hist,index,na,2006-04-01,7.727906446320786
ks_i62_index_q_hist,index,na,2006-07-01,12.073830941473487
ks_i62_index_q_hist,index,na,2006-10-01,6.878497605182734
ks_i62_index_q_hist,index,na,2007-01-01,11.726860613327881
ks_i62_index_q_hist,index,na,2007-04-01,15.64946660689766
ks_i62_index_q_hist,index,na,2007-07-01,8.147864302996439
ks_i62_index_q_hist,index,na,2007-10-01,14.908641910396074
ks_i62_index_q_hist,index,na,2008-01-01,4.3528694355817805
ks_i62_index_q_hist,index,na,2008-04-01,-0.020083625203164424
ks_i62_index_q_hist,index,na,2008-07-01,-17.074864781590822
ks_i62_index_q_hist,index,na,2008-10-01,-35.34416050246044
ks_i62_index_q_hist,index,na,2009-01-01,-37.76077036213214
ks_i62_index_q_hist,index,na,2009-04-01,-49.04266405232873
ks_i62_index_q_hist,index,na,2009-07-01,-39.305974191172524
ks_i62_index_q_hist,index,na,2009-10-01,-14.048085825009773
ks_i62_index_q_hist,index,na,2010-01-01,-7.006970596730845
ks_i62_index_q_hist,index,na,2010-04-01,14.456478921787815
ks_i62_index_q_hist,index,na,2010-07-01,15.893465338065086
ks_i62_index_q_hist,index,na,2010-10-01,7.0318736576682594
ks_i62_index_q_hist,index,na,2011-01-01,9.83028296669227
ks_i62_index_q_hist,index,na,2011-04-01,-1.3313579657923755
ks_i62_index_q_hist,index,na,2011-07-01,-17.022348486429756
ks_i62_index_q_hist,index,na,2011-10-01,-24.362462077104468
ks_i62_index_q_hist,index,na,2012-01-01,-19.386262589363273
ks_i62_index_q_hist,index,na,2012-04-01,-7.707521646315171
ks_i62_index_q_hist,index,na,2012-07-01,-17.378760358810737
ks_i62_index_q_hist,index,na,2012-10-01,-16.819303782179166
ks_i62_index_q_hist,index,na,2013-01-01,-5.951150295909342
ks_i62_index_q_hist,index,na,2013-04-01,-4.511218535707583
ks_i62_index_q_hist,index,na,2013-07-01,-8.615397133134778
ks_i62_index_q_hist,index,na,2013-10-01,-4.569122192240895
ks_i62_index_q_hist,index,na,2014-01-01,1.7234447038052223
ks_i62_index_q_hist,index,na,2014-04-01,0.95185414345046
ks_i62_index_q_hist,index,na,2014-07-01,-0.6084399748673688
ks_i62_index_q_hist,index,na,2014-10-01,-11.245885472612972
ks_i62_index_q_hist,index,na,2015-01-01,-6.090745104817643
ks_i62_index_q_hist,index,na,2015-04-01,-5.828946692216459
ks_i62_index_q_hist,index,na,2015-07-01,-18.792664680072264
ks_i62_index_q_hist,index,na,2015-10-01,-17.521583660280115
ks_i62_index_q_hist,index,na,2016-01-01,-13.756811380350282
ks_i62_index_q_hist,index,na,2016-04-01,-14.62914890999749
ks_i62_index_q_hist,index,na,2016-07-01,-15.37695401540408
ks_i62_index_q_hist,index,na,2016-10-01,-13.370088391861708
ks_i62_index_q_hist,index,na,2017-01-01,-3.19898026635302
ks_i62_index_q_hist,index,na,2017-04-01,-7.798938685325559
ks_i62_index_q_hist,index,na,2017-07-01,-3.1063350463072803
ks_i62_index_q_hist,index,na,2017-10-01,-2.2842111163912087
ks_i62_index_q_hist,index,na,2018-01-01,4.98281829295467
ks_i62_index_q_hist,index,na,2018-04-01,1.89804244942391
ks_i62_index_q_hist,index,na,2018-07-01,-7.170704918306577
ks_i62_index_q_hist,index,na,2018-10-01,-6.068026940015935
ks_i62_index_q_hist,index,na,2019-01-01,-4.013597045733374
ks_i62_index_q_hist,index,na,2019-04-01,-6.396851996752942
ks_i62_index_q_hist,index,na,2019-07-01,-10.742750135193251
ks_i62_index_q_hist,index,na,2019-10-01,-16.511839092550844
ks_i62_index_q_hist,index,na,2020-01-01,-6.727744161548727
ks_i62_index_q_hist,index,na,2020-04-01,-56.35694115354414
ks_i62_index_q_hist,index,na,2020-07-01,-29.62682353973714
ks_i62_index_q_hist,index,na,2020-10-01,-30.41101374876747
ks_i62_index_q_hist,index,na,2021-01-01,-29.620230382228943
ks_i62_index_q_hist,index,na,2021-04-01,-17.503856350186716
ks_i62_index_q_hist,index,na,2021-07-01,9.62063273463334
ks_i62_index_q_hist,index,na,2021-10-01,8.268819054591312
ks_i62_index_q_hist,index,na,2022-01-01,3.224192397586545
ks_i62_index_q_hist,index,na,2022-04-01,-18.469339061473914
ks_i62_index_q_hist,index,na,2022-07-01,-27.854808855250493
ks_i62_index_q_hist,index,na,2022-10-01,-37.83524621516733
ks_i62_index_q_hist,index,na,2023-01-01,-8.706558625456813
ks_i62_index_q_hist,index,na,2023-04-01,-12.615731223672878
ks_i62_index_q_hist,index,na,2023-07-01,-7.707361834937386
ks_i62_index_q_hist,index,na,2023-10-01,-27.831410942244062
ks_i63_index_q_hist,sd,na,1972-10-01,2.456302160755381
ks_i63_index_q_hist,sd,na,1973-01-01,2.4328959168235165
ks_i63_index_q_hist,sd,na,1973-04-01,2.4262490306119733
ks_i63_index_q_hist,sd,na,1973-07-01,2.3734813803164623
ks_i63_index_q_hist,sd,na,1973-10-01,2.345213434733259
ks_i63_index_q_hist,sd,na,1974-01-01,2.2071487256531146
ks_i63_index_q_hist,sd,na,1974-04-01,2.3358535074862226
ks_i63_index_q_hist,sd,na,1974-07-01,2.1900309105460884
ks_i63_index_q_hist,sd,na,1974-10-01,2.37478782620038
ks_i63_index_q_hist,sd,na,1975-01-01,2.1133356053823893
ks_i63_index_q_hist,sd,na,1975-04-01,2.149062194008321
ks_i63_index_q_hist,sd,na,1975-07-01,2.0071500798869835
ks_i63_index_q_hist,sd,na,1975-10-01,2.002666933569079
ks_i63_index_q_hist,sd,na,1976-01-01,2.025422656267942
ks_i63_index_q_hist,sd,na,1976-04-01,1.654325559963448
ks_i63_index_q_hist,sd,na,1976-07-01,1.8966094696396947
ks_i63_index_q_hist,sd,na,1976-10-01,1.6830268766312284
ks_i63_index_q_hist,sd,na,1977-01-01,1.8257635413153481
ks_i63_index_q_hist,sd,na,1977-04-01,1.7944633901036406
ks_i63_index_q_hist,sd,na,1977-07-01,1.6619614695553893
ks_i63_index_q_hist,sd,na,1977-10-01,2.001327752200998
ks_i63_index_q_hist,sd,na,1978-01-01,1.8098581840741825
ks_i63_index_q_hist,sd,na,1978-04-01,1.9983277513368112
ks_i63_index_q_hist,sd,na,1978-07-01,1.9541614809997558
ks_i63_index_q_hist,sd,na,1978-10-01,1.8878581617062962
ks_i63_index_q_hist,sd,na,1979-01-01,2.0369834992789873
ks_i63_index_q_hist,sd,na,1979-04-01,1.935342224083443
ks_i63_index_q_hist,sd,na,1979-07-01,2.061594175592998
ks_i63_index_q_hist,sd,na,1979-10-01,1.8735648179642845
ks_i63_index_q_hist,sd,na,1980-01-01,1.6497440682674473
ks_i63_index_q_hist,sd,na,1980-04-01,1.6623682009081906
ks_i63_index_q_hist,sd,na,1980-07-01,1.5506889937103057
ks_i63_index_q_hist,sd,na,1980-10-01,1.6596791772330324
ks_i63_index_q_hist,sd,na,1981-01-01,1.4601556175926642
ks_i63_index_q_hist,sd,na,1981-04-01,1.4744703110811548
ks_i63_index_q_hist,sd,na,1981-07-01,1.4858643948445887
ks_i63_index_q_hist,sd,na,1981-10-01,1.4312179587642044
ks_i63_index_q_hist,sd,na,1982-01-01,1.3474535925697246
ks_i63_index_q_hist,sd,na,1982-04-01,1.4589353960585763
ks_i63_index_q_hist,sd,na,1982-07-01,1.4356468055203098
ks_i63_index_q_hist,sd,na,1982-10-01,1.3765702538615197
ks_i63_index_q_hist,sd,na,1983-01-01,1.382346083950639
ks_i63_index_q_hist,sd,na,1983-04-01,1.418228363275315
ks_i63_index_q_hist,sd,na,1983-07-01,1.43679273895444
ks_i63_index_q_hist,sd,na,1983-10-01,1.4895745878874438
ks_i63_index_q_hist,sd,na,1984-01-01,1.4479869248208406
ks_i63_index_q_hist,sd,na,1984-04-01,1.4350831607678496
ks_i63_index_q_hist,sd,na,1984-07-01,1.4411286923769164
ks_i63_index_q_hist,sd,na,1984-10-01,1.3883208690878133
ks_i63_index_q_hist,sd,na,1985-01-01,1.4428617314331067
ks_i63_index_q_hist,sd,na,1985-04-01,1.4184732886823375
ks_i63_index_q_hist,sd,na,1985-07-01,1.3885208726232638
ks_i63_index_q_hist,sd,na,1985-10-01,1.3340182299052372
ks_i63_index_q_hist,sd,na,1986-01-01,1.3865362465769508
ks_i63_index_q_hist,sd,na,1986-04-01,1.434663044714156
ks_i63_index_q_hist,sd,na,1986-07-01,1.4732415069989595
ks_i63_index_q_hist,sd,na,1986-10-01,1.3811135479058605
ks_i63_index_q_hist,sd,na,1987-01-01,1.3889953393867793
ks_i63_index_q_hist,sd,na,1987-04-01,1.4220531448210387
ks_i63_index_q_hist,sd,na,1987-07-01,1.3879963610321278
ks_i63_index_q_hist,sd,na,1987-10-01,1.3520832930308875
ks_i63_index_q_hist,sd,na,1988-01-01,1.469823213539029
ks_i63_index_q_hist,sd,na,1988-04-01,1.381378317059615
ks_i63_index_q_hist,sd,na,1988-07-01,1.3868732683282121
ks_i63_index_q_hist,sd,na,1988-10-01,1.4041568264914748
ks_i63_index_q_hist,sd,na,1989-01-01,1.3465854337902146
ks_i63_index_q_hist,sd,na,1989-04-01,1.3946282530498877
ks_i63_index_q_hist,sd,na,1989-07-01,1.441140847546185
ks_i63_index_q_hist,sd,na,1989-10-01,1.3472845950565377
ks_i63_index_q_hist,sd,na,1990-01-01,1.5733814021481187
ks_i63_index_q_hist,sd,na,1990-04-01,1.5237542845406387
ks_i63_index_q_hist,sd,na,1990-07-01,1.4919644392378322
ks_i63_index_q_hist,sd,na,1990-10-01,1.603753310282367
ks_i63_index_q_hist,sd,na,1991-01-01,1.462718118169189
ks_i63_index_q_hist,sd,na,1991-04-01,1.473862283850352
ks_i63_index_q_hist,sd,na,1991-07-01,1.4676542450147574
ks_i63_index_q_hist,sd,na,1991-10-01,1.6849729725047586
ks_i63_index_q_hist,sd,na,1992-01-01,1.5062405440661908
ks_i63_index_q_hist,sd,na,1992-04-01,1.5193954457817775
ks_i63_index_q_hist,sd,na,1992-07-01,1.6786236248595963
ks_i63_index_q_hist,sd,na,1992-10-01,1.5215303157469577
ks_i63_index_q_hist,sd,na,1993-01-01,1.5835231663847977
ks_i63_index_q_hist,sd,na,1993-04-01,1.5606667017605365
ks_i63_index_q_hist,sd,na,1993-07-01,1.5502666113297339
ks_i63_index_q_hist,sd,na,1993-10-01,1.5699390043614023
ks_i63_index_q_hist,sd,na,1994-01-01,1.6036739435036103
ks_i63_index_q_hist,sd,na,1994-04-01,1.4761470134149044
ks_i63_index_q_hist,sd,na,1994-07-01,1.5928354327556877
ks_i63_index_q_hist,sd,na,1994-10-01,1.6238653969939683
ks_i63_index_q_hist,sd,na,1995-01-01,1.5926054214022636
ks_i63_index_q_hist,sd,na,1995-04-01,1.4401255697043198
ks_i63_index_q_hist,sd,na,1995-07-01,1.3970901073587383
ks_i63_index_q_hist,sd,na,1995-10-01,1.4459272874356304
ks_i63_index_q_hist,sd,na,1996-01-01,1.5222000364438502
ks_i63_index_q_hist,sd,na,1996-04-01,1.3430455096690204
ks_i63_index_q_hist,sd,na,1996-07-01,1.6654170770599215
ks_i63_index_q_hist,sd,na,1996-10-01,1.6426849873963236
ks_i63_index_q_hist,sd,na,1997-01-01,1.5858104618816389
ks_i63_index_q_hist,sd,na,1997-04-01,1.5621801190289806
ks_i63_index_q_hist,sd,na,1997-07-01,1.7116507257218276
ks_i63_index_q_hist,sd,na,1997-10-01,1.5772555804405322
ks_i63_index_q_hist,sd,na,1998-01-01,1.6413429315612384
ks_i63_index_q_hist,sd,na,1998-04-01,1.700093922623503
ks_i63_index_q_hist,sd,na,1998-07-01,1.5530071089521609
ks_i63_index_q_hist,sd,na,1998-10-01,1.6208360427872377
ks_i63_index_q_hist,sd,na,1999-01-01,1.542709044190995
ks_i63_index_q_hist,sd,na,1999-04-01,1.5379277133918932
ks_i63_index_q_hist,sd,na,1999-07-01,1.6406662339832905
ks_i63_index_q_hist,sd,na,1999-10-01,1.6660485755464614
ks_i63_index_q_hist,sd,na,2000-01-01,1.675030728386214
ks_i63_index_q_hist,sd,na,2000-04-01,1.5907118882286222
ks_i63_index_q_hist,sd,na,2000-07-01,1.6905805915553032
ks_i63_index_q_hist,sd,na,2000-10-01,1.5657487703505324
ks_i63_index_q_hist,sd,na,2001-01-01,1.5488038922573288
ks_i63_index_q_hist,sd,na,2001-04-01,1.5536976376229745
ks_i63_index_q_hist,sd,na,2001-07-01,1.6198816890688104
ks_i63_index_q_hist,sd,na,2001-10-01,1.4926955215223074
ks_i63_index_q_hist,sd,na,2002-01-01,1.6134924696099167
ks_i63_index_q_hist,sd,na,2002-04-01,1.5046053885501283
ks_i63_index_q_hist,sd,na,2002-07-01,1.5712350206635632
ks_i63_index_q_hist,sd,na,2002-10-01,1.589536756130441
ks_i63_index_q_hist,sd,na,2003-01-01,1.4490646714848137
ks_i63_index_q_hist,sd,na,2003-04-01,1.4893539703698144
ks_i63_index_q_hist,sd,na,2003-07-01,1.5572248459784106
ks_i63_index_q_hist,sd,na,2003-10-01,1.6416847494891675
ks_i63_index_q_hist,sd,na,2004-01-01,1.5967395805071856
ks_i63_index_q_hist,sd,na,2004-04-01,1.572025118552672
ks_i63_index_q_hist,sd,na,2004-07-01,1.6309210889843315
ks_i63_index_q_hist,sd,na,2004-10-01,1.6393709094666333
ks_i63_index_q_hist,sd,na,2005-01-01,1.494761947607951
ks_i63_index_q_hist,sd,na,2005-04-01,1.531012026850244
ks_i63_index_q_hist,sd,na,2005-07-01,1.55629147801957
ks_i63_index_q_hist,sd,na,2005-10-01,1.575619197575024
ks_i63_index_q_hist,sd,na,2006-01-01,1.6309197556317923
ks_i63_index_q_hist,sd,na,2006-04-01,1.5782846637008539
ks_i63_index_q_hist,sd,na,2006-07-01,1.609306713500459
ks_i63_index_q_hist,sd,na,2006-10-01,1.5498333464082648
ks_i63_index_q_hist,sd,na,2007-01-01,1.5092839369494955
ks_i63_index_q_hist,sd,na,2007-04-01,1.5134923159512779
ks_i63_index_q_hist,sd,na,2007-07-01,1.452590374162642
ks_i63_index_q_hist,sd,na,2007-10-01,1.5158617437351025
ks_i63_index_q_hist,sd,na,2008-01-01,1.5829036266627665
ks_i63_index_q_hist,sd,na,2008-04-01,1.6127017871614386
ks_i63_index_q_hist,sd,na,2008-07-01,1.5573792161558646
ks_i63_index_q_hist,sd,na,2008-10-01,1.6356697493160963
ks_i63_index_q_hist,sd,na,2009-01-01,1.5070780393066345
ks_i63_index_q_hist,sd,na,2009-04-01,1.4777600768397734
ks_i63_index_q_hist,sd,na,2009-07-01,1.547811594780429
ks_i63_index_q_hist,sd,na,2009-10-01,1.5899016657109175
ks_i63_index_q_hist,sd,na,2010-01-01,1.4458390648573176
ks_i63_index_q_hist,sd,na,2010-04-01,1.6018623896732465
ks_i63_index_q_hist,sd,na,2010-07-01,1.540812306596602
ks_i63_index_q_hist,sd,na,2010-10-01,1.4823688858814936
ks_i63_index_q_hist,sd,na,2011-01-01,1.497807650948068
ks_i63_index_q_hist,sd,na,2011-04-01,1.5055130266920447
ks_i63_index_q_hist,sd,na,2011-07-01,1.4268391385209234
ks_i63_index_q_hist,sd,na,2011-10-01,1.4563218064654795
ks_i63_index_q_hist,sd,na,2012-01-01,1.4587746155860777
ks_i63_index_q_hist,sd,na,2012-04-01,1.4463369381285944
ks_i63_index_q_hist,sd,na,2012-07-01,1.449588478087587
ks_i63_index_q_hist,sd,na,2012-10-01,1.4137677075913557
ks_i63_index_q_hist,sd,na,2013-01-01,1.4012996836931868
ks_i63_index_q_hist,sd,na,2013-04-01,1.37219885201309
ks_i63_index_q_hist,sd,na,2013-07-01,1.405274860469715
ks_i63_index_q_hist,sd,na,2013-10-01,1.4417296194597993
ks_i63_index_q_hist,sd,na,2014-01-01,1.4406418418601201
ks_i63_index_q_hist,sd,na,2014-04-01,1.4708763740566229
ks_i63_index_q_hist,sd,na,2014-07-01,1.4114966827806745
ks_i63_index_q_hist,sd,na,2014-10-01,1.382497409151034
ks_i63_index_q_hist,sd,na,2015-01-01,1.4462400395809143
ks_i63_index_q_hist,sd,na,2015-04-01,1.401474329362568
ks_i63_index_q_hist,sd,na,2015-07-01,1.517303717096969
ks_i63_index_q_hist,sd,na,2015-10-01,1.4799933276453285
ks_i63_index_q_hist,sd,na,2016-01-01,1.3560327381655177
ks_i63_index_q_hist,sd,na,2016-04-01,1.4843629922366697
ks_i63_index_q_hist,sd,na,2016-07-01,1.5308982024960232
ks_i63_index_q_hist,sd,na,2016-10-01,1.5374783432001482
ks_i63_index_q_hist,sd,na,2017-01-01,1.4022980905943467
ks_i63_index_q_hist,sd,na,2017-04-01,1.5085341800706376
ks_i63_index_q_hist,sd,na,2017-07-01,1.4290088186690237
ks_i63_index_q_hist,sd,na,2017-10-01,1.5643763976400895
ks_i63_index_q_hist,sd,na,2018-01-01,1.3623171059458323
ks_i63_index_q_hist,sd,na,2018-04-01,1.475062415668687
ks_i63_index_q_hist,sd,na,2018-07-01,1.543726197574851
ks_i63_index_q_hist,sd,na,2018-10-01,1.361829507597366
ks_i63_index_q_hist,sd,na,2019-01-01,1.406751231227676
ks_i63_index_q_hist,sd,na,2019-04-01,1.3813974502133155
ks_i63_index_q_hist,sd,na,2019-07-01,1.4394139977015878
ks_i63_index_q_hist,sd,na,2019-10-01,1.428267850690936
ks_i63_index_q_hist,sd,na,2020-01-01,1.4438672579005383
ks_i63_index_q_hist,sd,na,2020-04-01,1.2825127312105675
ks_i63_index_q_hist,sd,na,2020-07-01,1.4099559815266232
ks_i63_index_q_hist,sd,na,2020-10-01,1.4254583289945553
ks_i63_index_q_hist,sd,na,2021-01-01,1.4265860515580537
ks_i63_index_q_hist,sd,na,2021-04-01,1.6352848983430393
ks_i63_index_q_hist,sd,na,2021-07-01,1.4592671898362857
ks_i63_index_q_hist,sd,na,2021-10-01,1.4830880943278593
ks_i63_index_q_hist,sd,na,2022-01-01,1.4112053718796271
ks_i63_index_q_hist,sd,na,2022-04-01,1.5127709444796644
ks_i63_index_q_hist,sd,na,2022-07-01,1.5253287659886001
ks_i63_index_q_hist,sd,na,2022-10-01,1.6782652341173754
ks_i63_index_q_hist,sd,na,2023-01-01,1.624595033005546
ks_i63_index_q_hist,sd,na,2023-04-01,1.7569552788151335
ks_i63_index_q_hist,sd,na,2023-07-01,1.7886334892649525
ks_i63_index_q_hist,sd,na,2023-10-01,1.7407380539656316
ks_i11_econ_hist_q_hist,sd,na,1972-10-01,5.234524567506136
ks_i11_econ_hist_q_hist,sd,na,1973-01-01,5.228050893105714
ks_i11_econ_hist_q_hist,sd,na,1973-04-01,4.869731347221244
ks_i11_econ_hist_q_hist,sd,na,1973-07-01,4.891293476333293
ks_i11_econ_hist_q_hist,sd,na,1973-10-01,4.618953506879611
ks_i11_econ_hist_q_hist,sd,na,1974-01-01,4.308051009971458
ks_i11_econ_hist_q_hist,sd,na,1974-04-01,4.34424020548928
ks_i11_econ_hist_q_hist,sd,na,1974-07-01,4.150401230369769
ks_i11_econ_hist_q_hist,sd,na,1974-10-01,4.710564657193995
ks_i11_econ_hist_q_hist,sd,na,1975-01-01,4.068384041014942
ks_i11_econ_hist_q_hist,sd,na,1975-04-01,3.7918911004842526
ks_i11_econ_hist_q_hist,sd,na,1975-07-01,4.034439986535972
ks_i11_econ_hist_q_hist,sd,na,1975-10-01,3.637305766365533
ks_i11_econ_hist_q_hist,sd,na,1976-01-01,3.5050536484260335
ks_i11_econ_hist_q_hist,sd,na,1976-04-01,3.8791771544806823
ks_i11_econ_hist_q_hist,sd,na,1976-07-01,4.248644193248191
ks_i11_econ_hist_q_hist,sd,na,1976-10-01,3.6282142941270643
ks_i11_econ_hist_q_hist,sd,na,1977-01-01,3.466403309456015
ks_i11_econ_hist_q_hist,sd,na,1977-04-01,3.692600963305503
ks_i11_econ_hist_q_hist,sd,na,1977-07-01,3.3899812841923196
ks_i11_econ_hist_q_hist,sd,na,1977-10-01,3.923655812068143
ks_i11_econ_hist_q_hist,sd,na,1978-01-01,3.262638011268208
ks_i11_econ_hist_q_hist,sd,na,1978-04-01,3.82223611072164
ks_i11_econ_hist_q_hist,sd,na,1978-07-01,3.966579464249432
ks_i11_econ_hist_q_hist,sd,na,1978-10-01,3.921681518199895
ks_i11_econ_hist_q_hist,sd,na,1979-01-01,3.861882731501384
ks_i11_econ_hist_q_hist,sd,na,1979-04-01,3.9852754249863236
ks_i11_econ_hist_q_hist,sd,na,1979-07-01,4.134913473938379
ks_i11_econ_hist_q_hist,sd,na,1979-10-01,3.997645738973934
ks_i11_econ_hist_q_hist,sd,na,1980-01-01,3.259022284926571
ks_i11_econ_hist_q_hist,sd,na,1980-04-01,3.416021569044617
ks_i11_econ_hist_q_hist,sd,na,1980-07-01,3.2532752773365745
ks_i11_econ_hist_q_hist,sd,na,1980-10-01,3.3884556989690413
ks_i11_econ_hist_q_hist,sd,na,1981-01-01,2.831789877999391
ks_i11_econ_hist_q_hist,sd,na,1981-04-01,2.8138503487491766
ks_i11_econ_hist_q_hist,sd,na,1981-07-01,2.803333880703511
ks_i11_econ_hist_q_hist,sd,na,1981-10-01,2.7902618075359875
ks_i11_econ_hist_q_hist,sd,na,1982-01-01,2.7196384395378357
ks_i11_econ_hist_q_hist,sd,na,1982-04-01,2.665492518716065
ks_i11_econ_hist_q_hist,sd,na,1982-07-01,2.6447016732642643
ks_i11_econ_hist_q_hist,sd,na,1982-10-01,2.9763208240165238
ks_i11_econ_hist_q_hist,sd,na,1983-01-01,2.737881462116128
ks_i11_econ_hist_q_hist,sd,na,1983-04-01,2.633279588877158
ks_i11_econ_hist_q_hist,sd,na,1983-07-01,2.630719276743605
ks_i11_econ_hist_q_hist,sd,na,1983-10-01,2.7464531789618394
ks_i11_econ_hist_q_hist,sd,na,1984-01-01,2.622735141765501
ks_i11_econ_hist_q_hist,sd,na,1984-04-01,2.6744207947865966
ks_i11_econ_hist_q_hist,sd,na,1984-07-01,2.7803850547358984
ks_i11_econ_hist_q_hist,sd,na,1984-10-01,2.7067136089791557
ks_i11_econ_hist_q_hist,sd,na,1985-01-01,2.672815228283156
ks_i11_econ_hist_q_hist,sd,na,1985-04-01,2.7647248004852427
ks_i11_econ_hist_q_hist,sd,na,1985-07-01,2.693810735471578
ks_i11_econ_hist_q_hist,sd,na,1985-10-01,2.5188332931738646
ks_i11_econ_hist_q_hist,sd,na,1986-01-01,2.482329257417256
ks_i11_econ_hist_q_hist,sd,na,1986-04-01,2.5894032527557216
ks_i11_econ_hist_q_hist,sd,na,1986-07-01,2.7101653348475816
ks_i11_econ_hist_q_hist,sd,na,1986-10-01,2.5131310857258686
ks_i11_econ_hist_q_hist,sd,na,1987-01-01,2.3591606276197545
ks_i11_econ_hist_q_hist,sd,na,1987-04-01,2.476445058739251
ks_i11_econ_hist_q_hist,sd,na,1987-07-01,2.572113789310256
ks_i11_econ_hist_q_hist,sd,na,1987-10-01,2.4750183263393657
ks_i11_econ_hist_q_hist,sd,na,1988-01-01,2.531871326234785
ks_i11_econ_hist_q_hist,sd,na,1988-04-01,2.4985548347773596
ks_i11_econ_hist_q_hist,sd,na,1988-07-01,2.316615595577695
ks_i11_econ_hist_q_hist,sd,na,1988-10-01,2.448454529986852
ks_i11_econ_hist_q_hist,sd,na,1989-01-01,2.374800476190004
ks_i11_econ_hist_q_hist,sd,na,1989-04-01,2.8463208632835055
ks_i11_econ_hist_q_hist,sd,na,1989-07-01,2.8342407242484056
ks_i11_econ_hist_q_hist,sd,na,1989-10-01,2.9430934047969477
ks_i11_econ_hist_q_hist,sd,na,1990-01-01,3.1057486197170565
ks_i11_econ_hist_q_hist,sd,na,1990-04-01,3.2420005833692978
ks_i11_econ_hist_q_hist,sd,na,1990-07-01,2.9006936306508937
ks_i11_econ_hist_q_hist,sd,na,1990-10-01,3.0407242760203914
ks_i11_econ_hist_q_hist,sd,na,1991-01-01,2.826109447999317
ks_i11_econ_hist_q_hist,sd,na,1991-04-01,2.7645284384923468
ks_i11_econ_hist_q_hist,sd,na,1991-07-01,2.602172778776858
ks_i11_econ_hist_q_hist,sd,na,1991-10-01,2.654332936998231
ks_i11_econ_hist_q_hist,sd,na,1992-01-01,2.3889151899371117
ks_i11_econ_hist_q_hist,sd,na,1992-04-01,2.7483209204407637
ks_i11_econ_hist_q_hist,sd,na,1992-07-01,2.7099109993875508
ks_i11_econ_hist_q_hist,sd,na,1992-10-01,2.520443783461269
ks_i11_econ_hist_q_hist,sd,na,1993-01-01,2.4119641693270077
ks_i11_econ_hist_q_hist,sd,na,1993-04-01,2.7508503773580055
ks_i11_econ_hist_q_hist,sd,na,1993-07-01,2.5375360103011846
ks_i11_econ_hist_q_hist,sd,na,1993-10-01,2.692895591293263
ks_i11_econ_hist_q_hist,sd,na,1994-01-01,2.72956645586106
ks_i11_econ_hist_q_hist,sd,na,1994-04-01,2.755032218548941
ks_i11_econ_hist_q_hist,sd,na,1994-07-01,3.028965683829396
ks_i11_econ_hist_q_hist,sd,na,1994-10-01,2.943624977429983
ks_i11_econ_hist_q_hist,sd,na,1995-01-01,2.8770727231971414
ks_i11_econ_hist_q_hist,sd,na,1995-04-01,2.7892765286020187
ks_i11_econ_hist_q_hist,sd,na,1995-07-01,2.7647579543894887
ks_i11_econ_hist_q_hist,sd,na,1995-10-01,2.6521912770868696
ks_i11_econ_hist_q_hist,sd,na,1996-01-01,2.656695173434912
ks_i11_econ_hist_q_hist,sd,na,1996-04-01,2.3764869535096436
ks_i11_econ_hist_q_hist,sd,na,1996-07-01,2.658405287989146
ks_i11_econ_hist_q_hist,sd,na,1996-10-01,2.8596056725723584
ks_i11_econ_hist_q_hist,sd,na,1997-01-01,2.909577995042601
ks_i11_econ_hist_q_hist,sd,na,1997-04-01,2.7747579007618928
ks_i11_econ_hist_q_hist,sd,na,1997-07-01,3.18283721364079
ks_i11_econ_hist_q_hist,sd,na,1997-10-01,2.8950870641140183
ks_i11_econ_hist_q_hist,sd,na,1998-01-01,2.9733820954388457
ks_i11_econ_hist_q_hist,sd,na,1998-04-01,3.0168709067441757
ks_i11_econ_hist_q_hist,sd,na,1998-07-01,2.9173930557630308
ks_i11_econ_hist_q_hist,sd,na,1998-10-01,3.0335754959118835
ks_i11_econ_hist_q_hist,sd,na,1999-01-01,2.7942080876562922
ks_i11_econ_hist_q_hist,sd,na,1999-04-01,2.827892448159448
ks_i11_econ_hist_q_hist,sd,na,1999-07-01,2.7224220734014475
ks_i11_econ_hist_q_hist,sd,na,1999-10-01,3.0214619834188534
ks_i11_econ_hist_q_hist,sd,na,2000-01-01,2.9002820575804056
ks_i11_econ_hist_q_hist,sd,na,2000-04-01,2.8235610832820046
ks_i11_econ_hist_q_hist,sd,na,2000-07-01,3.1330902478320555
ks_i11_econ_hist_q_hist,sd,na,2000-10-01,3.020780190743725
ks_i11_econ_hist_q_hist,sd,na,2001-01-01,2.878427697968793
ks_i11_econ_hist_q_hist,sd,na,2001-04-01,2.8897314487830705
ks_i11_econ_hist_q_hist,sd,na,2001-07-01,3.055427378954125
ks_i11_econ_hist_q_hist,sd,na,2001-10-01,2.916982440482703
ks_i11_econ_hist_q_hist,sd,na,2002-01-01,2.6840839928530205
ks_i11_econ_hist_q_hist,sd,na,2002-04-01,2.7394479166195027
ks_i11_econ_hist_q_hist,sd,na,2002-07-01,2.741026373062117
ks_i11_econ_hist_q_hist,sd,na,2002-10-01,2.7123173101432982
ks_i11_econ_hist_q_hist,sd,na,2003-01-01,2.789958982005501
ks_i11_econ_hist_q_hist,sd,na,2003-04-01,2.7385239154734182
ks_i11_econ_hist_q_hist,sd,na,2003-07-01,2.8121011664353737
ks_i11_econ_hist_q_hist,sd,na,2003-10-01,2.7687209385216374
ks_i11_econ_hist_q_hist,sd,na,2004-01-01,2.9020878784100526
ks_i11_econ_hist_q_hist,sd,na,2004-04-01,2.952337672079624
ks_i11_econ_hist_q_hist,sd,na,2004-07-01,2.861746950135476
ks_i11_econ_hist_q_hist,sd,na,2004-10-01,2.952263272302099
ks_i11_econ_hist_q_hist,sd,na,2005-01-01,2.6155744478131195
ks_i11_econ_hist_q_hist,sd,na,2005-04-01,2.8503250588131945
ks_i11_econ_hist_q_hist,sd,na,2005-07-01,2.8444529680004487
ks_i11_econ_hist_q_hist,sd,na,2005-10-01,2.783024909383635
ks_i11_econ_hist_q_hist,sd,na,2006-01-01,2.8621224333567707
ks_i11_econ_hist_q_hist,sd,na,2006-04-01,2.946761382402296
ks_i11_econ_hist_q_hist,sd,na,2006-07-01,2.861951856664512
ks_i11_econ_hist_q_hist,sd,na,2006-10-01,2.9359507295841585
ks_i11_econ_hist_q_hist,sd,na,2007-01-01,3.0279015780108205
ks_i11_econ_hist_q_hist,sd,na,2007-04-01,2.9359796793459103
ks_i11_econ_hist_q_hist,sd,na,2007-07-01,2.961480110755209
ks_i11_econ_hist_q_hist,sd,na,2007-10-01,3.0819277554156437
ks_i11_econ_hist_q_hist,sd,na,2008-01-01,3.087407038401803
ks_i11_econ_hist_q_hist,sd,na,2008-04-01,3.184964195581692
ks_i11_econ_hist_q_hist,sd,na,2008-07-01,3.162872338040294
ks_i11_econ_hist_q_hist,sd,na,2008-10-01,2.923996812664601
ks_i11_econ_hist_q_hist,sd,na,2009-01-01,2.833051090153183
ks_i11_econ_hist_q_hist,sd,na,2009-04-01,2.7349771733922013
ks_i11_econ_hist_q_hist,sd,na,2009-07-01,2.840865211488156
ks_i11_econ_hist_q_hist,sd,na,2009-10-01,2.9457776902165627
ks_i11_econ_hist_q_hist,sd,na,2010-01-01,2.8250764679150344
ks_i11_econ_hist_q_hist,sd,na,2010-04-01,3.203866425758755
ks_i11_econ_hist_q_hist,sd,na,2010-07-01,2.947087729164316
ks_i11_econ_hist_q_hist,sd,na,2010-10-01,2.8634623533029044
ks_i11_econ_hist_q_hist,sd,na,2011-01-01,2.831182799799924
ks_i11_econ_hist_q_hist,sd,na,2011-04-01,2.7671379798834677
ks_i11_econ_hist_q_hist,sd,na,2011-07-01,2.6455887229689243
ks_i11_econ_hist_q_hist,sd,na,2011-10-01,2.6426964062742453
ks_i11_econ_hist_q_hist,sd,na,2012-01-01,2.5436213790884468
ks_i11_econ_hist_q_hist,sd,na,2012-04-01,2.5198534716404737
ks_i11_econ_hist_q_hist,sd,na,2012-07-01,2.573876359896437
ks_i11_econ_hist_q_hist,sd,na,2012-10-01,2.3762196465144303
ks_i11_econ_hist_q_hist,sd,na,2013-01-01,2.364969785704551
ks_i11_econ_hist_q_hist,sd,na,2013-04-01,2.5427185465708737
ks_i11_econ_hist_q_hist,sd,na,2013-07-01,2.4531274126623965
ks_i11_econ_hist_q_hist,sd,na,2013-10-01,2.520140261649296
ks_i11_econ_hist_q_hist,sd,na,2014-01-01,2.5294479253861324
ks_i11_econ_hist_q_hist,sd,na,2014-04-01,2.4773429678009427
ks_i11_econ_hist_q_hist,sd,na,2014-07-01,2.3475951886990143
ks_i11_econ_hist_q_hist,sd,na,2014-10-01,2.1748740307473984
ks_i11_econ_hist_q_hist,sd,na,2015-01-01,2.271448454737099
ks_i11_econ_hist_q_hist,sd,na,2015-04-01,2.4774807359065503
ks_i11_econ_hist_q_hist,sd,na,2015-07-01,2.564752640551784
ks_i11_econ_hist_q_hist,sd,na,2015-10-01,2.553738593550871
ks_i11_econ_hist_q_hist,sd,na,2016-01-01,2.34404415819629
ks_i11_econ_hist_q_hist,sd,na,2016-04-01,2.5261233886787826
ks_i11_econ_hist_q_hist,sd,na,2016-07-01,2.51759675636559
ks_i11_econ_hist_q_hist,sd,na,2016-10-01,2.4808766987126205
ks_i11_econ_hist_q_hist,sd,na,2017-01-01,2.399845891260845
ks_i11_econ_hist_q_hist,sd,na,2017-04-01,2.577683683783163
ks_i11_econ_hist_q_hist,sd,na,2017-07-01,2.517536238167957
ks_i11_econ_hist_q_hist,sd,na,2017-10-01,2.6115658492768428
ks_i11_econ_hist_q_hist,sd,na,2018-01-01,2.330147359743711
ks_i11_econ_hist_q_hist,sd,na,2018-04-01,2.653495806734868
ks_i11_econ_hist_q_hist,sd,na,2018-07-01,2.713501748955452
ks_i11_econ_hist_q_hist,sd,na,2018-10-01,2.495391870659522
ks_i11_econ_hist_q_hist,sd,na,2019-01-01,2.361558593116778
ks_i11_econ_hist_q_hist,sd,na,2019-04-01,2.14886314367579
ks_i11_econ_hist_q_hist,sd,na,2019-07-01,2.374399322339783
ks_i11_econ_hist_q_hist,sd,na,2019-10-01,2.2537412633193226
ks_i11_econ_hist_q_hist,sd,na,2020-01-01,2.339500104586085
ks_i11_econ_hist_q_hist,sd,na,2020-04-01,2.6097537894474447
ks_i11_econ_hist_q_hist,sd,na,2020-07-01,2.6088518278757404
ks_i11_econ_hist_q_hist,sd,na,2020-10-01,2.461612671110827
ks_i11_econ_hist_q_hist,sd,na,2021-01-01,2.372973695685089
ks_i11_econ_hist_q_hist,sd,na,2021-04-01,2.5598141043626015
ks_i11_econ_hist_q_hist,sd,na,2021-07-01,2.8870368814979392
ks_i11_econ_hist_q_hist,sd,na,2021-10-01,2.9960721898768967
ks_i11_econ_hist_q_hist,sd,na,2022-01-01,2.7129340864712597
ks_i11_econ_hist_q_hist,sd,na,2022-04-01,2.835152279105927
ks_i11_econ_hist_q_hist,sd,na,2022-07-01,2.842493655265526
ks_i11_econ_hist_q_hist,sd,na,2022-10-01,2.902043471493029
ks_i11_econ_hist_q_hist,sd,na,2023-01-01,2.7618923251303573
ks_i11_econ_hist_q_hist,sd,na,2023-04-01,3.1804465666005663
ks_i11_econ_hist_q_hist,sd,na,2023-07-01,3.2999286383134607
ks_i11_econ_hist_q_hist,sd,na,2023-10-01,2.9447608090186086
ks_i12_econ_exp_q_hist,sd,na,1972-10-01,4.759830987958452
ks_i12_econ_exp_q_hist,sd,na,1973-01-01,4.536640704089602
ks_i12_econ_exp_q_hist,sd,na,1973-04-01,4.226352205365719
ks_i12_econ_exp_q_hist,sd,na,1973-07-01,4.340116091187953
ks_i12_econ_exp_q_hist,sd,na,1973-10-01,4.029260253618641
ks_i12_econ_exp_q_hist,sd,na,1974-01-01,3.619643523176746
ks_i12_econ_exp_q_hist,sd,na,1974-04-01,3.8959038963941595
ks_i12_econ_exp_q_hist,sd,na,1974-07-01,3.8137881503898394
ks_i12_econ_exp_q_hist,sd,na,1974-10-01,4.367862561312102
ks_i12_econ_exp_q_hist,sd,na,1975-01-01,3.6442957217468703
ks_i12_econ_exp_q_hist,sd,na,1975-04-01,4.36714336554906
ks_i12_econ_exp_q_hist,sd,na,1975-07-01,3.9495422154649407
ks_i12_econ_exp_q_hist,sd,na,1975-10-01,3.7287526793727133
ks_i12_econ_exp_q_hist,sd,na,1976-01-01,3.5719800304014018
ks_i12_econ_exp_q_hist,sd,na,1976-04-01,3.109674035636718
ks_i12_econ_exp_q_hist,sd,na,1976-07-01,3.1548152146797275
ks_i12_econ_exp_q_hist,sd,na,1976-10-01,3.0857018149868574
ks_i12_econ_exp_q_hist,sd,na,1977-01-01,3.3505327002013376
ks_i12_econ_exp_q_hist,sd,na,1977-04-01,3.324282575999511
ks_i12_econ_exp_q_hist,sd,na,1977-07-01,2.981804925328643
ks_i12_econ_exp_q_hist,sd,na,1977-10-01,3.490836174037316
ks_i12_econ_exp_q_hist,sd,na,1978-01-01,3.1348431558386283
ks_i12_econ_exp_q_hist,sd,na,1978-04-01,3.403217146981658
ks_i12_econ_exp_q_hist,sd,na,1978-07-01,3.4897273040377335
ks_i12_econ_exp_q_hist,sd,na,1978-10-01,3.70182263377012
ks_i12_econ_exp_q_hist,sd,na,1979-01-01,3.6347386282603504
ks_i12_econ_exp_q_hist,sd,na,1979-04-01,3.520580725411582
ks_i12_econ_exp_q_hist,sd,na,1979-07-01,3.6337239193433786
ks_i12_econ_exp_q_hist,sd,na,1979-10-01,3.4997511150839253
ks_i12_econ_exp_q_hist,sd,na,1980-01-01,2.9808267726562843
ks_i12_econ_exp_q_hist,sd,na,1980-04-01,3.0870356007797595
ks_i12_econ_exp_q_hist,sd,na,1980-07-01,2.8922203126437807
ks_i12_econ_exp_q_hist,sd,na,1980-10-01,2.987338682696365
ks_i12_econ_exp_q_hist,sd,na,1981-01-01,2.4269457884175387
ks_i12_econ_exp_q_hist,sd,na,1981-04-01,2.4803698265140213
ks_i12_econ_exp_q_hist,sd,na,1981-07-01,2.4255121634942842
ks_i12_econ_exp_q_hist,sd,na,1981-10-01,2.397418449575616
ks_i12_econ_exp_q_hist,sd,na,1982-01-01,2.392499926791833
ks_i12_econ_exp_q_hist,sd,na,1982-04-01,2.5511183275576417
ks_i12_econ_exp_q_hist,sd,na,1982-07-01,2.4839136402169886
ks_i12_econ_exp_q_hist,sd,na,1982-10-01,2.741446759159481
ks_i12_econ_exp_q_hist,sd,na,1983-01-01,2.4720259029706826
ks_i12_econ_exp_q_hist,sd,na,1983-04-01,2.5838329944702467
ks_i12_econ_exp_q_hist,sd,na,1983-07-01,2.5191680300997863
ks_i12_econ_exp_q_hist,sd,na,1983-10-01,2.52573553517401
ks_i12_econ_exp_q_hist,sd,na,1984-01-01,2.5116746314046816
ks_i12_econ_exp_q_hist,sd,na,1984-04-01,2.4905967236388102
ks_i12_econ_exp_q_hist,sd,na,1984-07-01,2.4475317190258834
ks_i12_econ_exp_q_hist,sd,na,1984-10-01,2.4610353413467125
ks_i12_econ_exp_q_hist,sd,na,1985-01-01,2.540684081563125
ks_i12_econ_exp_q_hist,sd,na,1985-04-01,2.5356831409684384
ks_i12_econ_exp_q_hist,sd,na,1985-07-01,2.3926071756685405
ks_i12_econ_exp_q_hist,sd,na,1985-10-01,2.2559376883488826
ks_i12_econ_exp_q_hist,sd,na,1986-01-01,2.2792482067153172
ks_i12_econ_exp_q_hist,sd,na,1986-04-01,2.280812729626954
ks_i12_econ_exp_q_hist,sd,na,1986-07-01,2.4328663323510633
ks_i12_econ_exp_q_hist,sd,na,1986-10-01,2.2611962558927283
ks_i12_econ_exp_q_hist,sd,na,1987-01-01,2.1989470952358645
ks_i12_econ_exp_q_hist,sd,na,1987-04-01,2.343325862026604
ks_i12_econ_exp_q_hist,sd,na,1987-07-01,2.3205922592167374
ks_i12_econ_exp_q_hist,sd,na,1987-10-01,2.4112423407935375
ks_i12_econ_exp_q_hist,sd,na,1988-01-01,2.501412018393923
ks_i12_econ_exp_q_hist,sd,na,1988-04-01,2.416899836906252
ks_i12_econ_exp_q_hist,sd,na,1988-07-01,2.3286607698879753
ks_i12_econ_exp_q_hist,sd,na,1988-10-01,2.3352220774880057
ks_i12_econ_exp_q_hist,sd,na,1989-01-01,2.250632917849062
ks_i12_econ_exp_q_hist,sd,na,1989-04-01,2.440874650445186
ks_i12_econ_exp_q_hist,sd,na,1989-07-01,2.426685878645052
ks_i12_econ_exp_q_hist,sd,na,1989-10-01,2.5194166848636694
ks_i12_econ_exp_q_hist,sd,na,1990-01-01,2.8024278960748785
ks_i12_econ_exp_q_hist,sd,na,1990-04-01,2.6779450196047714
ks_i12_econ_exp_q_hist,sd,na,1990-07-01,2.46347847109065
ks_i12_econ_exp_q_hist,sd,na,1990-10-01,2.694101190497794
ks_i12_econ_exp_q_hist,sd,na,1991-01-01,2.4366948801603763
ks_i12_econ_exp_q_hist,sd,na,1991-04-01,2.5847672765510383
ks_i12_econ_exp_q_hist,sd,na,1991-07-01,2.5182586873691863
ks_i12_econ_exp_q_hist,sd,na,1991-10-01,2.782940001969855
ks_i12_econ_exp_q_hist,sd,na,1992-01-01,2.456970361893474
ks_i12_econ_exp_q_hist,sd,na,1992-04-01,2.864472296798791
ks_i12_econ_exp_q_hist,sd,na,1992-07-01,2.985239504984675
ks_i12_econ_exp_q_hist,sd,na,1992-10-01,2.7796784838428676
ks_i12_econ_exp_q_hist,sd,na,1993-01-01,2.72380313150532
ks_i12_econ_exp_q_hist,sd,na,1993-04-01,2.8767223970777107
ks_i12_econ_exp_q_hist,sd,na,1993-07-01,2.81426596972554
ks_i12_econ_exp_q_hist,sd,na,1993-10-01,2.734438002461365
ks_i12_econ_exp_q_hist,sd,na,1994-01-01,2.672628089187966
ks_i12_econ_exp_q_hist,sd,na,1994-04-01,2.4046957996915808
ks_i12_econ_exp_q_hist,sd,na,1994-07-01,2.668549624694481
ks_i12_econ_exp_q_hist,sd,na,1994-10-01,2.8752527113802997
ks_i12_econ_exp_q_hist,sd,na,1995-01-01,2.7987345074418886
ks_i12_econ_exp_q_hist,sd,na,1995-04-01,2.4079958681144116
ks_i12_econ_exp_q_hist,sd,na,1995-07-01,2.435058947686433
ks_i12_econ_exp_q_hist,sd,na,1995-10-01,2.476678806615677
ks_i12_econ_exp_q_hist,sd,na,1996-01-01,2.496950555858858
ks_i12_econ_exp_q_hist,sd,na,1996-04-01,2.360503284915903
ks_i12_econ_exp_q_hist,sd,na,1996-07-01,2.78511072687019
ks_i12_econ_exp_q_hist,sd,na,1996-10-01,2.8122020100000458
ks_i12_econ_exp_q_hist,sd,na,1997-01-01,2.7859671612675685
ks_i12_econ_exp_q_hist,sd,na,1997-04-01,2.7911763149124336
ks_i12_econ_exp_q_hist,sd,na,1997-07-01,3.0057514692499914
ks_i12_econ_exp_q_hist,sd,na,1997-10-01,2.774559271313694
ks_i12_econ_exp_q_hist,sd,na,1998-01-01,2.785178577609014
ks_i12_econ_exp_q_hist,sd,na,1998-04-01,2.8935363487684853
ks_i12_econ_exp_q_hist,sd,na,1998-07-01,2.600838888365484
ks_i12_econ_exp_q_hist,sd,na,1998-10-01,2.704103354993077
ks_i12_econ_exp_q_hist,sd,na,1999-01-01,2.777641266160733
ks_i12_econ_exp_q_hist,sd,na,1999-04-01,2.709518536682588
ks_i12_econ_exp_q_hist,sd,na,1999-07-01,2.6874682202974762
ks_i12_econ_exp_q_hist,sd,na,1999-10-01,2.7867905034262
ks_i12_econ_exp_q_hist,sd,na,2000-01-01,2.772754193122044
ks_i12_econ_exp_q_hist,sd,na,2000-04-01,2.6750713474033576
ks_i12_econ_exp_q_hist,sd,na,2000-07-01,2.7957562490840675
ks_i12_econ_exp_q_hist,sd,na,2000-10-01,2.655831327642438
ks_i12_econ_exp_q_hist,sd,na,2001-01-01,2.554701775635753
ks_i12_econ_exp_q_hist,sd,na,2001-04-01,2.5493702265416562
ks_i12_econ_exp_q_hist,sd,na,2001-07-01,2.8090346137296835
ks_i12_econ_exp_q_hist,sd,na,2001-10-01,2.9023129732944817
ks_i12_econ_exp_q_hist,sd,na,2002-01-01,2.879433432759407
ks_i12_econ_exp_q_hist,sd,na,2002-04-01,2.733174441490513
ks_i12_econ_exp_q_hist,sd,na,2002-07-01,2.811536073150889
ks_i12_econ_exp_q_hist,sd,na,2002-10-01,3.008122138278098
ks_i12_econ_exp_q_hist,sd,na,2003-01-01,2.783677620789223
ks_i12_econ_exp_q_hist,sd,na,2003-04-01,2.770393003771052
ks_i12_econ_exp_q_hist,sd,na,2003-07-01,2.7499964495602627
ks_i12_econ_exp_q_hist,sd,na,2003-10-01,2.818594609217517
ks_i12_econ_exp_q_hist,sd,na,2004-01-01,2.6755547155676838
ks_i12_econ_exp_q_hist,sd,na,2004-04-01,2.550999190300979
ks_i12_econ_exp_q_hist,sd,na,2004-07-01,2.7096618246371444
ks_i12_econ_exp_q_hist,sd,na,2004-10-01,2.8503662079606853
ks_i12_econ_exp_q_hist,sd,na,2005-01-01,2.5315754209370955
ks_i12_econ_exp_q_hist,sd,na,2005-04-01,2.629588548551678
ks_i12_econ_exp_q_hist,sd,na,2005-07-01,2.7380082036412086
ks_i12_econ_exp_q_hist,sd,na,2005-10-01,2.7347772688843857
ks_i12_econ_exp_q_hist,sd,na,2006-01-01,2.707605560362315
ks_i12_econ_exp_q_hist,sd,na,2006-04-01,2.701446376606455
ks_i12_econ_exp_q_hist,sd,na,2006-07-01,2.721952054363915
ks_i12_econ_exp_q_hist,sd,na,2006-10-01,2.5913578505251698
ks_i12_econ_exp_q_hist,sd,na,2007-01-01,2.525651557421411
ks_i12_econ_exp_q_hist,sd,na,2007-04-01,2.543132017103066
ks_i12_econ_exp_q_hist,sd,na,2007-07-01,2.4584196673000283
ks_i12_econ_exp_q_hist,sd,na,2007-10-01,2.636865825889567
ks_i12_econ_exp_q_hist,sd,na,2008-01-01,2.65864179220618
ks_i12_econ_exp_q_hist,sd,na,2008-04-01,2.7655682333723814
ks_i12_econ_exp_q_hist,sd,na,2008-07-01,2.6398513764275564
ks_i12_econ_exp_q_hist,sd,na,2008-10-01,2.919146595710041
ks_i12_econ_exp_q_hist,sd,na,2009-01-01,2.904963832659931
ks_i12_econ_exp_q_hist,sd,na,2009-04-01,3.102599031926361
ks_i12_econ_exp_q_hist,sd,na,2009-07-01,3.083064708968563
ks_i12_econ_exp_q_hist,sd,na,2009-10-01,3.0289956424983493
ks_i12_econ_exp_q_hist,sd,na,2010-01-01,2.6420003573183175
ks_i12_econ_exp_q_hist,sd,na,2010-04-01,2.8111682309564103
ks_i12_econ_exp_q_hist,sd,na,2010-07-01,2.7363190336481544
ks_i12_econ_exp_q_hist,sd,na,2010-10-01,2.550714079619823
ks_i12_econ_exp_q_hist,sd,na,2011-01-01,2.5387738325052824
ks_i12_econ_exp_q_hist,sd,na,2011-04-01,2.5613051987939586
ks_i12_econ_exp_q_hist,sd,na,2011-07-01,2.5567830484056424
ks_i12_econ_exp_q_hist,sd,na,2011-10-01,2.720678828469696
ks_i12_econ_exp_q_hist,sd,na,2012-01-01,2.6612717553663456
ks_i12_econ_exp_q_hist,sd,na,2012-04-01,2.5322272294414008
ks_i12_econ_exp_q_hist,sd,na,2012-07-01,2.5735641396580737
ks_i12_econ_exp_q_hist,sd,na,2012-10-01,2.4439481714019204
ks_i12_econ_exp_q_hist,sd,na,2013-01-01,2.44881308992268
ks_i12_econ_exp_q_hist,sd,na,2013-04-01,2.4630807080006614
ks_i12_econ_exp_q_hist,sd,na,2013-07-01,2.4715764607765776
ks_i12_econ_exp_q_hist,sd,na,2013-10-01,2.5283307501735073
ks_i12_econ_exp_q_hist,sd,na,2014-01-01,2.3948589341770816
ks_i12_econ_exp_q_hist,sd,na,2014-04-01,2.4585232245971724
ks_i12_econ_exp_q_hist,sd,na,2014-07-01,2.437928193512269
ks_i12_econ_exp_q_hist,sd,na,2014-10-01,2.3501998292627078
ks_i12_econ_exp_q_hist,sd,na,2015-01-01,2.5560953580886503
ks_i12_econ_exp_q_hist,sd,na,2015-04-01,2.5447025863023196
ks_i12_econ_exp_q_hist,sd,na,2015-07-01,2.7111756512723626
ks_i12_econ_exp_q_hist,sd,na,2015-10-01,2.6562949571249246
ks_i12_econ_exp_q_hist,sd,na,2016-01-01,2.5096576382518356
ks_i12_econ_exp_q_hist,sd,na,2016-04-01,2.591878109263337
ks_i12_econ_exp_q_hist,sd,na,2016-07-01,2.7166169178485085
ks_i12_econ_exp_q_hist,sd,na,2016-10-01,2.5958116499725206
ks_i12_econ_exp_q_hist,sd,na,2017-01-01,2.4223121797875913
ks_i12_econ_exp_q_hist,sd,na,2017-04-01,2.5178527743810863
ks_i12_econ_exp_q_hist,sd,na,2017-07-01,2.414581689923934
ks_i12_econ_exp_q_hist,sd,na,2017-10-01,2.5416362713496445
ks_i12_econ_exp_q_hist,sd,na,2018-01-01,2.2196730164996037
ks_i12_econ_exp_q_hist,sd,na,2018-04-01,2.462307266265815
ks_i12_econ_exp_q_hist,sd,na,2018-07-01,2.5482230013956393
ks_i12_econ_exp_q_hist,sd,na,2018-10-01,2.311418107753993
ks_i12_econ_exp_q_hist,sd,na,2019-01-01,2.354938063450661
ks_i12_econ_exp_q_hist,sd,na,2019-04-01,2.268495714917335
ks_i12_econ_exp_q_hist,sd,na,2019-07-01,2.2980099015129496
ks_i12_econ_exp_q_hist,sd,na,2019-10-01,2.4130943158049116
ks_i12_econ_exp_q_hist,sd,na,2020-01-01,2.365116100851103
ks_i12_econ_exp_q_hist,sd,na,2020-04-01,2.883039405992302
ks_i12_econ_exp_q_hist,sd,na,2020-07-01,3.046883090819213
ks_i12_econ_exp_q_hist,sd,na,2020-10-01,2.957634590282488
ks_i12_econ_exp_q_hist,sd,na,2021-01-01,2.9481971167980854
ks_i12_econ_exp_q_hist,sd,na,2021-04-01,3.1602016090890297
ks_i12_econ_exp_q_hist,sd,na,2021-07-01,2.7428139794236754
ks_i12_econ_exp_q_hist,sd,na,2021-10-01,2.7900483883189575
ks_i12_econ_exp_q_hist,sd,na,2022-01-01,2.6012527579047604
ks_i12_econ_exp_q_hist,sd,na,2022-04-01,3.0553986780739533
ks_i12_econ_exp_q_hist,sd,na,2022-07-01,2.889195503989714
ks_i12_econ_exp_q_hist,sd,na,2022-10-01,2.9327189038809114
ks_i12_econ_exp_q_hist,sd,na,2023-01-01,2.8576335789755403
ks_i12_econ_exp_q_hist,sd,na,2023-04-01,3.0279978076028193
ks_i12_econ_exp_q_hist,sd,na,2023-07-01,2.955068682360964
ks_i12_econ_exp_q_hist,sd,na,2023-10-01,3.121306921924223
ks_i21_price_hist_q_hist,sd,na,1972-10-01,2.267657634909953
ks_i21_price_hist_q_hist,sd,na,1973-01-01,2.169485650392481
ks_i21_price_hist_q_hist,sd,na,1973-04-01,2.265696697185841
ks_i21_price_hist_q_hist,sd,na,1973-07-01,2.2000080252011442
ks_i21_price_hist_q_hist,sd,na,1973-10-01,2.033253229852983
ks_i21_price_hist_q_hist,sd,na,1974-01-01,1.608862629000186
ks_i21_price_hist_q_hist,sd,na,1974-04-01,1.948832209295597
ks_i21_price_hist_q_hist,sd,na,1974-07-01,1.8681058524661927
ks_i21_price_hist_q_hist,sd,na,1974-10-01,2.5643122653196677
ks_i21_price_hist_q_hist,sd,na,1975-01-01,2.204563395398752
ks_i21_price_hist_q_hist,sd,na,1975-04-01,3.617935796827977
ks_i21_price_hist_q_hist,sd,na,1975-07-01,3.8077242362577564
ks_i21_price_hist_q_hist,sd,na,1975-10-01,3.14669307222622
ks_i21_price_hist_q_hist,sd,na,1976-01-01,3.2634489077696216
ks_i21_price_hist_q_hist,sd,na,1976-04-01,3.1888276766919574
ks_i21_price_hist_q_hist,sd,na,1976-07-01,2.9363366080445696
ks_i21_price_hist_q_hist,sd,na,1976-10-01,2.9373242792729877
ks_i21_price_hist_q_hist,sd,na,1977-01-01,2.76598213992121
ks_i21_price_hist_q_hist,sd,na,1977-04-01,2.9712497784089016
ks_i21_price_hist_q_hist,sd,na,1977-07-01,2.5860746480461674
ks_i21_price_hist_q_hist,sd,na,1977-10-01,2.9499523826529597
ks_i21_price_hist_q_hist,sd,na,1978-01-01,2.575547457660781
ks_i21_price_hist_q_hist,sd,na,1978-04-01,2.9595378650691204
ks_i21_price_hist_q_hist,sd,na,1978-07-01,2.9742491514898806
ks_i21_price_hist_q_hist,sd,na,1978-10-01,2.9694729547277103
ks_i21_price_hist_q_hist,sd,na,1979-01-01,2.943946321186215
ks_i21_price_hist_q_hist,sd,na,1979-04-01,2.8659916175699895
ks_i21_price_hist_q_hist,sd,na,1979-07-01,2.866562432574788
ks_i21_price_hist_q_hist,sd,na,1979-10-01,2.6880555511623054
ks_i21_price_hist_q_hist,sd,na,1980-01-01,2.287207523721184
ks_i21_price_hist_q_hist,sd,na,1980-04-01,2.37296136183449
ks_i21_price_hist_q_hist,sd,na,1980-07-01,2.351891219565489
ks_i21_price_hist_q_hist,sd,na,1980-10-01,2.291725981700965
ks_i21_price_hist_q_hist,sd,na,1981-01-01,1.8207775930210288
ks_i21_price_hist_q_hist,sd,na,1981-04-01,1.758979090442939
ks_i21_price_hist_q_hist,sd,na,1981-07-01,1.6598058052475235
ks_i21_price_hist_q_hist,sd,na,1981-10-01,1.567831268715685
ks_i21_price_hist_q_hist,sd,na,1982-01-01,1.7740753694558555
ks_i21_price_hist_q_hist,sd,na,1982-04-01,1.8664513627072161
ks_i21_price_hist_q_hist,sd,na,1982-07-01,1.7344728915709484
ks_i21_price_hist_q_hist,sd,na,1982-10-01,1.7700865913257284
ks_i21_price_hist_q_hist,sd,na,1983-01-01,1.8954747640722847
ks_i21_price_hist_q_hist,sd,na,1983-04-01,1.930822976245901
ks_i21_price_hist_q_hist,sd,na,1983-07-01,1.7878341251542544
ks_i21_price_hist_q_hist,sd,na,1983-10-01,1.9085522301626774
ks_i21_price_hist_q_hist,sd,na,1984-01-01,1.8795575762009347
ks_i21_price_hist_q_hist,sd,na,1984-04-01,1.7363884434798653
ks_i21_price_hist_q_hist,sd,na,1984-07-01,1.8411720393993083
ks_i21_price_hist_q_hist,sd,na,1984-10-01,1.7264309984956892
ks_i21_price_hist_q_hist,sd,na,1985-01-01,1.7997360254617003
ks_i21_price_hist_q_hist,sd,na,1985-04-01,1.6756092541059953
ks_i21_price_hist_q_hist,sd,na,1985-07-01,1.7499779860660243
ks_i21_price_hist_q_hist,sd,na,1985-10-01,1.7097747892559658
ks_i21_price_hist_q_hist,sd,na,1986-01-01,1.606736091313341
ks_i21_price_hist_q_hist,sd,na,1986-04-01,1.867972295079965
ks_i21_price_hist_q_hist,sd,na,1986-07-01,2.125456131202733
ks_i21_price_hist_q_hist,sd,na,1986-10-01,2.1120460546237885
ks_i21_price_hist_q_hist,sd,na,1987-01-01,1.9429162108818434
ks_i21_price_hist_q_hist,sd,na,1987-04-01,2.0347714809584643
ks_i21_price_hist_q_hist,sd,na,1987-07-01,1.9550293093210978
ks_i21_price_hist_q_hist,sd,na,1987-10-01,1.8078793312674442
ks_i21_price_hist_q_hist,sd,na,1988-01-01,1.801132639857189
ks_i21_price_hist_q_hist,sd,na,1988-04-01,1.7014882655632055
ks_i21_price_hist_q_hist,sd,na,1988-07-01,1.766281573108279
ks_i21_price_hist_q_hist,sd,na,1988-10-01,1.7611962339735456
ks_i21_price_hist_q_hist,sd,na,1989-01-01,1.6169160002828342
ks_i21_price_hist_q_hist,sd,na,1989-04-01,1.7301546328739197
ks_i21_price_hist_q_hist,sd,na,1989-07-01,1.7817434388451463
ks_i21_price_hist_q_hist,sd,na,1989-10-01,1.8664158852498443
ks_i21_price_hist_q_hist,sd,na,1990-01-01,1.6640086964855438
ks_i21_price_hist_q_hist,sd,na,1990-04-01,1.727600549899378
ks_i21_price_hist_q_hist,sd,na,1990-07-01,1.735859885808727
ks_i21_price_hist_q_hist,sd,na,1990-10-01,1.6664938105256137
ks_i21_price_hist_q_hist,sd,na,1991-01-01,1.6689824617213587
ks_i21_price_hist_q_hist,sd,na,1991-04-01,1.6998253404077546
ks_i21_price_hist_q_hist,sd,na,1991-07-01,1.6730584221834635
ks_i21_price_hist_q_hist,sd,na,1991-10-01,1.755334487231913
ks_i21_price_hist_q_hist,sd,na,1992-01-01,1.6496785161411922
ks_i21_price_hist_q_hist,sd,na,1992-04-01,1.9159186704424627
ks_i21_price_hist_q_hist,sd,na,1992-07-01,2.043344650957159
ks_i21_price_hist_q_hist,sd,na,1992-10-01,2.1713534881377403
ks_i21_price_hist_q_hist,sd,na,1993-01-01,2.1239146085248266
ks_i21_price_hist_q_hist,sd,na,1993-04-01,2.324269351009514
ks_i21_price_hist_q_hist,sd,na,1993-07-01,2.2334288267420783
ks_i21_price_hist_q_hist,sd,na,1993-10-01,2.4525378661642994
ks_i21_price_hist_q_hist,sd,na,1994-01-01,2.345311570128311
ks_i21_price_hist_q_hist,sd,na,1994-04-01,2.3832724125824623
ks_i21_price_hist_q_hist,sd,na,1994-07-01,2.3530138568419594
ks_i21_price_hist_q_hist,sd,na,1994-10-01,2.2691242454433147
ks_i21_price_hist_q_hist,sd,na,1995-01-01,2.0531242242521537
ks_i21_price_hist_q_hist,sd,na,1995-04-01,2.033053633920676
ks_i21_price_hist_q_hist,sd,na,1995-07-01,2.1441309003000675
ks_i21_price_hist_q_hist,sd,na,1995-10-01,2.190269386584446
ks_i21_price_hist_q_hist,sd,na,1996-01-01,2.3192358114754663
ks_i21_price_hist_q_hist,sd,na,1996-04-01,2.228537067845185
ks_i21_price_hist_q_hist,sd,na,1996-07-01,2.475338298807735
ks_i21_price_hist_q_hist,sd,na,1996-10-01,2.6686672716548774
ks_i21_price_hist_q_hist,sd,na,1997-01-01,2.7218142242491994
ks_i21_price_hist_q_hist,sd,na,1997-04-01,2.726522439620698
ks_i21_price_hist_q_hist,sd,na,1997-07-01,2.590209901491701
ks_i21_price_hist_q_hist,sd,na,1997-10-01,2.34500007553378
ks_i21_price_hist_q_hist,sd,na,1998-01-01,2.2560189950784615
ks_i21_price_hist_q_hist,sd,na,1998-04-01,2.261721960147615
ks_i21_price_hist_q_hist,sd,na,1998-07-01,2.27808296108892
ks_i21_price_hist_q_hist,sd,na,1998-10-01,2.10915692588026
ks_i21_price_hist_q_hist,sd,na,1999-01-01,2.105461682693669
ks_i21_price_hist_q_hist,sd,na,1999-04-01,2.1533456450833133
ks_i21_price_hist_q_hist,sd,na,1999-07-01,2.2180317576518074
ks_i21_price_hist_q_hist,sd,na,1999-10-01,2.228455115180613
ks_i21_price_hist_q_hist,sd,na,2000-01-01,2.307688972095077
ks_i21_price_hist_q_hist,sd,na,2000-04-01,2.16217480273908
ks_i21_price_hist_q_hist,sd,na,2000-07-01,2.1772499279800486
ks_i21_price_hist_q_hist,sd,na,2000-10-01,2.1877386607203273
ks_i21_price_hist_q_hist,sd,na,2001-01-01,2.210010511467831
ks_i21_price_hist_q_hist,sd,na,2001-04-01,2.0836085553698593
ks_i21_price_hist_q_hist,sd,na,2001-07-01,2.1091003335529006
ks_i21_price_hist_q_hist,sd,na,2001-10-01,2.136579620194995
ks_i21_price_hist_q_hist,sd,na,2002-01-01,2.186074376977449
ks_i21_price_hist_q_hist,sd,na,2002-04-01,1.8829742934708804
ks_i21_price_hist_q_hist,sd,na,2002-07-01,2.1787263019137066
ks_i21_price_hist_q_hist,sd,na,2002-10-01,2.203679219343914
ks_i21_price_hist_q_hist,sd,na,2003-01-01,2.265259784007733
ks_i21_price_hist_q_hist,sd,na,2003-04-01,2.255987960992698
ks_i21_price_hist_q_hist,sd,na,2003-07-01,2.387757499710766
ks_i21_price_hist_q_hist,sd,na,2003-10-01,2.1201018625177754
ks_i21_price_hist_q_hist,sd,na,2004-01-01,2.167635478901711
ks_i21_price_hist_q_hist,sd,na,2004-04-01,2.244493759106744
ks_i21_price_hist_q_hist,sd,na,2004-07-01,2.271384960835998
ks_i21_price_hist_q_hist,sd,na,2004-10-01,2.2148142590472677
ks_i21_price_hist_q_hist,sd,na,2005-01-01,2.2970502226434806
ks_i21_price_hist_q_hist,sd,na,2005-04-01,2.578415874725677
ks_i21_price_hist_q_hist,sd,na,2005-07-01,2.59503878462022
ks_i21_price_hist_q_hist,sd,na,2005-10-01,2.5083440583637078
ks_i21_price_hist_q_hist,sd,na,2006-01-01,2.5140476985825244
ks_i21_price_hist_q_hist,sd,na,2006-04-01,2.4457142713438005
ks_i21_price_hist_q_hist,sd,na,2006-07-01,2.5069487826930117
ks_i21_price_hist_q_hist,sd,na,2006-10-01,2.3762250579300015
ks_i21_price_hist_q_hist,sd,na,2007-01-01,2.423966997631888
ks_i21_price_hist_q_hist,sd,na,2007-04-01,2.224831446549447
ks_i21_price_hist_q_hist,sd,na,2007-07-01,2.3443837785891026
ks_i21_price_hist_q_hist,sd,na,2007-10-01,2.1689802398226448
ks_i21_price_hist_q_hist,sd,na,2008-01-01,2.1882213771327863
ks_i21_price_hist_q_hist,sd,na,2008-04-01,2.1650805429585427
ks_i21_price_hist_q_hist,sd,na,2008-07-01,2.1987990273805993
ks_i21_price_hist_q_hist,sd,na,2008-10-01,2.142397695951661
ks_i21_price_hist_q_hist,sd,na,2009-01-01,2.8587991605706087
ks_i21_price_hist_q_hist,sd,na,2009-04-01,2.734107255126786
ks_i21_price_hist_q_hist,sd,na,2009-07-01,2.726269696258774
ks_i21_price_hist_q_hist,sd,na,2009-10-01,2.7861499496241535
ks_i21_price_hist_q_hist,sd,na,2010-01-01,2.555031779838871
ks_i21_price_hist_q_hist,sd,na,2010-04-01,2.4929207515134615
ks_i21_price_hist_q_hist,sd,na,2010-07-01,2.5455319156606024
ks_i21_price_hist_q_hist,sd,na,2010-10-01,2.42243239432859
ks_i21_price_hist_q_hist,sd,na,2011-01-01,2.721394706957251
ks_i21_price_hist_q_hist,sd,na,2011-04-01,2.4177721911184955
ks_i21_price_hist_q_hist,sd,na,2011-07-01,2.4230715345788885
ks_i21_price_hist_q_hist,sd,na,2011-10-01,2.698995770827341
ks_i21_price_hist_q_hist,sd,na,2012-01-01,2.6159661948667026
ks_i21_price_hist_q_hist,sd,na,2012-04-01,2.6600409390301096
ks_i21_price_hist_q_hist,sd,na,2012-07-01,2.6340812071352726
ks_i21_price_hist_q_hist,sd,na,2012-10-01,2.5215322581380923
ks_i21_price_hist_q_hist,sd,na,2013-01-01,2.444192728192289
ks_i21_price_hist_q_hist,sd,na,2013-04-01,2.4287379920405434
ks_i21_price_hist_q_hist,sd,na,2013-07-01,2.408272786277983
ks_i21_price_hist_q_hist,sd,na,2013-10-01,2.30218652909492
ks_i21_price_hist_q_hist,sd,na,2014-01-01,2.162265383490874
ks_i21_price_hist_q_hist,sd,na,2014-04-01,2.3604256461401936
ks_i21_price_hist_q_hist,sd,na,2014-07-01,2.279178239406761
ks_i21_price_hist_q_hist,sd,na,2014-10-01,2.2747600481756858
ks_i21_price_hist_q_hist,sd,na,2015-01-01,2.4691850393942327
ks_i21_price_hist_q_hist,sd,na,2015-04-01,2.768476877938281
ks_i21_price_hist_q_hist,sd,na,2015-07-01,2.8033765926534437
ks_i21_price_hist_q_hist,sd,na,2015-10-01,2.7499575946788837
ks_i21_price_hist_q_hist,sd,na,2016-01-01,2.529016661159456
ks_i21_price_hist_q_hist,sd,na,2016-04-01,2.5718398399066107
ks_i21_price_hist_q_hist,sd,na,2016-07-01,2.596860948677147
ks_i21_price_hist_q_hist,sd,na,2016-10-01,2.4966909333918417
ks_i21_price_hist_q_hist,sd,na,2017-01-01,2.4127334890787098
ks_i21_price_hist_q_hist,sd,na,2017-04-01,2.44517805948763
ks_i21_price_hist_q_hist,sd,na,2017-07-01,2.3179215594005584
ks_i21_price_hist_q_hist,sd,na,2017-10-01,2.3582803224797995
ks_i21_price_hist_q_hist,sd,na,2018-01-01,2.125058297949706
ks_i21_price_hist_q_hist,sd,na,2018-04-01,2.249862218031457
ks_i21_price_hist_q_hist,sd,na,2018-07-01,2.2275642459087996
ks_i21_price_hist_q_hist,sd,na,2018-10-01,2.063078136366065
ks_i21_price_hist_q_hist,sd,na,2019-01-01,2.0262279736586657
ks_i21_price_hist_q_hist,sd,na,2019-04-01,2.092332027731451
ks_i21_price_hist_q_hist,sd,na,2019-07-01,2.1569290660324256
ks_i21_price_hist_q_hist,sd,na,2019-10-01,2.0992506456009306
ks_i21_price_hist_q_hist,sd,na,2020-01-01,2.0210636853825754
ks_i21_price_hist_q_hist,sd,na,2020-04-01,1.5676298650542582
ks_i21_price_hist_q_hist,sd,na,2020-07-01,1.973758644274849
ks_i21_price_hist_q_hist,sd,na,2020-10-01,1.8502420310562795
ks_i21_price_hist_q_hist,sd,na,2021-01-01,1.7327209313032779
ks_i21_price_hist_q_hist,sd,na,2021-04-01,1.9039508063815855
ks_i21_price_hist_q_hist,sd,na,2021-07-01,2.0764740746991674
ks_i21_price_hist_q_hist,sd,na,2021-10-01,2.119304080978857
ks_i21_price_hist_q_hist,sd,na,2022-01-01,1.914082243894321
ks_i21_price_hist_q_hist,sd,na,2022-04-01,1.7970690392207906
ks_i21_price_hist_q_hist,sd,na,2022-07-01,1.7960443111786493
ks_i21_price_hist_q_hist,sd,na,2022-10-01,1.8482719811924098
ks_i21_price_hist_q_hist,sd,na,2023-01-01,1.7274165262381398
ks_i21_price_hist_q_hist,sd,na,2023-04-01,1.8790985597529026
ks_i21_price_hist_q_hist,sd,na,2023-07-01,1.9934735781926545
ks_i21_price_hist_q_hist,sd,na,2023-10-01,1.7939112144705218
ks_i22_price_exp_q_hist,sd,na,1972-10-01,3.0015769108956225
ks_i22_price_exp_q_hist,sd,na,1973-01-01,3.381630631112735
ks_i22_price_exp_q_hist,sd,na,1973-04-01,3.0229373830021857
ks_i22_price_exp_q_hist,sd,na,1973-07-01,3.115939985291649
ks_i22_price_exp_q_hist,sd,na,1973-10-01,2.6669725458098132
ks_i22_price_exp_q_hist,sd,na,1974-01-01,3.0044925909678226
ks_i22_price_exp_q_hist,sd,na,1974-04-01,3.1998982119169286
ks_i22_price_exp_q_hist,sd,na,1974-07-01,3.032363093561302
ks_i22_price_exp_q_hist,sd,na,1974-10-01,3.2488244959086794
ks_i22_price_exp_q_hist,sd,na,1975-01-01,3.041753327752245
ks_i22_price_exp_q_hist,sd,na,1975-04-01,3.9633710258132937
ks_i22_price_exp_q_hist,sd,na,1975-07-01,3.472629544838816
ks_i22_price_exp_q_hist,sd,na,1975-10-01,3.0928445922624075
ks_i22_price_exp_q_hist,sd,na,1976-01-01,2.89252607510824
ks_i22_price_exp_q_hist,sd,na,1976-04-01,2.7477390087591598
ks_i22_price_exp_q_hist,sd,na,1976-07-01,3.0643463317534225
ks_i22_price_exp_q_hist,sd,na,1976-10-01,2.813434886833517
ks_i22_price_exp_q_hist,sd,na,1977-01-01,2.7455668446165675
ks_i22_price_exp_q_hist,sd,na,1977-04-01,2.642462344946327
ks_i22_price_exp_q_hist,sd,na,1977-07-01,2.6292851157455344
ks_i22_price_exp_q_hist,sd,na,1977-10-01,2.695223047692678
ks_i22_price_exp_q_hist,sd,na,1978-01-01,2.6817475286839985
ks_i22_price_exp_q_hist,sd,na,1978-04-01,2.832099636525197
ks_i22_price_exp_q_hist,sd,na,1978-07-01,3.0775045230982547
ks_i22_price_exp_q_hist,sd,na,1978-10-01,2.8895699081540376
ks_i22_price_exp_q_hist,sd,na,1979-01-01,3.0479129061950294
ks_i22_price_exp_q_hist,sd,na,1979-04-01,2.837525422161969
ks_i22_price_exp_q_hist,sd,na,1979-07-01,2.86279274287543
ks_i22_price_exp_q_hist,sd,na,1979-10-01,2.668080920791118
ks_i22_price_exp_q_hist,sd,na,1980-01-01,2.2568056508238747
ks_i22_price_exp_q_hist,sd,na,1980-04-01,2.4388485906948
ks_i22_price_exp_q_hist,sd,na,1980-07-01,2.369557553659667
ks_i22_price_exp_q_hist,sd,na,1980-10-01,2.3931787482367564
ks_i22_price_exp_q_hist,sd,na,1981-01-01,1.9213574509087996
ks_i22_price_exp_q_hist,sd,na,1981-04-01,2.1346362562426404
ks_i22_price_exp_q_hist,sd,na,1981-07-01,2.0186540339138146
ks_i22_price_exp_q_hist,sd,na,1981-10-01,2.0976600714440328
ks_i22_price_exp_q_hist,sd,na,1982-01-01,2.1684866484828254
ks_i22_price_exp_q_hist,sd,na,1982-04-01,2.164749792551274
ks_i22_price_exp_q_hist,sd,na,1982-07-01,2.0855477619758265
ks_i22_price_exp_q_hist,sd,na,1982-10-01,1.898669656261283
ks_i22_price_exp_q_hist,sd,na,1983-01-01,2.177349554141335
ks_i22_price_exp_q_hist,sd,na,1983-04-01,1.8929784042327789
ks_i22_price_exp_q_hist,sd,na,1983-07-01,1.8160726511344667
ks_i22_price_exp_q_hist,sd,na,1983-10-01,1.9629627505006797
ks_i22_price_exp_q_hist,sd,na,1984-01-01,1.7820821398701339
ks_i22_price_exp_q_hist,sd,na,1984-04-01,1.791236524796923
ks_i22_price_exp_q_hist,sd,na,1984-07-01,1.7510106318217118
ks_i22_price_exp_q_hist,sd,na,1984-10-01,1.791359297358455
ks_i22_price_exp_q_hist,sd,na,1985-01-01,1.9004162849126096
ks_i22_price_exp_q_hist,sd,na,1985-04-01,1.757246534601783
ks_i22_price_exp_q_hist,sd,na,1985-07-01,1.7986882321772568
ks_i22_price_exp_q_hist,sd,na,1985-10-01,1.7272355322342747
ks_i22_price_exp_q_hist,sd,na,1986-01-01,1.675271279366757
ks_i22_price_exp_q_hist,sd,na,1986-04-01,1.8853866997058395
ks_i22_price_exp_q_hist,sd,na,1986-07-01,1.9797469680420787
ks_i22_price_exp_q_hist,sd,na,1986-10-01,1.8536339408989777
ks_i22_price_exp_q_hist,sd,na,1987-01-01,1.8655768327283144
ks_i22_price_exp_q_hist,sd,na,1987-04-01,1.9474165822645386
ks_i22_price_exp_q_hist,sd,na,1987-07-01,1.7986880571486294
ks_i22_price_exp_q_hist,sd,na,1987-10-01,1.7877703568641734
ks_i22_price_exp_q_hist,sd,na,1988-01-01,1.8911988089694896
ks_i22_price_exp_q_hist,sd,na,1988-04-01,1.6896015463992895
ks_i22_price_exp_q_hist,sd,na,1988-07-01,1.7166694036453842
ks_i22_price_exp_q_hist,sd,na,1988-10-01,1.7763536336513404
ks_i22_price_exp_q_hist,sd,na,1989-01-01,1.6648064593900322
ks_i22_price_exp_q_hist,sd,na,1989-04-01,1.971308989092062
ks_i22_price_exp_q_hist,sd,na,1989-07-01,2.006029678201887
ks_i22_price_exp_q_hist,sd,na,1989-10-01,1.8115299635714939
ks_i22_price_exp_q_hist,sd,na,1990-01-01,1.9289236506499696
ks_i22_price_exp_q_hist,sd,na,1990-04-01,2.1132996711232783
ks_i22_price_exp_q_hist,sd,na,1990-07-01,2.0314420486567832
ks_i22_price_exp_q_hist,sd,na,1990-10-01,2.033544194199125
ks_i22_price_exp_q_hist,sd,na,1991-01-01,2.063647018134334
ks_i22_price_exp_q_hist,sd,na,1991-04-01,2.0034210943863666
ks_i22_price_exp_q_hist,sd,na,1991-07-01,1.970449961627898
ks_i22_price_exp_q_hist,sd,na,1991-10-01,2.1407898260404
ks_i22_price_exp_q_hist,sd,na,1992-01-01,1.8570766913718764
ks_i22_price_exp_q_hist,sd,na,1992-04-01,2.0278751788053486
ks_i22_price_exp_q_hist,sd,na,1992-07-01,2.1238295933483906
ks_i22_price_exp_q_hist,sd,na,1992-10-01,2.2370536472636893
ks_i22_price_exp_q_hist,sd,na,1993-01-01,2.2389616045868492
ks_i22_price_exp_q_hist,sd,na,1993-04-01,2.1414348113292165
ks_i22_price_exp_q_hist,sd,na,1993-07-01,2.168188030884164
ks_i22_price_exp_q_hist,sd,na,1993-10-01,2.132068197145662
ks_i22_price_exp_q_hist,sd,na,1994-01-01,2.111821418746328
ks_i22_price_exp_q_hist,sd,na,1994-04-01,1.9889530207917434
ks_i22_price_exp_q_hist,sd,na,1994-07-01,2.156610786314382
ks_i22_price_exp_q_hist,sd,na,1994-10-01,2.379880315287659
ks_i22_price_exp_q_hist,sd,na,1995-01-01,1.881247413055851
ks_i22_price_exp_q_hist,sd,na,1995-04-01,2.086301546477448
ks_i22_price_exp_q_hist,sd,na,1995-07-01,2.166437332781069
ks_i22_price_exp_q_hist,sd,na,1995-10-01,2.094661276337944
ks_i22_price_exp_q_hist,sd,na,1996-01-01,2.126914847862199
ks_i22_price_exp_q_hist,sd,na,1996-04-01,2.0150563467946947
ks_i22_price_exp_q_hist,sd,na,1996-07-01,2.3085813137105275
ks_i22_price_exp_q_hist,sd,na,1996-10-01,2.6232043102618525
ks_i22_price_exp_q_hist,sd,na,1997-01-01,2.4214048352189868
ks_i22_price_exp_q_hist,sd,na,1997-04-01,2.4025065327030317
ks_i22_price_exp_q_hist,sd,na,1997-07-01,2.379062913295632
ks_i22_price_exp_q_hist,sd,na,1997-10-01,2.3080459971995384
ks_i22_price_exp_q_hist,sd,na,1998-01-01,2.1183901928664852
ks_i22_price_exp_q_hist,sd,na,1998-04-01,2.1959038101669983
ks_i22_price_exp_q_hist,sd,na,1998-07-01,2.080171654459743
ks_i22_price_exp_q_hist,sd,na,1998-10-01,2.2661620708557
ks_i22_price_exp_q_hist,sd,na,1999-01-01,2.1867651419231726
ks_i22_price_exp_q_hist,sd,na,1999-04-01,2.096979215291093
ks_i22_price_exp_q_hist,sd,na,1999-07-01,2.264326194756712
ks_i22_price_exp_q_hist,sd,na,1999-10-01,2.2433155610764324
ks_i22_price_exp_q_hist,sd,na,2000-01-01,2.182798438176886
ks_i22_price_exp_q_hist,sd,na,2000-04-01,2.1790932526307047
ks_i22_price_exp_q_hist,sd,na,2000-07-01,2.192957680099962
ks_i22_price_exp_q_hist,sd,na,2000-10-01,2.2729218521178622
ks_i22_price_exp_q_hist,sd,na,2001-01-01,2.2157019383321677
ks_i22_price_exp_q_hist,sd,na,2001-04-01,2.0998207845532737
ks_i22_price_exp_q_hist,sd,na,2001-07-01,2.1671977547186145
ks_i22_price_exp_q_hist,sd,na,2001-10-01,2.2022628194290026
ks_i22_price_exp_q_hist,sd,na,2002-01-01,2.2073524995678553
ks_i22_price_exp_q_hist,sd,na,2002-04-01,1.9306521827239378
ks_i22_price_exp_q_hist,sd,na,2002-07-01,2.1278836545988558
ks_i22_price_exp_q_hist,sd,na,2002-10-01,2.1717710687045626
ks_i22_price_exp_q_hist,sd,na,2003-01-01,2.106042926693705
ks_i22_price_exp_q_hist,sd,na,2003-04-01,2.114894890322613
ks_i22_price_exp_q_hist,sd,na,2003-07-01,2.115416951269666
ks_i22_price_exp_q_hist,sd,na,2003-10-01,2.0288073992555016
ks_i22_price_exp_q_hist,sd,na,2004-01-01,1.9705280088391788
ks_i22_price_exp_q_hist,sd,na,2004-04-01,2.0912587183435165
ks_i22_price_exp_q_hist,sd,na,2004-07-01,2.2834165855342543
ks_i22_price_exp_q_hist,sd,na,2004-10-01,2.235719598590527
ks_i22_price_exp_q_hist,sd,na,2005-01-01,2.356050275412969
ks_i22_price_exp_q_hist,sd,na,2005-04-01,2.541022796888849
ks_i22_price_exp_q_hist,sd,na,2005-07-01,2.409860757808764
ks_i22_price_exp_q_hist,sd,na,2005-10-01,2.493065980540566
ks_i22_price_exp_q_hist,sd,na,2006-01-01,2.372088312636753
ks_i22_price_exp_q_hist,sd,na,2006-04-01,2.304636525303528
ks_i22_price_exp_q_hist,sd,na,2006-07-01,2.4264289692616163
ks_i22_price_exp_q_hist,sd,na,2006-10-01,2.1770906522824918
ks_i22_price_exp_q_hist,sd,na,2007-01-01,2.2988900191977435
ks_i22_price_exp_q_hist,sd,na,2007-04-01,2.215492031788013
ks_i22_price_exp_q_hist,sd,na,2007-07-01,2.182353320645988
ks_i22_price_exp_q_hist,sd,na,2007-10-01,2.077995914461194
ks_i22_price_exp_q_hist,sd,na,2008-01-01,2.0612114777595254
ks_i22_price_exp_q_hist,sd,na,2008-04-01,2.054118280292791
ks_i22_price_exp_q_hist,sd,na,2008-07-01,2.1541275829446125
ks_i22_price_exp_q_hist,sd,na,2008-10-01,2.351350835363455
ks_i22_price_exp_q_hist,sd,na,2009-01-01,2.829236084398669
ks_i22_price_exp_q_hist,sd,na,2009-04-01,2.647610735331887
ks_i22_price_exp_q_hist,sd,na,2009-07-01,2.5574683999060115
ks_i22_price_exp_q_hist,sd,na,2009-10-01,2.5042081539949237
ks_i22_price_exp_q_hist,sd,na,2010-01-01,2.296078903164295
ks_i22_price_exp_q_hist,sd,na,2010-04-01,2.1970216685460757
ks_i22_price_exp_q_hist,sd,na,2010-07-01,2.387686934204979
ks_i22_price_exp_q_hist,sd,na,2010-10-01,2.279210687327544
ks_i22_price_exp_q_hist,sd,na,2011-01-01,2.47316235884556
ks_i22_price_exp_q_hist,sd,na,2011-04-01,2.2204148459148025
ks_i22_price_exp_q_hist,sd,na,2011-07-01,2.458851021005133
ks_i22_price_exp_q_hist,sd,na,2011-10-01,2.501495490274714
ks_i22_price_exp_q_hist,sd,na,2012-01-01,2.347520513647864
ks_i22_price_exp_q_hist,sd,na,2012-04-01,2.343800784273002
ks_i22_price_exp_q_hist,sd,na,2012-07-01,2.397062054893771
ks_i22_price_exp_q_hist,sd,na,2012-10-01,2.264213042385328
ks_i22_price_exp_q_hist,sd,na,2013-01-01,2.146999707801772
ks_i22_price_exp_q_hist,sd,na,2013-04-01,2.247126435519932
ks_i22_price_exp_q_hist,sd,na,2013-07-01,2.2083537381515677
ks_i22_price_exp_q_hist,sd,na,2013-10-01,2.0685675306270777
ks_i22_price_exp_q_hist,sd,na,2014-01-01,2.017687435389564
ks_i22_price_exp_q_hist,sd,na,2014-04-01,2.183386092872695
ks_i22_price_exp_q_hist,sd,na,2014-07-01,1.9687840851344824
ks_i22_price_exp_q_hist,sd,na,2014-10-01,2.1791466403322413
ks_i22_price_exp_q_hist,sd,na,2015-01-01,2.5658989183363405
ks_i22_price_exp_q_hist,sd,na,2015-04-01,2.4794333425046853
ks_i22_price_exp_q_hist,sd,na,2015-07-01,2.4998505860825713
ks_i22_price_exp_q_hist,sd,na,2015-10-01,2.4240224322793806
ks_i22_price_exp_q_hist,sd,na,2016-01-01,2.175535912168052
ks_i22_price_exp_q_hist,sd,na,2016-04-01,2.2665400035767016
ks_i22_price_exp_q_hist,sd,na,2016-07-01,2.424002434849468
ks_i22_price_exp_q_hist,sd,na,2016-10-01,2.364103972544236
ks_i22_price_exp_q_hist,sd,na,2017-01-01,2.0981068474663562
ks_i22_price_exp_q_hist,sd,na,2017-04-01,2.124155886783276
ks_i22_price_exp_q_hist,sd,na,2017-07-01,2.159410766313145
ks_i22_price_exp_q_hist,sd,na,2017-10-01,2.2885142938014766
ks_i22_price_exp_q_hist,sd,na,2018-01-01,2.0049380991748618
ks_i22_price_exp_q_hist,sd,na,2018-04-01,2.075011542845508
ks_i22_price_exp_q_hist,sd,na,2018-07-01,2.137871941628923
ks_i22_price_exp_q_hist,sd,na,2018-10-01,1.9607787468501578
ks_i22_price_exp_q_hist,sd,na,2019-01-01,1.923171384913362
ks_i22_price_exp_q_hist,sd,na,2019-04-01,1.9357787683366434
ks_i22_price_exp_q_hist,sd,na,2019-07-01,1.9855629250475666
ks_i22_price_exp_q_hist,sd,na,2019-10-01,2.139008797281198
ks_i22_price_exp_q_hist,sd,na,2020-01-01,1.9515962590537304
ks_i22_price_exp_q_hist,sd,na,2020-04-01,2.116342686447476
ks_i22_price_exp_q_hist,sd,na,2020-07-01,2.2217098450355897
ks_i22_price_exp_q_hist,sd,na,2020-10-01,2.0175559270228405
ks_i22_price_exp_q_hist,sd,na,2021-01-01,1.9657568676540171
ks_i22_price_exp_q_hist,sd,na,2021-04-01,1.9772841421906029
ks_i22_price_exp_q_hist,sd,na,2021-07-01,2.0388345046556133
ks_i22_price_exp_q_hist,sd,na,2021-10-01,2.070158685485316
ks_i22_price_exp_q_hist,sd,na,2022-01-01,1.9008574660997661
ks_i22_price_exp_q_hist,sd,na,2022-04-01,2.0315945528896586
ks_i22_price_exp_q_hist,sd,na,2022-07-01,1.9989822420948493
ks_i22_price_exp_q_hist,sd,na,2022-10-01,2.305903931268318
ks_i22_price_exp_q_hist,sd,na,2023-01-01,2.149498291205007
ks_i22_price_exp_q_hist,sd,na,2023-04-01,2.3774857482305842
ks_i22_price_exp_q_hist,sd,na,2023-07-01,2.4081447080079696
ks_i22_price_exp_q_hist,sd,na,2023-10-01,2.279484463165203
ks_i31_job_secure_q_hist,sd,na,1972-10-01,4.804584260141583
ks_i31_job_secure_q_hist,sd,na,1973-01-01,4.455823577702012
ks_i31_job_secure_q_hist,sd,na,1973-04-01,4.621928343327723
ks_i31_job_secure_q_hist,sd,na,1973-07-01,4.421341531304242
ks_i31_job_secure_q_hist,sd,na,1973-10-01,4.351453814600496
ks_i31_job_secure_q_hist,sd,na,1974-01-01,3.8223653303347636
ks_i31_job_secure_q_hist,sd,na,1974-04-01,4.175235682091289
ks_i31_job_secure_q_hist,sd,na,1974-07-01,3.7064999158282155
ks_i31_job_secure_q_hist,sd,na,1974-10-01,4.046093159428434
ks_i31_job_secure_q_hist,sd,na,1975-01-01,3.1250076677614187
ks_i31_job_secure_q_hist,sd,na,1975-04-01,3.7691349485114594
ks_i31_job_secure_q_hist,sd,na,1975-07-01,3.490361088975473
ks_i31_job_secure_q_hist,sd,na,1975-10-01,3.4692728770319
ks_i31_job_secure_q_hist,sd,na,1976-01-01,3.3922846924100356
ks_i31_job_secure_q_hist,sd,na,1976-04-01,4.200663300093552
ks_i31_job_secure_q_hist,sd,na,1976-07-01,4.577852285999397
ks_i31_job_secure_q_hist,sd,na,1976-10-01,4.058642199761249
ks_i31_job_secure_q_hist,sd,na,1977-01-01,3.558175716813447
ks_i31_job_secure_q_hist,sd,na,1977-04-01,4.234925012496127
ks_i31_job_secure_q_hist,sd,na,1977-07-01,3.733636318225283
ks_i31_job_secure_q_hist,sd,na,1977-10-01,4.2327633042547355
ks_i31_job_secure_q_hist,sd,na,1978-01-01,3.954356023097985
ks_i31_job_secure_q_hist,sd,na,1978-04-01,4.599567347539638
ks_i31_job_secure_q_hist,sd,na,1978-07-01,4.7591605598167765
ks_i31_job_secure_q_hist,sd,na,1978-10-01,4.017094113139364
ks_i31_job_secure_q_hist,sd,na,1979-01-01,4.313775370791341
ks_i31_job_secure_q_hist,sd,na,1979-04-01,4.687972807942245
ks_i31_job_secure_q_hist,sd,na,1979-07-01,4.896919776182712
ks_i31_job_secure_q_hist,sd,na,1979-10-01,4.317125491404378
ks_i31_job_secure_q_hist,sd,na,1980-01-01,3.715174081624161
ks_i31_job_secure_q_hist,sd,na,1980-04-01,3.7798720219971846
ks_i31_job_secure_q_hist,sd,na,1980-07-01,3.6214076899363428
ks_i31_job_secure_q_hist,sd,na,1980-10-01,4.096466735980774
ks_i31_job_secure_q_hist,sd,na,1981-01-01,3.1357498089916738
ks_i31_job_secure_q_hist,sd,na,1981-04-01,3.0962603930164323
ks_i31_job_secure_q_hist,sd,na,1981-07-01,2.8238785111449123
ks_i31_job_secure_q_hist,sd,na,1981-10-01,3.013905365937373
ks_i31_job_secure_q_hist,sd,na,1982-01-01,2.7530651353731486
ks_i31_job_secure_q_hist,sd,na,1982-04-01,2.7234964398552237
ks_i31_job_secure_q_hist,sd,na,1982-07-01,2.6587188551982486
ks_i31_job_secure_q_hist,sd,na,1982-10-01,2.5609142939327056
ks_i31_job_secure_q_hist,sd,na,1983-01-01,2.501556320401287
ks_i31_job_secure_q_hist,sd,na,1983-04-01,2.7212753123265494
ks_i31_job_secure_q_hist,sd,na,1983-07-01,2.9111653933587673
ks_i31_job_secure_q_hist,sd,na,1983-10-01,2.90013353861226
ks_i31_job_secure_q_hist,sd,na,1984-01-01,2.8972491502052646
ks_i31_job_secure_q_hist,sd,na,1984-04-01,2.9449503161737582
ks_i31_job_secure_q_hist,sd,na,1984-07-01,3.102393013804402
ks_i31_job_secure_q_hist,sd,na,1984-10-01,3.0489615714999436
ks_i31_job_secure_q_hist,sd,na,1985-01-01,2.9722592476333385
ks_i31_job_secure_q_hist,sd,na,1985-04-01,3.0921997231373495
ks_i31_job_secure_q_hist,sd,na,1985-07-01,3.107298466043061
ks_i31_job_secure_q_hist,sd,na,1985-10-01,3.198352374576192
ks_i31_job_secure_q_hist,sd,na,1986-01-01,3.0799322709490897
ks_i31_job_secure_q_hist,sd,na,1986-04-01,3.0958598810352433
ks_i31_job_secure_q_hist,sd,na,1986-07-01,3.047852604811791
ks_i31_job_secure_q_hist,sd,na,1986-10-01,3.126374035683461
ks_i31_job_secure_q_hist,sd,na,1987-01-01,2.9846118521355347
ks_i31_job_secure_q_hist,sd,na,1987-04-01,3.1443303358371635
ks_i31_job_secure_q_hist,sd,na,1987-07-01,3.18711784693809
ks_i31_job_secure_q_hist,sd,na,1987-10-01,3.1238647069274386
ks_i31_job_secure_q_hist,sd,na,1988-01-01,2.846936019118247
ks_i31_job_secure_q_hist,sd,na,1988-04-01,2.831733927244705
ks_i31_job_secure_q_hist,sd,na,1988-07-01,3.02412094304334
ks_i31_job_secure_q_hist,sd,na,1988-10-01,3.0385810870495162
ks_i31_job_secure_q_hist,sd,na,1989-01-01,3.088018287671292
ks_i31_job_secure_q_hist,sd,na,1989-04-01,3.136800092626847
ks_i31_job_secure_q_hist,sd,na,1989-07-01,2.991865749591323
ks_i31_job_secure_q_hist,sd,na,1989-10-01,3.1918800047371283
ks_i31_job_secure_q_hist,sd,na,1990-01-01,3.2302198210222692
ks_i31_job_secure_q_hist,sd,na,1990-04-01,3.2652979794982997
ks_i31_job_secure_q_hist,sd,na,1990-07-01,3.395339719093229
ks_i31_job_secure_q_hist,sd,na,1990-10-01,3.1718542912458014
ks_i31_job_secure_q_hist,sd,na,1991-01-01,2.910718568200573
ks_i31_job_secure_q_hist,sd,na,1991-04-01,2.6052025849446343
ks_i31_job_secure_q_hist,sd,na,1991-07-01,2.5634636096541037
ks_i31_job_secure_q_hist,sd,na,1991-10-01,2.3947469747724415
ks_i31_job_secure_q_hist,sd,na,1992-01-01,2.1114800341470117
ks_i31_job_secure_q_hist,sd,na,1992-04-01,2.4285641297521128
ks_i31_job_secure_q_hist,sd,na,1992-07-01,2.3175591756348717
ks_i31_job_secure_q_hist,sd,na,1992-10-01,1.9575457255429112
ks_i31_job_secure_q_hist,sd,na,1993-01-01,2.277693257650252
ks_i31_job_secure_q_hist,sd,na,1993-04-01,2.2199059645428836
ks_i31_job_secure_q_hist,sd,na,1993-07-01,2.113333815647337
ks_i31_job_secure_q_hist,sd,na,1993-10-01,2.299068695422035
ks_i31_job_secure_q_hist,sd,na,1994-01-01,2.3219789482998148
ks_i31_job_secure_q_hist,sd,na,1994-04-01,2.7641142516198203
ks_i31_job_secure_q_hist,sd,na,1994-07-01,3.100229440855549
ks_i31_job_secure_q_hist,sd,na,1994-10-01,2.9754465813889417
ks_i31_job_secure_q_hist,sd,na,1995-01-01,2.9708350469234093
ks_i31_job_secure_q_hist,sd,na,1995-04-01,2.852363248638949
ks_i31_job_secure_q_hist,sd,na,1995-07-01,2.813114313851825
ks_i31_job_secure_q_hist,sd,na,1995-10-01,2.785792235336832
ks_i31_job_secure_q_hist,sd,na,1996-01-01,2.504722648540785
ks_i31_job_secure_q_hist,sd,na,1996-04-01,2.1807388284839284
ks_i31_job_secure_q_hist,sd,na,1996-07-01,2.36540269162377
ks_i31_job_secure_q_hist,sd,na,1996-10-01,2.518043331983474
ks_i31_job_secure_q_hist,sd,na,1997-01-01,2.5999568086699862
ks_i31_job_secure_q_hist,sd,na,1997-04-01,2.8752239801160555
ks_i31_job_secure_q_hist,sd,na,1997-07-01,3.268318890977236
ks_i31_job_secure_q_hist,sd,na,1997-10-01,3.2475545439158333
ks_i31_job_secure_q_hist,sd,na,1998-01-01,2.833783311271212
ks_i31_job_secure_q_hist,sd,na,1998-04-01,3.312693960591952
ks_i31_job_secure_q_hist,sd,na,1998-07-01,3.5088233261308477
ks_i31_job_secure_q_hist,sd,na,1998-10-01,3.435177263510327
ks_i31_job_secure_q_hist,sd,na,1999-01-01,3.222426658969816
ks_i31_job_secure_q_hist,sd,na,1999-04-01,3.3970127882071925
ks_i31_job_secure_q_hist,sd,na,1999-07-01,3.481818585732617
ks_i31_job_secure_q_hist,sd,na,1999-10-01,3.761109333949458
ks_i31_job_secure_q_hist,sd,na,2000-01-01,3.6639980579484415
ks_i31_job_secure_q_hist,sd,na,2000-04-01,3.7187551039935416
ks_i31_job_secure_q_hist,sd,na,2000-07-01,3.835236597286138
ks_i31_job_secure_q_hist,sd,na,2000-10-01,3.416834230681063
ks_i31_job_secure_q_hist,sd,na,2001-01-01,3.5947967231180256
ks_i31_job_secure_q_hist,sd,na,2001-04-01,3.765298671150693
ks_i31_job_secure_q_hist,sd,na,2001-07-01,3.7627309616547673
ks_i31_job_secure_q_hist,sd,na,2001-10-01,3.1089941706157895
ks_i31_job_secure_q_hist,sd,na,2002-01-01,3.09411439719095
ks_i31_job_secure_q_hist,sd,na,2002-04-01,3.093713709960834
ks_i31_job_secure_q_hist,sd,na,2002-07-01,3.2333507108675836
ks_i31_job_secure_q_hist,sd,na,2002-10-01,2.7919753009592325
ks_i31_job_secure_q_hist,sd,na,2003-01-01,3.0599151828542017
ks_i31_job_secure_q_hist,sd,na,2003-04-01,3.073952724576443
ks_i31_job_secure_q_hist,sd,na,2003-07-01,2.7551512433351912
ks_i31_job_secure_q_hist,sd,na,2003-10-01,2.707036206569792
ks_i31_job_secure_q_hist,sd,na,2004-01-01,2.872010661375471
ks_i31_job_secure_q_hist,sd,na,2004-04-01,3.0601724549580394
ks_i31_job_secure_q_hist,sd,na,2004-07-01,2.9895711185257805
ks_i31_job_secure_q_hist,sd,na,2004-10-01,2.9576224077331954
ks_i31_job_secure_q_hist,sd,na,2005-01-01,2.8705292465017234
ks_i31_job_secure_q_hist,sd,na,2005-04-01,2.987763639669251
ks_i31_job_secure_q_hist,sd,na,2005-07-01,2.8236385012643503
ks_i31_job_secure_q_hist,sd,na,2005-10-01,2.9383563146549814
ks_i31_job_secure_q_hist,sd,na,2006-01-01,2.980838593726695
ks_i31_job_secure_q_hist,sd,na,2006-04-01,3.2635666144731545
ks_i31_job_secure_q_hist,sd,na,2006-07-01,3.48031324008318
ks_i31_job_secure_q_hist,sd,na,2006-10-01,3.4699829361368026
ks_i31_job_secure_q_hist,sd,na,2007-01-01,3.465994267045699
ks_i31_job_secure_q_hist,sd,na,2007-04-01,3.48150021170548
ks_i31_job_secure_q_hist,sd,na,2007-07-01,3.54454795205338
ks_i31_job_secure_q_hist,sd,na,2007-10-01,3.5744613518102306
ks_i31_job_secure_q_hist,sd,na,2008-01-01,3.307401246657608
ks_i31_job_secure_q_hist,sd,na,2008-04-01,3.37527940261847
ks_i31_job_secure_q_hist,sd,na,2008-07-01,3.412929088505037
ks_i31_job_secure_q_hist,sd,na,2008-10-01,2.7997015497002993
ks_i31_job_secure_q_hist,sd,na,2009-01-01,2.6973724842036044
ks_i31_job_secure_q_hist,sd,na,2009-04-01,2.4234442654761534
ks_i31_job_secure_q_hist,sd,na,2009-07-01,2.6293229591107328
ks_i31_job_secure_q_hist,sd,na,2009-10-01,2.698338561842953
ks_i31_job_secure_q_hist,sd,na,2010-01-01,2.583019042409928
ks_i31_job_secure_q_hist,sd,na,2010-04-01,3.331842356237132
ks_i31_job_secure_q_hist,sd,na,2010-07-01,3.1969490026378162
ks_i31_job_secure_q_hist,sd,na,2010-10-01,3.1561731012106637
ks_i31_job_secure_q_hist,sd,na,2011-01-01,3.1608536428383935
ks_i31_job_secure_q_hist,sd,na,2011-04-01,2.9787616887007236
ks_i31_job_secure_q_hist,sd,na,2011-07-01,2.867272386764338
ks_i31_job_secure_q_hist,sd,na,2011-10-01,2.7845898698660263
ks_i31_job_secure_q_hist,sd,na,2012-01-01,2.758064862396213
ks_i31_job_secure_q_hist,sd,na,2012-04-01,3.0722415151880966
ks_i31_job_secure_q_hist,sd,na,2012-07-01,3.102896138156083
ks_i31_job_secure_q_hist,sd,na,2012-10-01,2.8121413864442384
ks_i31_job_secure_q_hist,sd,na,2013-01-01,2.6997522987731957
ks_i31_job_secure_q_hist,sd,na,2013-04-01,3.0327310739148636
ks_i31_job_secure_q_hist,sd,na,2013-07-01,3.0079705651654924
ks_i31_job_secure_q_hist,sd,na,2013-10-01,3.078203883262698
ks_i31_job_secure_q_hist,sd,na,2014-01-01,2.8153266193904636
ks_i31_job_secure_q_hist,sd,na,2014-04-01,3.078583437849836
ks_i31_job_secure_q_hist,sd,na,2014-07-01,3.1377731940500393
ks_i31_job_secure_q_hist,sd,na,2014-10-01,2.966769732834107
ks_i31_job_secure_q_hist,sd,na,2015-01-01,3.080744426034431
ks_i31_job_secure_q_hist,sd,na,2015-04-01,2.86939548662343
ks_i31_job_secure_q_hist,sd,na,2015-07-01,3.0456769540460242
ks_i31_job_secure_q_hist,sd,na,2015-10-01,2.8134147669811385
ks_i31_job_secure_q_hist,sd,na,2016-01-01,2.6844510062237994
ks_i31_job_secure_q_hist,sd,na,2016-04-01,2.813153389152286
ks_i31_job_secure_q_hist,sd,na,2016-07-01,3.071558458517293
ks_i31_job_secure_q_hist,sd,na,2016-10-01,2.884914791923639
ks_i31_job_secure_q_hist,sd,na,2017-01-01,2.746116862214431
ks_i31_job_secure_q_hist,sd,na,2017-04-01,2.997019517879028
ks_i31_job_secure_q_hist,sd,na,2017-07-01,2.9842916697996467
ks_i31_job_secure_q_hist,sd,na,2017-10-01,3.026070424329689
ks_i31_job_secure_q_hist,sd,na,2018-01-01,2.6168943982191304
ks_i31_job_secure_q_hist,sd,na,2018-04-01,2.944480801492219
ks_i31_job_secure_q_hist,sd,na,2018-07-01,3.180803650769778
ks_i31_job_secure_q_hist,sd,na,2018-10-01,2.908576867967267
ks_i31_job_secure_q_hist,sd,na,2019-01-01,2.844918814115664
ks_i31_job_secure_q_hist,sd,na,2019-04-01,2.788347227238969
ks_i31_job_secure_q_hist,sd,na,2019-07-01,2.799768274497246
ks_i31_job_secure_q_hist,sd,na,2019-10-01,2.76753838485771
ks_i31_job_secure_q_hist,sd,na,2020-01-01,2.729826201523109
ks_i31_job_secure_q_hist,sd,na,2020-04-01,2.4071037799966906
ks_i31_job_secure_q_hist,sd,na,2020-07-01,2.5094444932104096
ks_i31_job_secure_q_hist,sd,na,2020-10-01,2.3971817714940316
ks_i31_job_secure_q_hist,sd,na,2021-01-01,2.31237413900701
ks_i31_job_secure_q_hist,sd,na,2021-04-01,2.5012086902151314
ks_i31_job_secure_q_hist,sd,na,2021-07-01,2.7783549827275515
ks_i31_job_secure_q_hist,sd,na,2021-10-01,2.883740488619769
ks_i31_job_secure_q_hist,sd,na,2022-01-01,2.9410105836347644
ks_i31_job_secure_q_hist,sd,na,2022-04-01,2.820034216553604
ks_i31_job_secure_q_hist,sd,na,2022-07-01,2.948407502185223
ks_i31_job_secure_q_hist,sd,na,2022-10-01,3.1580338894338933
ks_i31_job_secure_q_hist,sd,na,2023-01-01,3.07537604896713
ks_i31_job_secure_q_hist,sd,na,2023-04-01,3.2993178204882985
ks_i31_job_secure_q_hist,sd,na,2023-07-01,3.505641847911346
ks_i31_job_secure_q_hist,sd,na,2023-10-01,3.2480836500086956
ks_i32_unemp_exp_q_hist,sd,na,2007-04-01,3.833051612842822
ks_i32_unemp_exp_q_hist,sd,na,2007-07-01,3.790463832435761
ks_i32_unemp_exp_q_hist,sd,na,2007-10-01,5.772603636681363
ks_i32_unemp_exp_q_hist,sd,na,2008-01-01,3.675074399771361
ks_i32_unemp_exp_q_hist,sd,na,2008-04-01,2.509895857716093
ks_i32_unemp_exp_q_hist,sd,na,2008-07-01,2.5425810751371194
ks_i32_unemp_exp_q_hist,sd,na,2008-10-01,2.4111823140700954
ks_i32_unemp_exp_q_hist,sd,na,2009-01-01,2.413556777449097
ks_i32_unemp_exp_q_hist,sd,na,2009-04-01,2.3728717656763285
ks_i32_unemp_exp_q_hist,sd,na,2009-07-01,2.496781739716604
ks_i32_unemp_exp_q_hist,sd,na,2009-10-01,2.6087791325809997
ks_i32_unemp_exp_q_hist,sd,na,2010-01-01,2.5033030045586333
ks_i32_unemp_exp_q_hist,sd,na,2010-04-01,2.9585813710698448
ks_i32_unemp_exp_q_hist,sd,na,2010-07-01,2.7623441831333326
ks_i32_unemp_exp_q_hist,sd,na,2010-10-01,2.7352177057950273
ks_i32_unemp_exp_q_hist,sd,na,2011-01-01,2.546830302498153
ks_i32_unemp_exp_q_hist,sd,na,2011-04-01,2.629574347664866
ks_i32_unemp_exp_q_hist,sd,na,2011-07-01,2.3070152615181527
ks_i32_unemp_exp_q_hist,sd,na,2011-10-01,2.230593754789859
ks_i32_unemp_exp_q_hist,sd,na,2012-01-01,2.320555642073773
ks_i32_unemp_exp_q_hist,sd,na,2012-04-01,2.4429630172809147
ks_i32_unemp_exp_q_hist,sd,na,2012-07-01,2.378194503850284
ks_i32_unemp_exp_q_hist,sd,na,2012-10-01,2.1968449584932546
ks_i32_unemp_exp_q_hist,sd,na,2013-01-01,2.33235882377291
ks_i32_unemp_exp_q_hist,sd,na,2013-04-01,2.46322926220992
ks_i32_unemp_exp_q_hist,sd,na,2013-07-01,2.3737628630393433
ks_i32_unemp_exp_q_hist,sd,na,2013-10-01,2.360632514607804
ks_i32_unemp_exp_q_hist,sd,na,2014-01-01,2.340237527011074
ks_i32_unemp_exp_q_hist,sd,na,2014-04-01,2.5229604309591873
ks_i32_unemp_exp_q_hist,sd,na,2014-07-01,2.40042850374071
ks_i32_unemp_exp_q_hist,sd,na,2014-10-01,2.2655419359825313
ks_i32_unemp_exp_q_hist,sd,na,2015-01-01,2.3032753424501253
ks_i32_unemp_exp_q_hist,sd,na,2015-04-01,2.331957606557139
ks_i32_unemp_exp_q_hist,sd,na,2015-07-01,2.533737243660948
ks_i32_unemp_exp_q_hist,sd,na,2015-10-01,2.2425158876159736
ks_i32_unemp_exp_q_hist,sd,na,2016-01-01,2.192335239349986
ks_i32_unemp_exp_q_hist,sd,na,2016-04-01,2.3671572877310156
ks_i32_unemp_exp_q_hist,sd,na,2016-07-01,2.537787961043082
ks_i32_unemp_exp_q_hist,sd,na,2016-10-01,2.40975381234357
ks_i32_unemp_exp_q_hist,sd,na,2017-01-01,2.324031930341259
ks_i32_unemp_exp_q_hist,sd,na,2017-04-01,2.457470024476705
ks_i32_unemp_exp_q_hist,sd,na,2017-07-01,2.4011839808005324
ks_i32_unemp_exp_q_hist,sd,na,2017-10-01,2.4112871472137987
ks_i32_unemp_exp_q_hist,sd,na,2018-01-01,2.2637755480754542
ks_i32_unemp_exp_q_hist,sd,na,2018-04-01,2.3800397982445167
ks_i32_unemp_exp_q_hist,sd,na,2018-07-01,2.5860705107644386
ks_i32_unemp_exp_q_hist,sd,na,2018-10-01,2.3030539340177736
ks_i32_unemp_exp_q_hist,sd,na,2019-01-01,2.190962718853792
ks_i32_unemp_exp_q_hist,sd,na,2019-04-01,2.226877286847194
ks_i32_unemp_exp_q_hist,sd,na,2019-07-01,2.2872286613549098
ks_i32_unemp_exp_q_hist,sd,na,2019-10-01,2.216093333092382
ks_i32_unemp_exp_q_hist,sd,na,2020-01-01,2.148157486418577
ks_i32_unemp_exp_q_hist,sd,na,2020-04-01,2.0759204353679888
ks_i32_unemp_exp_q_hist,sd,na,2020-07-01,2.4480390891909076
ks_i32_unemp_exp_q_hist,sd,na,2020-10-01,2.2108952382133715
ks_i32_unemp_exp_q_hist,sd,na,2021-01-01,2.2046661288485137
ks_i32_unemp_exp_q_hist,sd,na,2021-04-01,2.6882755305874335
ks_i32_unemp_exp_q_hist,sd,na,2021-07-01,2.9416838179215015
ks_i32_unemp_exp_q_hist,sd,na,2021-10-01,2.6843269074543454
ks_i32_unemp_exp_q_hist,sd,na,2022-01-01,2.4269554253839067
ks_i32_unemp_exp_q_hist,sd,na,2022-04-01,2.5403213566154506
ks_i32_unemp_exp_q_hist,sd,na,2022-07-01,2.521079625115344
ks_i32_unemp_exp_q_hist,sd,na,2022-10-01,2.5120111533525744
ks_i32_unemp_exp_q_hist,sd,na,2023-01-01,2.409547380594823
ks_i32_unemp_exp_q_hist,sd,na,2023-04-01,2.7306114441738396
ks_i32_unemp_exp_q_hist,sd,na,2023-07-01,2.6911082274898366
ks_i32_unemp_exp_q_hist,sd,na,2023-10-01,2.495917484514205
ks_i41_fin_pos_hist_q_hist,sd,na,1972-10-01,3.831591913189991
ks_i41_fin_pos_hist_q_hist,sd,na,1973-01-01,3.89802662527893
ks_i41_fin_pos_hist_q_hist,sd,na,1973-04-01,3.607662225384248
ks_i41_fin_pos_hist_q_hist,sd,na,1973-07-01,3.8741668359956787
ks_i41_fin_pos_hist_q_hist,sd,na,1973-10-01,3.6120310983865065
ks_i41_fin_pos_hist_q_hist,sd,na,1974-01-01,3.4110461291447534
ks_i41_fin_pos_hist_q_hist,sd,na,1974-04-01,3.5476044523042933
ks_i41_fin_pos_hist_q_hist,sd,na,1974-07-01,3.4224599409695298
ks_i41_fin_pos_hist_q_hist,sd,na,1974-10-01,3.5485287650776165
ks_i41_fin_pos_hist_q_hist,sd,na,1975-01-01,3.7063425422710967
ks_i41_fin_pos_hist_q_hist,sd,na,1975-04-01,3.444939740163239
ks_i41_fin_pos_hist_q_hist,sd,na,1975-07-01,3.019023969917025
ks_i41_fin_pos_hist_q_hist,sd,na,1975-10-01,3.027494715101866
ks_i41_fin_pos_hist_q_hist,sd,na,1976-01-01,3.0917564015154286
ks_i41_fin_pos_hist_q_hist,sd,na,1976-04-01,2.6430935395983255
ks_i41_fin_pos_hist_q_hist,sd,na,1976-07-01,2.7403096088921286
ks_i41_fin_pos_hist_q_hist,sd,na,1976-10-01,2.5857296661720417
ks_i41_fin_pos_hist_q_hist,sd,na,1977-01-01,2.6389512624193188
ks_i41_fin_pos_hist_q_hist,sd,na,1977-04-01,2.6632940796163567
ks_i41_fin_pos_hist_q_hist,sd,na,1977-07-01,2.305655377387654
ks_i41_fin_pos_hist_q_hist,sd,na,1977-10-01,2.7533793933255972
ks_i41_fin_pos_hist_q_hist,sd,na,1978-01-01,2.736023332584763
ks_i41_fin_pos_hist_q_hist,sd,na,1978-04-01,3.3451724202275472
ks_i41_fin_pos_hist_q_hist,sd,na,1978-07-01,3.0436326739295425
ks_i41_fin_pos_hist_q_hist,sd,na,1978-10-01,2.9008615843859866
ks_i41_fin_pos_hist_q_hist,sd,na,1979-01-01,3.079657716537515
ks_i41_fin_pos_hist_q_hist,sd,na,1979-04-01,2.985280578574091
ks_i41_fin_pos_hist_q_hist,sd,na,1979-07-01,3.0650743815354287
ks_i41_fin_pos_hist_q_hist,sd,na,1979-10-01,2.6718885103118835
ks_i41_fin_pos_hist_q_hist,sd,na,1980-01-01,2.5819623698401664
ks_i41_fin_pos_hist_q_hist,sd,na,1980-04-01,2.7067300676512533
ks_i41_fin_pos_hist_q_hist,sd,na,1980-07-01,2.5430006825364555
ks_i41_fin_pos_hist_q_hist,sd,na,1980-10-01,2.581729426990814
ks_i41_fin_pos_hist_q_hist,sd,na,1981-01-01,2.259295842352228
ks_i41_fin_pos_hist_q_hist,sd,na,1981-04-01,2.337184496647859
ks_i41_fin_pos_hist_q_hist,sd,na,1981-07-01,2.288907113338669
ks_i41_fin_pos_hist_q_hist,sd,na,1981-10-01,2.294426164651036
ks_i41_fin_pos_hist_q_hist,sd,na,1982-01-01,2.2745357074344432
ks_i41_fin_pos_hist_q_hist,sd,na,1982-04-01,2.4294574545951395
ks_i41_fin_pos_hist_q_hist,sd,na,1982-07-01,2.2588742306220606
ks_i41_fin_pos_hist_q_hist,sd,na,1982-10-01,2.244535021565181
ks_i41_fin_pos_hist_q_hist,sd,na,1983-01-01,2.281392165753785
ks_i41_fin_pos_hist_q_hist,sd,na,1983-04-01,2.1950245854164665
ks_i41_fin_pos_hist_q_hist,sd,na,1983-07-01,2.2779766094220517
ks_i41_fin_pos_hist_q_hist,sd,na,1983-10-01,2.1759378261335027
ks_i41_fin_pos_hist_q_hist,sd,na,1984-01-01,2.323964092516682
ks_i41_fin_pos_hist_q_hist,sd,na,1984-04-01,2.1766644533427453
ks_i41_fin_pos_hist_q_hist,sd,na,1984-07-01,2.325306830301778
ks_i41_fin_pos_hist_q_hist,sd,na,1984-10-01,2.1116855562989914
ks_i41_fin_pos_hist_q_hist,sd,na,1985-01-01,2.246770385910803
ks_i41_fin_pos_hist_q_hist,sd,na,1985-04-01,2.2772525306808187
ks_i41_fin_pos_hist_q_hist,sd,na,1985-07-01,2.1283214747906976
ks_i41_fin_pos_hist_q_hist,sd,na,1985-10-01,2.0931422661839014
ks_i41_fin_pos_hist_q_hist,sd,na,1986-01-01,2.2908458337026447
ks_i41_fin_pos_hist_q_hist,sd,na,1986-04-01,2.282913309400395
ks_i41_fin_pos_hist_q_hist,sd,na,1986-07-01,2.356963508862915
ks_i41_fin_pos_hist_q_hist,sd,na,1986-10-01,2.169963896281965
ks_i41_fin_pos_hist_q_hist,sd,na,1987-01-01,2.1174690332176778
ks_i41_fin_pos_hist_q_hist,sd,na,1987-04-01,2.255744557670964
ks_i41_fin_pos_hist_q_hist,sd,na,1987-07-01,2.1525740267484337
ks_i41_fin_pos_hist_q_hist,sd,na,1987-10-01,2.10741002467033
ks_i41_fin_pos_hist_q_hist,sd,na,1988-01-01,2.265228018972663
ks_i41_fin_pos_hist_q_hist,sd,na,1988-04-01,2.2827882824926635
ks_i41_fin_pos_hist_q_hist,sd,na,1988-07-01,2.3077747812330083
ks_i41_fin_pos_hist_q_hist,sd,na,1988-10-01,2.1391271148628115
ks_i41_fin_pos_hist_q_hist,sd,na,1989-01-01,2.120183546721001
ks_i41_fin_pos_hist_q_hist,sd,na,1989-04-01,2.212590025736185
ks_i41_fin_pos_hist_q_hist,sd,na,1989-07-01,2.204460696582209
ks_i41_fin_pos_hist_q_hist,sd,na,1989-10-01,2.082855713921863
ks_i41_fin_pos_hist_q_hist,sd,na,1990-01-01,2.3297143427015117
ks_i41_fin_pos_hist_q_hist,sd,na,1990-04-01,2.3585891254650835
ks_i41_fin_pos_hist_q_hist,sd,na,1990-07-01,2.399012533470532
ks_i41_fin_pos_hist_q_hist,sd,na,1990-10-01,2.3246284479509387
ks_i41_fin_pos_hist_q_hist,sd,na,1991-01-01,2.2710666381624094
ks_i41_fin_pos_hist_q_hist,sd,na,1991-04-01,2.2750376271094734
ks_i41_fin_pos_hist_q_hist,sd,na,1991-07-01,2.3302935610927844
ks_i41_fin_pos_hist_q_hist,sd,na,1991-10-01,2.467183263876705
ks_i41_fin_pos_hist_q_hist,sd,na,1992-01-01,2.3631098349044026
ks_i41_fin_pos_hist_q_hist,sd,na,1992-04-01,2.297014951849709
ks_i41_fin_pos_hist_q_hist,sd,na,1992-07-01,2.435139074603728
ks_i41_fin_pos_hist_q_hist,sd,na,1992-10-01,2.147936963764231
ks_i41_fin_pos_hist_q_hist,sd,na,1993-01-01,2.1897254711926455
ks_i41_fin_pos_hist_q_hist,sd,na,1993-04-01,2.232943726635672
ks_i41_fin_pos_hist_q_hist,sd,na,1993-07-01,2.21681344234058
ks_i41_fin_pos_hist_q_hist,sd,na,1993-10-01,2.2024464529660572
ks_i41_fin_pos_hist_q_hist,sd,na,1994-01-01,2.313844090899588
ks_i41_fin_pos_hist_q_hist,sd,na,1994-04-01,2.182598515446434
ks_i41_fin_pos_hist_q_hist,sd,na,1994-07-01,2.291023597381673
ks_i41_fin_pos_hist_q_hist,sd,na,1994-10-01,2.15779219026279
ks_i41_fin_pos_hist_q_hist,sd,na,1995-01-01,2.130305587837529
ks_i41_fin_pos_hist_q_hist,sd,na,1995-04-01,1.9784796737988575
ks_i41_fin_pos_hist_q_hist,sd,na,1995-07-01,2.0311008379177538
ks_i41_fin_pos_hist_q_hist,sd,na,1995-10-01,1.9348253323306785
ks_i41_fin_pos_hist_q_hist,sd,na,1996-01-01,2.111125600627138
ks_i41_fin_pos_hist_q_hist,sd,na,1996-04-01,2.0084974916810343
ks_i41_fin_pos_hist_q_hist,sd,na,1996-07-01,2.3467995990511645
ks_i41_fin_pos_hist_q_hist,sd,na,1996-10-01,2.352494184695473
ks_i41_fin_pos_hist_q_hist,sd,na,1997-01-01,2.5313189093556545
ks_i41_fin_pos_hist_q_hist,sd,na,1997-04-01,2.397916747165827
ks_i41_fin_pos_hist_q_hist,sd,na,1997-07-01,2.533215853941551
ks_i41_fin_pos_hist_q_hist,sd,na,1997-10-01,2.3574942555382696
ks_i41_fin_pos_hist_q_hist,sd,na,1998-01-01,2.6096186867569364
ks_i41_fin_pos_hist_q_hist,sd,na,1998-04-01,2.5218563829848515
ks_i41_fin_pos_hist_q_hist,sd,na,1998-07-01,2.269312248388728
ks_i41_fin_pos_hist_q_hist,sd,na,1998-10-01,2.417754388510357
ks_i41_fin_pos_hist_q_hist,sd,na,1999-01-01,2.2277395661041215
ks_i41_fin_pos_hist_q_hist,sd,na,1999-04-01,2.370971276423045
ks_i41_fin_pos_hist_q_hist,sd,na,1999-07-01,2.404241299310048
ks_i41_fin_pos_hist_q_hist,sd,na,1999-10-01,2.55174416736866
ks_i41_fin_pos_hist_q_hist,sd,na,2000-01-01,2.684985595987718
ks_i41_fin_pos_hist_q_hist,sd,na,2000-04-01,2.2779149084109034
ks_i41_fin_pos_hist_q_hist,sd,na,2000-07-01,2.5120613132583376
ks_i41_fin_pos_hist_q_hist,sd,na,2000-10-01,2.4380521385913614
ks_i41_fin_pos_hist_q_hist,sd,na,2001-01-01,2.467752088131477
ks_i41_fin_pos_hist_q_hist,sd,na,2001-04-01,2.476664007520049
ks_i41_fin_pos_hist_q_hist,sd,na,2001-07-01,2.563372013807183
ks_i41_fin_pos_hist_q_hist,sd,na,2001-10-01,2.3346289242965654
ks_i41_fin_pos_hist_q_hist,sd,na,2002-01-01,2.5508926218767534
ks_i41_fin_pos_hist_q_hist,sd,na,2002-04-01,2.3330913094546517
ks_i41_fin_pos_hist_q_hist,sd,na,2002-07-01,2.4282317041086046
ks_i41_fin_pos_hist_q_hist,sd,na,2002-10-01,2.384046241817926
ks_i41_fin_pos_hist_q_hist,sd,na,2003-01-01,2.338956544009413
ks_i41_fin_pos_hist_q_hist,sd,na,2003-04-01,2.344363116992141
ks_i41_fin_pos_hist_q_hist,sd,na,2003-07-01,2.405170040416927
ks_i41_fin_pos_hist_q_hist,sd,na,2003-10-01,2.345321787407507
ks_i41_fin_pos_hist_q_hist,sd,na,2004-01-01,2.56091203729641
ks_i41_fin_pos_hist_q_hist,sd,na,2004-04-01,2.4370141333753614
ks_i41_fin_pos_hist_q_hist,sd,na,2004-07-01,2.4535985079970626
ks_i41_fin_pos_hist_q_hist,sd,na,2004-10-01,2.4738087272637865
ks_i41_fin_pos_hist_q_hist,sd,na,2005-01-01,2.4459243989300683
ks_i41_fin_pos_hist_q_hist,sd,na,2005-04-01,2.4989023688958003
ks_i41_fin_pos_hist_q_hist,sd,na,2005-07-01,2.3440199813673983
ks_i41_fin_pos_hist_q_hist,sd,na,2005-10-01,2.3078555744062723
ks_i41_fin_pos_hist_q_hist,sd,na,2006-01-01,2.535643521360815
ks_i41_fin_pos_hist_q_hist,sd,na,2006-04-01,2.340795882462559
ks_i41_fin_pos_hist_q_hist,sd,na,2006-07-01,2.3847725967849662
ks_i41_fin_pos_hist_q_hist,sd,na,2006-10-01,2.361015615893591
ks_i41_fin_pos_hist_q_hist,sd,na,2007-01-01,2.3103486721247775
ks_i41_fin_pos_hist_q_hist,sd,na,2007-04-01,2.2532951784545014
ks_i41_fin_pos_hist_q_hist,sd,na,2007-07-01,2.1822087295571078
ks_i41_fin_pos_hist_q_hist,sd,na,2007-10-01,2.3139326921769032
ks_i41_fin_pos_hist_q_hist,sd,na,2008-01-01,2.45940018822424
ks_i41_fin_pos_hist_q_hist,sd,na,2008-04-01,2.655249970676605
ks_i41_fin_pos_hist_q_hist,sd,na,2008-07-01,2.39947797590123
ks_i41_fin_pos_hist_q_hist,sd,na,2008-10-01,2.4778925319726275
ks_i41_fin_pos_hist_q_hist,sd,na,2009-01-01,2.4548540583852985
ks_i41_fin_pos_hist_q_hist,sd,na,2009-04-01,2.367043765830775
ks_i41_fin_pos_hist_q_hist,sd,na,2009-07-01,2.299824242529196
ks_i41_fin_pos_hist_q_hist,sd,na,2009-10-01,2.302421740933894
ks_i41_fin_pos_hist_q_hist,sd,na,2010-01-01,2.2754298268686615
ks_i41_fin_pos_hist_q_hist,sd,na,2010-04-01,2.3823757162323087
ks_i41_fin_pos_hist_q_hist,sd,na,2010-07-01,2.400784603073926
ks_i41_fin_pos_hist_q_hist,sd,na,2010-10-01,2.3506700643396923
ks_i41_fin_pos_hist_q_hist,sd,na,2011-01-01,2.4282690949487358
ks_i41_fin_pos_hist_q_hist,sd,na,2011-04-01,2.3037137574741577
ks_i41_fin_pos_hist_q_hist,sd,na,2011-07-01,2.096604767675816
ks_i41_fin_pos_hist_q_hist,sd,na,2011-10-01,2.162566092055682
ks_i41_fin_pos_hist_q_hist,sd,na,2012-01-01,2.1972458068567295
ks_i41_fin_pos_hist_q_hist,sd,na,2012-04-01,2.267812311750267
ks_i41_fin_pos_hist_q_hist,sd,na,2012-07-01,2.343131472506968
ks_i41_fin_pos_hist_q_hist,sd,na,2012-10-01,2.1670879809364965
ks_i41_fin_pos_hist_q_hist,sd,na,2013-01-01,2.160718926543323
ks_i41_fin_pos_hist_q_hist,sd,na,2013-04-01,2.227362360020085
ks_i41_fin_pos_hist_q_hist,sd,na,2013-07-01,2.1607201235631344
ks_i41_fin_pos_hist_q_hist,sd,na,2013-10-01,2.1834510251071135
ks_i41_fin_pos_hist_q_hist,sd,na,2014-01-01,2.20034858430853
ks_i41_fin_pos_hist_q_hist,sd,na,2014-04-01,2.3954094315125083
ks_i41_fin_pos_hist_q_hist,sd,na,2014-07-01,2.27537451912982
ks_i41_fin_pos_hist_q_hist,sd,na,2014-10-01,2.2449415328850173
ks_i41_fin_pos_hist_q_hist,sd,na,2015-01-01,2.383789279627403
ks_i41_fin_pos_hist_q_hist,sd,na,2015-04-01,2.1907426214661117
ks_i41_fin_pos_hist_q_hist,sd,na,2015-07-01,2.382218323820843
ks_i41_fin_pos_hist_q_hist,sd,na,2015-10-01,2.290412817432409
ks_i41_fin_pos_hist_q_hist,sd,na,2016-01-01,2.1279947919746154
ks_i41_fin_pos_hist_q_hist,sd,na,2016-04-01,2.2587282975191587
ks_i41_fin_pos_hist_q_hist,sd,na,2016-07-01,2.3033904421587046
ks_i41_fin_pos_hist_q_hist,sd,na,2016-10-01,2.40109913021958
ks_i41_fin_pos_hist_q_hist,sd,na,2017-01-01,2.416280152635512
ks_i41_fin_pos_hist_q_hist,sd,na,2017-04-01,2.450414490330303
ks_i41_fin_pos_hist_q_hist,sd,na,2017-07-01,2.4304251836575377
ks_i41_fin_pos_hist_q_hist,sd,na,2017-10-01,2.5233304085028108
ks_i41_fin_pos_hist_q_hist,sd,na,2018-01-01,2.1619399197363687
ks_i41_fin_pos_hist_q_hist,sd,na,2018-04-01,2.469905471925917
ks_i41_fin_pos_hist_q_hist,sd,na,2018-07-01,2.505316414639395
ks_i41_fin_pos_hist_q_hist,sd,na,2018-10-01,2.368567149269777
ks_i41_fin_pos_hist_q_hist,sd,na,2019-01-01,2.32448599230214
ks_i41_fin_pos_hist_q_hist,sd,na,2019-04-01,2.342175691933352
ks_i41_fin_pos_hist_q_hist,sd,na,2019-07-01,2.359513187559639
ks_i41_fin_pos_hist_q_hist,sd,na,2019-10-01,2.3880085940543987
ks_i41_fin_pos_hist_q_hist,sd,na,2020-01-01,2.4635128268179063
ks_i41_fin_pos_hist_q_hist,sd,na,2020-04-01,1.7969178681063895
ks_i41_fin_pos_hist_q_hist,sd,na,2020-07-01,2.03356815235128
ks_i41_fin_pos_hist_q_hist,sd,na,2020-10-01,2.1226460365680793
ks_i41_fin_pos_hist_q_hist,sd,na,2021-01-01,2.0464700795324804
ks_i41_fin_pos_hist_q_hist,sd,na,2021-04-01,2.3856578394865893
ks_i41_fin_pos_hist_q_hist,sd,na,2021-07-01,2.2749484063192082
ks_i41_fin_pos_hist_q_hist,sd,na,2021-10-01,2.177372106964522
ks_i41_fin_pos_hist_q_hist,sd,na,2022-01-01,2.2437788883939387
ks_i41_fin_pos_hist_q_hist,sd,na,2022-04-01,2.2167954087003907
ks_i41_fin_pos_hist_q_hist,sd,na,2022-07-01,2.190422875238664
ks_i41_fin_pos_hist_q_hist,sd,na,2022-10-01,2.3495790627390667
ks_i41_fin_pos_hist_q_hist,sd,na,2023-01-01,2.4751765084352937
ks_i41_fin_pos_hist_q_hist,sd,na,2023-04-01,2.866199997811496
ks_i41_fin_pos_hist_q_hist,sd,na,2023-07-01,2.8065256297907477
ks_i41_fin_pos_hist_q_hist,sd,na,2023-10-01,2.7328664584532207
ks_i42_fin_pos_exp_q_hist,sd,na,1972-10-01,3.732520577954801
ks_i42_fin_pos_exp_q_hist,sd,na,1973-01-01,3.201201023650467
ks_i42_fin_pos_exp_q_hist,sd,na,1973-04-01,3.3083866711383876
ks_i42_fin_pos_exp_q_hist,sd,na,1973-07-01,3.34319691744105
ks_i42_fin_pos_exp_q_hist,sd,na,1973-10-01,3.6609602131900867
ks_i42_fin_pos_exp_q_hist,sd,na,1974-01-01,3.1612911592672934
ks_i42_fin_pos_exp_q_hist,sd,na,1974-04-01,3.2301781649749324
ks_i42_fin_pos_exp_q_hist,sd,na,1974-07-01,2.99915440699964
ks_i42_fin_pos_exp_q_hist,sd,na,1974-10-01,3.2092143082323417
ks_i42_fin_pos_exp_q_hist,sd,na,1975-01-01,2.809217068491758
ks_i42_fin_pos_exp_q_hist,sd,na,1975-04-01,2.464768260080168
ks_i42_fin_pos_exp_q_hist,sd,na,1975-07-01,2.5871740599653705
ks_i42_fin_pos_exp_q_hist,sd,na,1975-10-01,2.517450554962995
ks_i42_fin_pos_exp_q_hist,sd,na,1976-01-01,2.4330924306750514
ks_i42_fin_pos_exp_q_hist,sd,na,1976-04-01,2.1139577290942935
ks_i42_fin_pos_exp_q_hist,sd,na,1976-07-01,2.313578485518107
ks_i42_fin_pos_exp_q_hist,sd,na,1976-10-01,2.0895241515522316
ks_i42_fin_pos_exp_q_hist,sd,na,1977-01-01,2.4013087670183553
ks_i42_fin_pos_exp_q_hist,sd,na,1977-04-01,2.1853087649450793
ks_i42_fin_pos_exp_q_hist,sd,na,1977-07-01,2.1120863554992657
ks_i42_fin_pos_exp_q_hist,sd,na,1977-10-01,2.5054065355456134
ks_i42_fin_pos_exp_q_hist,sd,na,1978-01-01,2.274563866305725
ks_i42_fin_pos_exp_q_hist,sd,na,1978-04-01,2.407503142070306
ks_i42_fin_pos_exp_q_hist,sd,na,1978-07-01,2.4742691125090617
ks_i42_fin_pos_exp_q_hist,sd,na,1978-10-01,2.542045052945691
ks_i42_fin_pos_exp_q_hist,sd,na,1979-01-01,2.943770129775704
ks_i42_fin_pos_exp_q_hist,sd,na,1979-04-01,2.8468867081778644
ks_i42_fin_pos_exp_q_hist,sd,na,1979-07-01,2.507110053947647
ks_i42_fin_pos_exp_q_hist,sd,na,1979-10-01,2.597718966968216
ks_i42_fin_pos_exp_q_hist,sd,na,1980-01-01,2.3956988527236827
ks_i42_fin_pos_exp_q_hist,sd,na,1980-04-01,2.2873149190071196
ks_i42_fin_pos_exp_q_hist,sd,na,1980-07-01,2.0374230572775236
ks_i42_fin_pos_exp_q_hist,sd,na,1980-10-01,2.332672549979267
ks_i42_fin_pos_exp_q_hist,sd,na,1981-01-01,1.9831668208768156
ks_i42_fin_pos_exp_q_hist,sd,na,1981-04-01,2.043006312618385
ks_i42_fin_pos_exp_q_hist,sd,na,1981-07-01,2.093875184977846
ks_i42_fin_pos_exp_q_hist,sd,na,1981-10-01,2.105114239530257
ks_i42_fin_pos_exp_q_hist,sd,na,1982-01-01,2.043381538005531
ks_i42_fin_pos_exp_q_hist,sd,na,1982-04-01,1.9197280395496006
ks_i42_fin_pos_exp_q_hist,sd,na,1982-07-01,1.9171557634083627
ks_i42_fin_pos_exp_q_hist,sd,na,1982-10-01,1.869819396602521
ks_i42_fin_pos_exp_q_hist,sd,na,1983-01-01,1.8631983392741778
ks_i42_fin_pos_exp_q_hist,sd,na,1983-04-01,1.660586646855747
ks_i42_fin_pos_exp_q_hist,sd,na,1983-07-01,1.8419463728140864
ks_i42_fin_pos_exp_q_hist,sd,na,1983-10-01,2.132267411583615
ks_i42_fin_pos_exp_q_hist,sd,na,1984-01-01,2.036457328752185
ks_i42_fin_pos_exp_q_hist,sd,na,1984-04-01,1.8092719049381867
ks_i42_fin_pos_exp_q_hist,sd,na,1984-07-01,1.8856394479221343
ks_i42_fin_pos_exp_q_hist,sd,na,1984-10-01,1.830242080537857
ks_i42_fin_pos_exp_q_hist,sd,na,1985-01-01,1.950936989070651
ks_i42_fin_pos_exp_q_hist,sd,na,1985-04-01,1.8733969360453395
ks_i42_fin_pos_exp_q_hist,sd,na,1985-07-01,1.9206103304413114
ks_i42_fin_pos_exp_q_hist,sd,na,1985-10-01,1.8270485049574994
ks_i42_fin_pos_exp_q_hist,sd,na,1986-01-01,1.96507824036025
ks_i42_fin_pos_exp_q_hist,sd,na,1986-04-01,1.8952951941646388
ks_i42_fin_pos_exp_q_hist,sd,na,1986-07-01,2.114054038192775
ks_i42_fin_pos_exp_q_hist,sd,na,1986-10-01,1.9143370473180767
ks_i42_fin_pos_exp_q_hist,sd,na,1987-01-01,1.8355918441432741
ks_i42_fin_pos_exp_q_hist,sd,na,1987-04-01,1.7693594216746136
ks_i42_fin_pos_exp_q_hist,sd,na,1987-07-01,1.8222909173802866
ks_i42_fin_pos_exp_q_hist,sd,na,1987-10-01,1.9518660962087513
ks_i42_fin_pos_exp_q_hist,sd,na,1988-01-01,1.9208508878986759
ks_i42_fin_pos_exp_q_hist,sd,na,1988-04-01,1.9129096354741757
ks_i42_fin_pos_exp_q_hist,sd,na,1988-07-01,1.9441578071064898
ks_i42_fin_pos_exp_q_hist,sd,na,1988-10-01,1.8759103614488648
ks_i42_fin_pos_exp_q_hist,sd,na,1989-01-01,1.914331862055833
ks_i42_fin_pos_exp_q_hist,sd,na,1989-04-01,1.9341837481069415
ks_i42_fin_pos_exp_q_hist,sd,na,1989-07-01,1.9434016253581932
ks_i42_fin_pos_exp_q_hist,sd,na,1989-10-01,2.0033304104330356
ks_i42_fin_pos_exp_q_hist,sd,na,1990-01-01,2.038373294212197
ks_i42_fin_pos_exp_q_hist,sd,na,1990-04-01,2.0483116295014825
ks_i42_fin_pos_exp_q_hist,sd,na,1990-07-01,2.093059167118692
ks_i42_fin_pos_exp_q_hist,sd,na,1990-10-01,2.3603641032867144
ks_i42_fin_pos_exp_q_hist,sd,na,1991-01-01,2.077797026144767
ks_i42_fin_pos_exp_q_hist,sd,na,1991-04-01,1.994932511090667
ks_i42_fin_pos_exp_q_hist,sd,na,1991-07-01,1.979367702765991
ks_i42_fin_pos_exp_q_hist,sd,na,1991-10-01,2.221040151493079
ks_i42_fin_pos_exp_q_hist,sd,na,1992-01-01,2.0434821981649227
ks_i42_fin_pos_exp_q_hist,sd,na,1992-04-01,1.9427347893846405
ks_i42_fin_pos_exp_q_hist,sd,na,1992-07-01,2.0918094372508174
ks_i42_fin_pos_exp_q_hist,sd,na,1992-10-01,1.9203816162151264
ks_i42_fin_pos_exp_q_hist,sd,na,1993-01-01,2.0011994344892576
ks_i42_fin_pos_exp_q_hist,sd,na,1993-04-01,1.7621404947524635
ks_i42_fin_pos_exp_q_hist,sd,na,1993-07-01,1.7574110113034624
ks_i42_fin_pos_exp_q_hist,sd,na,1993-10-01,1.806256489465103
ks_i42_fin_pos_exp_q_hist,sd,na,1994-01-01,1.8365329600690778
ks_i42_fin_pos_exp_q_hist,sd,na,1994-04-01,1.6984977650405189
ks_i42_fin_pos_exp_q_hist,sd,na,1994-07-01,1.8736411020135286
ks_i42_fin_pos_exp_q_hist,sd,na,1994-10-01,1.9459162718147485
ks_i42_fin_pos_exp_q_hist,sd,na,1995-01-01,2.1719464186249255
ks_i42_fin_pos_exp_q_hist,sd,na,1995-04-01,1.6644700545470277
ks_i42_fin_pos_exp_q_hist,sd,na,1995-07-01,1.6433237956922924
ks_i42_fin_pos_exp_q_hist,sd,na,1995-10-01,1.6492715886180531
ks_i42_fin_pos_exp_q_hist,sd,na,1996-01-01,1.8295160181782002
ks_i42_fin_pos_exp_q_hist,sd,na,1996-04-01,1.6597430528973474
ks_i42_fin_pos_exp_q_hist,sd,na,1996-07-01,2.0924978302199397
ks_i42_fin_pos_exp_q_hist,sd,na,1996-10-01,2.1380834220397724
ks_i42_fin_pos_exp_q_hist,sd,na,1997-01-01,2.1474090363470792
ks_i42_fin_pos_exp_q_hist,sd,na,1997-04-01,1.9271773705241522
ks_i42_fin_pos_exp_q_hist,sd,na,1997-07-01,2.14823621395364
ks_i42_fin_pos_exp_q_hist,sd,na,1997-10-01,2.0512135415880435
ks_i42_fin_pos_exp_q_hist,sd,na,1998-01-01,2.1512969278233687
ks_i42_fin_pos_exp_q_hist,sd,na,1998-04-01,2.1256713255289696
ks_i42_fin_pos_exp_q_hist,sd,na,1998-07-01,2.02331099152441
ks_i42_fin_pos_exp_q_hist,sd,na,1998-10-01,2.1304415722087344
ks_i42_fin_pos_exp_q_hist,sd,na,1999-01-01,1.9449644601687794
ks_i42_fin_pos_exp_q_hist,sd,na,1999-04-01,2.019206878978206
ks_i42_fin_pos_exp_q_hist,sd,na,1999-07-01,2.189320448171537
ks_i42_fin_pos_exp_q_hist,sd,na,1999-10-01,2.229219307766026
ks_i42_fin_pos_exp_q_hist,sd,na,2000-01-01,2.3391874442964222
ks_i42_fin_pos_exp_q_hist,sd,na,2000-04-01,2.0548510149385186
ks_i42_fin_pos_exp_q_hist,sd,na,2000-07-01,2.2635094592528255
ks_i42_fin_pos_exp_q_hist,sd,na,2000-10-01,2.3047587818835362
ks_i42_fin_pos_exp_q_hist,sd,na,2001-01-01,2.1564925742320815
ks_i42_fin_pos_exp_q_hist,sd,na,2001-04-01,2.1959270109545606
ks_i42_fin_pos_exp_q_hist,sd,na,2001-07-01,2.2056471046763297
ks_i42_fin_pos_exp_q_hist,sd,na,2001-10-01,2.238862863302234
ks_i42_fin_pos_exp_q_hist,sd,na,2002-01-01,2.2922908519223073
ks_i42_fin_pos_exp_q_hist,sd,na,2002-04-01,1.8852076310616044
ks_i42_fin_pos_exp_q_hist,sd,na,2002-07-01,2.0707718032258553
ks_i42_fin_pos_exp_q_hist,sd,na,2002-10-01,2.1495200659058455
ks_i42_fin_pos_exp_q_hist,sd,na,2003-01-01,1.9189276787696108
ks_i42_fin_pos_exp_q_hist,sd,na,2003-04-01,2.0036940125530984
ks_i42_fin_pos_exp_q_hist,sd,na,2003-07-01,1.9654827946263085
ks_i42_fin_pos_exp_q_hist,sd,na,2003-10-01,2.205968592658997
ks_i42_fin_pos_exp_q_hist,sd,na,2004-01-01,2.192729815755741
ks_i42_fin_pos_exp_q_hist,sd,na,2004-04-01,2.1541248656980363
ks_i42_fin_pos_exp_q_hist,sd,na,2004-07-01,2.123125011955071
ks_i42_fin_pos_exp_q_hist,sd,na,2004-10-01,2.186746882767209
ks_i42_fin_pos_exp_q_hist,sd,na,2005-01-01,1.878405683093852
ks_i42_fin_pos_exp_q_hist,sd,na,2005-04-01,2.0372023060384383
ks_i42_fin_pos_exp_q_hist,sd,na,2005-07-01,1.987115392561369
ks_i42_fin_pos_exp_q_hist,sd,na,2005-10-01,2.1337437615433417
ks_i42_fin_pos_exp_q_hist,sd,na,2006-01-01,2.003686543530629
ks_i42_fin_pos_exp_q_hist,sd,na,2006-04-01,1.9375486597059473
ks_i42_fin_pos_exp_q_hist,sd,na,2006-07-01,2.1482063973549606
ks_i42_fin_pos_exp_q_hist,sd,na,2006-10-01,1.9934689917985104
ks_i42_fin_pos_exp_q_hist,sd,na,2007-01-01,1.843882266686155
ks_i42_fin_pos_exp_q_hist,sd,na,2007-04-01,1.8089948489107681
ks_i42_fin_pos_exp_q_hist,sd,na,2007-07-01,1.854968853060581
ks_i42_fin_pos_exp_q_hist,sd,na,2007-10-01,2.1418314376770695
ks_i42_fin_pos_exp_q_hist,sd,na,2008-01-01,2.2502972544286446
ks_i42_fin_pos_exp_q_hist,sd,na,2008-04-01,2.3327169583435374
ks_i42_fin_pos_exp_q_hist,sd,na,2008-07-01,2.199816725469015
ks_i42_fin_pos_exp_q_hist,sd,na,2008-10-01,2.366952628319953
ks_i42_fin_pos_exp_q_hist,sd,na,2009-01-01,2.206977610675193
ks_i42_fin_pos_exp_q_hist,sd,na,2009-04-01,2.06753200045774
ks_i42_fin_pos_exp_q_hist,sd,na,2009-07-01,2.1189406303208522
ks_i42_fin_pos_exp_q_hist,sd,na,2009-10-01,2.244342485914325
ks_i42_fin_pos_exp_q_hist,sd,na,2010-01-01,2.04558212957217
ks_i42_fin_pos_exp_q_hist,sd,na,2010-04-01,2.2359642687569448
ks_i42_fin_pos_exp_q_hist,sd,na,2010-07-01,2.2432411471656923
ks_i42_fin_pos_exp_q_hist,sd,na,2010-10-01,2.18501981164647
ks_i42_fin_pos_exp_q_hist,sd,na,2011-01-01,2.137963209564879
ks_i42_fin_pos_exp_q_hist,sd,na,2011-04-01,2.0612513039802054
ks_i42_fin_pos_exp_q_hist,sd,na,2011-07-01,1.978820574944142
ks_i42_fin_pos_exp_q_hist,sd,na,2011-10-01,2.094467171809067
ks_i42_fin_pos_exp_q_hist,sd,na,2012-01-01,2.14819075848689
ks_i42_fin_pos_exp_q_hist,sd,na,2012-04-01,2.010636704422363
ks_i42_fin_pos_exp_q_hist,sd,na,2012-07-01,2.0534576570477983
ks_i42_fin_pos_exp_q_hist,sd,na,2012-10-01,2.051848266872711
ks_i42_fin_pos_exp_q_hist,sd,na,2013-01-01,1.954591424410883
ks_i42_fin_pos_exp_q_hist,sd,na,2013-04-01,1.9307564964521227
ks_i42_fin_pos_exp_q_hist,sd,na,2013-07-01,2.0313818384817246
ks_i42_fin_pos_exp_q_hist,sd,na,2013-10-01,2.0625692419586903
ks_i42_fin_pos_exp_q_hist,sd,na,2014-01-01,1.9791886423021252
ks_i42_fin_pos_exp_q_hist,sd,na,2014-04-01,2.154501878369305
ks_i42_fin_pos_exp_q_hist,sd,na,2014-07-01,2.1214472778755806
ks_i42_fin_pos_exp_q_hist,sd,na,2014-10-01,2.1306639209706795
ks_i42_fin_pos_exp_q_hist,sd,na,2015-01-01,2.2089328348880866
ks_i42_fin_pos_exp_q_hist,sd,na,2015-04-01,2.080158456249524
ks_i42_fin_pos_exp_q_hist,sd,na,2015-07-01,2.2768797740609172
ks_i42_fin_pos_exp_q_hist,sd,na,2015-10-01,2.1719931654517977
ks_i42_fin_pos_exp_q_hist,sd,na,2016-01-01,1.997735759944505
ks_i42_fin_pos_exp_q_hist,sd,na,2016-04-01,2.103563340091136
ks_i42_fin_pos_exp_q_hist,sd,na,2016-07-01,2.206358513792258
ks_i42_fin_pos_exp_q_hist,sd,na,2016-10-01,2.1901562328880972
ks_i42_fin_pos_exp_q_hist,sd,na,2017-01-01,2.1395633733263737
ks_i42_fin_pos_exp_q_hist,sd,na,2017-04-01,2.292541576183628
ks_i42_fin_pos_exp_q_hist,sd,na,2017-07-01,2.1768910023985546
ks_i42_fin_pos_exp_q_hist,sd,na,2017-10-01,2.4279219300293
ks_i42_fin_pos_exp_q_hist,sd,na,2018-01-01,2.0073857130597923
ks_i42_fin_pos_exp_q_hist,sd,na,2018-04-01,2.186713187138566
ks_i42_fin_pos_exp_q_hist,sd,na,2018-07-01,2.496807643067623
ks_i42_fin_pos_exp_q_hist,sd,na,2018-10-01,2.1130533224610377
ks_i42_fin_pos_exp_q_hist,sd,na,2019-01-01,2.122523046427829
ks_i42_fin_pos_exp_q_hist,sd,na,2019-04-01,2.068654864837678
ks_i42_fin_pos_exp_q_hist,sd,na,2019-07-01,2.168881623538684
ks_i42_fin_pos_exp_q_hist,sd,na,2019-10-01,2.2509609107919744
ks_i42_fin_pos_exp_q_hist,sd,na,2020-01-01,2.183937466276654
ks_i42_fin_pos_exp_q_hist,sd,na,2020-04-01,1.9350068519054668
ks_i42_fin_pos_exp_q_hist,sd,na,2020-07-01,1.9165663604021697
ks_i42_fin_pos_exp_q_hist,sd,na,2020-10-01,1.9296278924446268
ks_i42_fin_pos_exp_q_hist,sd,na,2021-01-01,1.8237689220206825
ks_i42_fin_pos_exp_q_hist,sd,na,2021-04-01,2.063713647917152
ks_i42_fin_pos_exp_q_hist,sd,na,2021-07-01,1.992475443290105
ks_i42_fin_pos_exp_q_hist,sd,na,2021-10-01,2.103521182266479
ks_i42_fin_pos_exp_q_hist,sd,na,2022-01-01,1.953376369991416
ks_i42_fin_pos_exp_q_hist,sd,na,2022-04-01,2.2176355228861206
ks_i42_fin_pos_exp_q_hist,sd,na,2022-07-01,2.3400916443643984
ks_i42_fin_pos_exp_q_hist,sd,na,2022-10-01,2.634297422057683
ks_i42_fin_pos_exp_q_hist,sd,na,2023-01-01,2.4338976118336317
ks_i42_fin_pos_exp_q_hist,sd,na,2023-04-01,2.591435423617486
ks_i42_fin_pos_exp_q_hist,sd,na,2023-07-01,2.735369017682813
ks_i42_fin_pos_exp_q_hist,sd,na,2023-10-01,2.669499362331078
ks_i51_save_q_hist,sd,na,1972-10-01,3.2763526022758387
ks_i51_save_q_hist,sd,na,1973-01-01,3.335684180770109
ks_i51_save_q_hist,sd,na,1973-04-01,3.184161150473885
ks_i51_save_q_hist,sd,na,1973-07-01,3.255167638600787
ks_i51_save_q_hist,sd,na,1973-10-01,2.7878615602283943
ks_i51_save_q_hist,sd,na,1974-01-01,2.9601009030821026
ks_i51_save_q_hist,sd,na,1974-04-01,3.0929413390791183
ks_i51_save_q_hist,sd,na,1974-07-01,3.171675352485264
ks_i51_save_q_hist,sd,na,1974-10-01,2.857441062084478
ks_i51_save_q_hist,sd,na,1975-01-01,3.0453397042875014
ks_i51_save_q_hist,sd,na,1975-04-01,3.2236608452641113
ks_i51_save_q_hist,sd,na,1975-07-01,2.8696556366397825
ks_i51_save_q_hist,sd,na,1975-10-01,2.8413285929664043
ks_i51_save_q_hist,sd,na,1976-01-01,2.830575875501241
ks_i51_save_q_hist,sd,na,1976-04-01,2.750653863362485
ks_i51_save_q_hist,sd,na,1976-07-01,2.7812324956021786
ks_i51_save_q_hist,sd,na,1976-10-01,2.7253253104417343
ks_i51_save_q_hist,sd,na,1977-01-01,2.6665026326502153
ks_i51_save_q_hist,sd,na,1977-04-01,2.622543471267281
ks_i51_save_q_hist,sd,na,1977-07-01,2.5116830012642453
ks_i51_save_q_hist,sd,na,1977-10-01,2.733785106190858
ks_i51_save_q_hist,sd,na,1978-01-01,2.879468801924098
ks_i51_save_q_hist,sd,na,1978-04-01,3.1881382336641586
ks_i51_save_q_hist,sd,na,1978-07-01,3.2237626424005867
ks_i51_save_q_hist,sd,na,1978-10-01,3.125827526576838
ks_i51_save_q_hist,sd,na,1979-01-01,3.2374250251759085
ks_i51_save_q_hist,sd,na,1979-04-01,3.2974621514114033
ks_i51_save_q_hist,sd,na,1979-07-01,3.1629869196280502
ks_i51_save_q_hist,sd,na,1979-10-01,3.037947757481183
ks_i51_save_q_hist,sd,na,1980-01-01,2.8474604139764486
ks_i51_save_q_hist,sd,na,1980-04-01,2.907073705883826
ks_i51_save_q_hist,sd,na,1980-07-01,2.7005214423094173
ks_i51_save_q_hist,sd,na,1980-10-01,2.843895204902465
ks_i51_save_q_hist,sd,na,1981-01-01,2.365780400239157
ks_i51_save_q_hist,sd,na,1981-04-01,2.3339038151482407
ks_i51_save_q_hist,sd,na,1981-07-01,2.2305793171966792
ks_i51_save_q_hist,sd,na,1981-10-01,2.2497666030322234
ks_i51_save_q_hist,sd,na,1982-01-01,2.2201030886690427
ks_i51_save_q_hist,sd,na,1982-04-01,2.2390329253575825
ks_i51_save_q_hist,sd,na,1982-07-01,2.1548454263362347
ks_i51_save_q_hist,sd,na,1982-10-01,2.2785813305523135
ks_i51_save_q_hist,sd,na,1983-01-01,2.225120494222793
ks_i51_save_q_hist,sd,na,1983-04-01,2.1470008501994595
ks_i51_save_q_hist,sd,na,1983-07-01,2.2426384311679937
ks_i51_save_q_hist,sd,na,1983-10-01,2.1715206247432843
ks_i51_save_q_hist,sd,na,1984-01-01,2.2021130276482257
ks_i51_save_q_hist,sd,na,1984-04-01,2.1295905040396956
ks_i51_save_q_hist,sd,na,1984-07-01,2.208118732522324
ks_i51_save_q_hist,sd,na,1984-10-01,2.3129578429360014
ks_i51_save_q_hist,sd,na,1985-01-01,2.1595958201205154
ks_i51_save_q_hist,sd,na,1985-04-01,2.2030306224153366
ks_i51_save_q_hist,sd,na,1985-07-01,2.3539812395952033
ks_i51_save_q_hist,sd,na,1985-10-01,2.244292848725866
ks_i51_save_q_hist,sd,na,1986-01-01,2.2637091953917388
ks_i51_save_q_hist,sd,na,1986-04-01,2.2789796742516444
ks_i51_save_q_hist,sd,na,1986-07-01,2.402538652266609
ks_i51_save_q_hist,sd,na,1986-10-01,2.2656656467025864
ks_i51_save_q_hist,sd,na,1987-01-01,2.2736158432066134
ks_i51_save_q_hist,sd,na,1987-04-01,2.279798832968043
ks_i51_save_q_hist,sd,na,1987-07-01,2.2560146810995487
ks_i51_save_q_hist,sd,na,1987-10-01,2.2020691352900976
ks_i51_save_q_hist,sd,na,1988-01-01,2.220390041824986
ks_i51_save_q_hist,sd,na,1988-04-01,2.3705094573040695
ks_i51_save_q_hist,sd,na,1988-07-01,2.3817693450762163
ks_i51_save_q_hist,sd,na,1988-10-01,2.28276668927229
ks_i51_save_q_hist,sd,na,1989-01-01,2.2317582215223806
ks_i51_save_q_hist,sd,na,1989-04-01,2.2377285141603327
ks_i51_save_q_hist,sd,na,1989-07-01,2.248573200800015
ks_i51_save_q_hist,sd,na,1989-10-01,2.2452034859198093
ks_i51_save_q_hist,sd,na,1990-01-01,2.035105279560869
ks_i51_save_q_hist,sd,na,1990-04-01,2.233479715103769
ks_i51_save_q_hist,sd,na,1990-07-01,2.202676898276063
ks_i51_save_q_hist,sd,na,1990-10-01,2.140677070700956
ks_i51_save_q_hist,sd,na,1991-01-01,2.2688506187508435
ks_i51_save_q_hist,sd,na,1991-04-01,2.2185566509785106
ks_i51_save_q_hist,sd,na,1991-07-01,2.228600271513605
ks_i51_save_q_hist,sd,na,1991-10-01,2.21028746809239
ks_i51_save_q_hist,sd,na,1992-01-01,2.3374409504988938
ks_i51_save_q_hist,sd,na,1992-04-01,2.183535757605287
ks_i51_save_q_hist,sd,na,1992-07-01,2.2249653714322912
ks_i51_save_q_hist,sd,na,1992-10-01,2.229724173822301
ks_i51_save_q_hist,sd,na,1993-01-01,2.1590902647752817
ks_i51_save_q_hist,sd,na,1993-04-01,2.2450930030451617
ks_i51_save_q_hist,sd,na,1993-07-01,2.147972956787339
ks_i51_save_q_hist,sd,na,1993-10-01,2.250443812644116
ks_i51_save_q_hist,sd,na,1994-01-01,2.2905876153162117
ks_i51_save_q_hist,sd,na,1994-04-01,2.268462589334144
ks_i51_save_q_hist,sd,na,1994-07-01,2.443924055990076
ks_i51_save_q_hist,sd,na,1994-10-01,2.3181794250935663
ks_i51_save_q_hist,sd,na,1995-01-01,2.3257245001241182
ks_i51_save_q_hist,sd,na,1995-04-01,2.1608355659104834
ks_i51_save_q_hist,sd,na,1995-07-01,2.317694293060447
ks_i51_save_q_hist,sd,na,1995-10-01,2.202184402846955
ks_i51_save_q_hist,sd,na,1996-01-01,2.028285935651055
ks_i51_save_q_hist,sd,na,1996-04-01,2.02754031790302
ks_i51_save_q_hist,sd,na,1996-07-01,2.281952880107719
ks_i51_save_q_hist,sd,na,1996-10-01,2.433674583269598
ks_i51_save_q_hist,sd,na,1997-01-01,2.6325339247943305
ks_i51_save_q_hist,sd,na,1997-04-01,2.2845514351937997
ks_i51_save_q_hist,sd,na,1997-07-01,2.581356194476619
ks_i51_save_q_hist,sd,na,1997-10-01,2.3393033241232297
ks_i51_save_q_hist,sd,na,1998-01-01,2.507062828490298
ks_i51_save_q_hist,sd,na,1998-04-01,2.4804347512171367
ks_i51_save_q_hist,sd,na,1998-07-01,2.387970952707335
ks_i51_save_q_hist,sd,na,1998-10-01,2.588193499901144
ks_i51_save_q_hist,sd,na,1999-01-01,2.5054355623432603
ks_i51_save_q_hist,sd,na,1999-04-01,2.5503758630868236
ks_i51_save_q_hist,sd,na,1999-07-01,2.5351621124752404
ks_i51_save_q_hist,sd,na,1999-10-01,2.3897671981973416
ks_i51_save_q_hist,sd,na,2000-01-01,2.5537306481576953
ks_i51_save_q_hist,sd,na,2000-04-01,2.396538176176347
ks_i51_save_q_hist,sd,na,2000-07-01,2.604064781974495
ks_i51_save_q_hist,sd,na,2000-10-01,2.5275558737029633
ks_i51_save_q_hist,sd,na,2001-01-01,2.3587594673061245
ks_i51_save_q_hist,sd,na,2001-04-01,2.4348843098976665
ks_i51_save_q_hist,sd,na,2001-07-01,2.514889855777743
ks_i51_save_q_hist,sd,na,2001-10-01,2.4529510744812275
ks_i51_save_q_hist,sd,na,2002-01-01,2.4586713167962375
ks_i51_save_q_hist,sd,na,2002-04-01,2.482018120759952
ks_i51_save_q_hist,sd,na,2002-07-01,2.6011253956345897
ks_i51_save_q_hist,sd,na,2002-10-01,2.406083268893021
ks_i51_save_q_hist,sd,na,2003-01-01,2.284554024615148
ks_i51_save_q_hist,sd,na,2003-04-01,2.2435098445880777
ks_i51_save_q_hist,sd,na,2003-07-01,2.344594931271901
ks_i51_save_q_hist,sd,na,2003-10-01,2.453666082075919
ks_i51_save_q_hist,sd,na,2004-01-01,2.5695960731502967
ks_i51_save_q_hist,sd,na,2004-04-01,2.4488394561254325
ks_i51_save_q_hist,sd,na,2004-07-01,2.4628250259953832
ks_i51_save_q_hist,sd,na,2004-10-01,2.3244508113949656
ks_i51_save_q_hist,sd,na,2005-01-01,2.2517129773888636
ks_i51_save_q_hist,sd,na,2005-04-01,2.390342882363884
ks_i51_save_q_hist,sd,na,2005-07-01,2.402802518674569
ks_i51_save_q_hist,sd,na,2005-10-01,2.323745714428092
ks_i51_save_q_hist,sd,na,2006-01-01,2.4054128309875122
ks_i51_save_q_hist,sd,na,2006-04-01,2.5011917335352214
ks_i51_save_q_hist,sd,na,2006-07-01,2.410264064762773
ks_i51_save_q_hist,sd,na,2006-10-01,2.4537054409451002
ks_i51_save_q_hist,sd,na,2007-01-01,2.4450645095344026
ks_i51_save_q_hist,sd,na,2007-04-01,2.275296091585997
ks_i51_save_q_hist,sd,na,2007-07-01,2.5321730619658247
ks_i51_save_q_hist,sd,na,2007-10-01,2.4299551130328934
ks_i51_save_q_hist,sd,na,2008-01-01,2.539674779903137
ks_i51_save_q_hist,sd,na,2008-04-01,2.5199024317421412
ks_i51_save_q_hist,sd,na,2008-07-01,2.3378953730774765
ks_i51_save_q_hist,sd,na,2008-10-01,2.3862949471908386
ks_i51_save_q_hist,sd,na,2009-01-01,2.4446435014035446
ks_i51_save_q_hist,sd,na,2009-04-01,2.369850430694443
ks_i51_save_q_hist,sd,na,2009-07-01,2.2554186639018434
ks_i51_save_q_hist,sd,na,2009-10-01,2.30705714797701
ks_i51_save_q_hist,sd,na,2010-01-01,2.3356088233735246
ks_i51_save_q_hist,sd,na,2010-04-01,2.4688536751280834
ks_i51_save_q_hist,sd,na,2010-07-01,2.5299180939349117
ks_i51_save_q_hist,sd,na,2010-10-01,2.3159682336317076
ks_i51_save_q_hist,sd,na,2011-01-01,2.522954152764357
ks_i51_save_q_hist,sd,na,2011-04-01,2.312082097844894
ks_i51_save_q_hist,sd,na,2011-07-01,2.2195544336812585
ks_i51_save_q_hist,sd,na,2011-10-01,2.417529157816264
ks_i51_save_q_hist,sd,na,2012-01-01,2.5251973729759962
ks_i51_save_q_hist,sd,na,2012-04-01,2.4509074243709437
ks_i51_save_q_hist,sd,na,2012-07-01,2.5289376864619615
ks_i51_save_q_hist,sd,na,2012-10-01,2.3815486817332943
ks_i51_save_q_hist,sd,na,2013-01-01,2.3473450274039847
ks_i51_save_q_hist,sd,na,2013-04-01,2.5247410845248512
ks_i51_save_q_hist,sd,na,2013-07-01,2.49916513122992
ks_i51_save_q_hist,sd,na,2013-10-01,2.383521387856709
ks_i51_save_q_hist,sd,na,2014-01-01,2.479843573787857
ks_i51_save_q_hist,sd,na,2014-04-01,2.532359758298002
ks_i51_save_q_hist,sd,na,2014-07-01,2.585589444290358
ks_i51_save_q_hist,sd,na,2014-10-01,2.5187295846399094
ks_i51_save_q_hist,sd,na,2015-01-01,2.523283654793332
ks_i51_save_q_hist,sd,na,2015-04-01,2.5696030557952634
ks_i51_save_q_hist,sd,na,2015-07-01,2.7274306443740044
ks_i51_save_q_hist,sd,na,2015-10-01,2.532059682757377
ks_i51_save_q_hist,sd,na,2016-01-01,2.5113741077179594
ks_i51_save_q_hist,sd,na,2016-04-01,2.609867856467179
ks_i51_save_q_hist,sd,na,2016-07-01,2.695747897754705
ks_i51_save_q_hist,sd,na,2016-10-01,2.737183767344439
ks_i51_save_q_hist,sd,na,2017-01-01,2.4713586606219806
ks_i51_save_q_hist,sd,na,2017-04-01,2.683696034648137
ks_i51_save_q_hist,sd,na,2017-07-01,2.5040861444258216
ks_i51_save_q_hist,sd,na,2017-10-01,2.5704359507964334
ks_i51_save_q_hist,sd,na,2018-01-01,2.3591932932167192
ks_i51_save_q_hist,sd,na,2018-04-01,2.588061564288244
ks_i51_save_q_hist,sd,na,2018-07-01,2.7926018928777703
ks_i51_save_q_hist,sd,na,2018-10-01,2.613145093309802
ks_i51_save_q_hist,sd,na,2019-01-01,2.4341451083852768
ks_i51_save_q_hist,sd,na,2019-04-01,2.4749684262698435
ks_i51_save_q_hist,sd,na,2019-07-01,2.577616792957108
ks_i51_save_q_hist,sd,na,2019-10-01,2.6336184701095866
ks_i51_save_q_hist,sd,na,2020-01-01,2.504072060564171
ks_i51_save_q_hist,sd,na,2020-04-01,2.144611800365956
ks_i51_save_q_hist,sd,na,2020-07-01,2.366043715705786
ks_i51_save_q_hist,sd,na,2020-10-01,2.4228212156643547
ks_i51_save_q_hist,sd,na,2021-01-01,2.230610675714698
ks_i51_save_q_hist,sd,na,2021-04-01,2.616919579862619
ks_i51_save_q_hist,sd,na,2021-07-01,2.4927039757190914
ks_i51_save_q_hist,sd,na,2021-10-01,2.672126739115369
ks_i51_save_q_hist,sd,na,2022-01-01,2.4979313200586963
ks_i51_save_q_hist,sd,na,2022-04-01,2.661657064182226
ks_i51_save_q_hist,sd,na,2022-07-01,2.658969960129704
ks_i51_save_q_hist,sd,na,2022-10-01,2.7387210662306134
ks_i51_save_q_hist,sd,na,2023-01-01,2.6317988488973705
ks_i51_save_q_hist,sd,na,2023-04-01,3.054819271785302
ks_i51_save_q_hist,sd,na,2023-07-01,2.9339899410923524
ks_i51_save_q_hist,sd,na,2023-10-01,2.9461152478873487
ks_i52_spend_q_hist,sd,na,1972-10-01,4.290330078256204
ks_i52_spend_q_hist,sd,na,1973-01-01,4.332999581715071
ks_i52_spend_q_hist,sd,na,1973-04-01,4.129896363921436
ks_i52_spend_q_hist,sd,na,1973-07-01,4.173158865417062
ks_i52_spend_q_hist,sd,na,1973-10-01,3.733997822894774
ks_i52_spend_q_hist,sd,na,1974-01-01,3.815667878386897
ks_i52_spend_q_hist,sd,na,1974-04-01,3.8602363290940045
ks_i52_spend_q_hist,sd,na,1974-07-01,4.015055148066056
ks_i52_spend_q_hist,sd,na,1974-10-01,4.133155647169438
ks_i52_spend_q_hist,sd,na,1975-01-01,3.644340040579382
ks_i52_spend_q_hist,sd,na,1975-04-01,4.0219889476615505
ks_i52_spend_q_hist,sd,na,1975-07-01,3.688028075686237
ks_i52_spend_q_hist,sd,na,1975-10-01,3.7035726150736497
ks_i52_spend_q_hist,sd,na,1976-01-01,3.7680785434809074
ks_i52_spend_q_hist,sd,na,1976-04-01,3.6150061062296612
ks_i52_spend_q_hist,sd,na,1976-07-01,3.9801649920049815
ks_i52_spend_q_hist,sd,na,1976-10-01,3.7251383781544223
ks_i52_spend_q_hist,sd,na,1977-01-01,3.5978748120603155
ks_i52_spend_q_hist,sd,na,1977-04-01,3.6538932447345935
ks_i52_spend_q_hist,sd,na,1977-07-01,3.4162231770170433
ks_i52_spend_q_hist,sd,na,1977-10-01,3.9788271929246206
ks_i52_spend_q_hist,sd,na,1978-01-01,3.674153974276909
ks_i52_spend_q_hist,sd,na,1978-04-01,3.8820659687442665
ks_i52_spend_q_hist,sd,na,1978-07-01,3.8210744111466277
ks_i52_spend_q_hist,sd,na,1978-10-01,3.9703025409690786
ks_i52_spend_q_hist,sd,na,1979-01-01,3.8289634053395485
ks_i52_spend_q_hist,sd,na,1979-04-01,3.90810544084979
ks_i52_spend_q_hist,sd,na,1979-07-01,4.052059324257318
ks_i52_spend_q_hist,sd,na,1979-10-01,3.772645665579719
ks_i52_spend_q_hist,sd,na,1980-01-01,3.3864601756881463
ks_i52_spend_q_hist,sd,na,1980-04-01,3.064190058958
ks_i52_spend_q_hist,sd,na,1980-07-01,3.111121348546377
ks_i52_spend_q_hist,sd,na,1980-10-01,3.2271763135541844
ks_i52_spend_q_hist,sd,na,1981-01-01,2.6105452936601687
ks_i52_spend_q_hist,sd,na,1981-04-01,2.6761673911497956
ks_i52_spend_q_hist,sd,na,1981-07-01,2.678029415488173
ks_i52_spend_q_hist,sd,na,1981-10-01,2.550629223063221
ks_i52_spend_q_hist,sd,na,1982-01-01,2.6030192029430217
ks_i52_spend_q_hist,sd,na,1982-04-01,2.5364145046783872
ks_i52_spend_q_hist,sd,na,1982-07-01,2.4929375019584947
ks_i52_spend_q_hist,sd,na,1982-10-01,2.4899881061223748
ks_i52_spend_q_hist,sd,na,1983-01-01,2.534995138441753
ks_i52_spend_q_hist,sd,na,1983-04-01,2.5394091870754125
ks_i52_spend_q_hist,sd,na,1983-07-01,2.572927579786379
ks_i52_spend_q_hist,sd,na,1983-10-01,2.5419075210872384
ks_i52_spend_q_hist,sd,na,1984-01-01,2.5462717096650467
ks_i52_spend_q_hist,sd,na,1984-04-01,2.457004809992257
ks_i52_spend_q_hist,sd,na,1984-07-01,2.4267680385896124
ks_i52_spend_q_hist,sd,na,1984-10-01,2.418165378000418
ks_i52_spend_q_hist,sd,na,1985-01-01,2.485192971531514
ks_i52_spend_q_hist,sd,na,1985-04-01,2.394291154121396
ks_i52_spend_q_hist,sd,na,1985-07-01,2.4681193894727795
ks_i52_spend_q_hist,sd,na,1985-10-01,2.450034420168688
ks_i52_spend_q_hist,sd,na,1986-01-01,2.381355233935864
ks_i52_spend_q_hist,sd,na,1986-04-01,2.4356725035676345
ks_i52_spend_q_hist,sd,na,1986-07-01,2.4228857333132425
ks_i52_spend_q_hist,sd,na,1986-10-01,2.49883367817472
ks_i52_spend_q_hist,sd,na,1987-01-01,2.5306925605294666
ks_i52_spend_q_hist,sd,na,1987-04-01,2.539681589833316
ks_i52_spend_q_hist,sd,na,1987-07-01,2.5540707288311304
ks_i52_spend_q_hist,sd,na,1987-10-01,2.4467420075337483
ks_i52_spend_q_hist,sd,na,1988-01-01,2.538754392833954
ks_i52_spend_q_hist,sd,na,1988-04-01,2.4883173826752794
ks_i52_spend_q_hist,sd,na,1988-07-01,2.4245530901612753
ks_i52_spend_q_hist,sd,na,1988-10-01,2.371827734541336
ks_i52_spend_q_hist,sd,na,1989-01-01,2.464062091167688
ks_i52_spend_q_hist,sd,na,1989-04-01,2.4766770957865543
ks_i52_spend_q_hist,sd,na,1989-07-01,2.4062258479364056
ks_i52_spend_q_hist,sd,na,1989-10-01,2.3472229086209824
ks_i52_spend_q_hist,sd,na,1990-01-01,2.5212388791834117
ks_i52_spend_q_hist,sd,na,1990-04-01,2.539192681278129
ks_i52_spend_q_hist,sd,na,1990-07-01,2.552820277251646
ks_i52_spend_q_hist,sd,na,1990-10-01,2.5518003868539267
ks_i52_spend_q_hist,sd,na,1991-01-01,2.345598835201922
ks_i52_spend_q_hist,sd,na,1991-04-01,2.3346372466741196
ks_i52_spend_q_hist,sd,na,1991-07-01,2.405503566967293
ks_i52_spend_q_hist,sd,na,1991-10-01,2.387869291510032
ks_i52_spend_q_hist,sd,na,1992-01-01,2.352783570790746
ks_i52_spend_q_hist,sd,na,1992-04-01,2.345954552362234
ks_i52_spend_q_hist,sd,na,1992-07-01,2.483392710396916
ks_i52_spend_q_hist,sd,na,1992-10-01,2.412822696132513
ks_i52_spend_q_hist,sd,na,1993-01-01,2.5557964560184234
ks_i52_spend_q_hist,sd,na,1993-04-01,2.560443070489049
ks_i52_spend_q_hist,sd,na,1993-07-01,2.6096540039448017
ks_i52_spend_q_hist,sd,na,1993-10-01,2.6311002397860377
ks_i52_spend_q_hist,sd,na,1994-01-01,2.629988919105186
ks_i52_spend_q_hist,sd,na,1994-04-01,2.5726095741679487
ks_i52_spend_q_hist,sd,na,1994-07-01,2.553461534477241
ks_i52_spend_q_hist,sd,na,1994-10-01,2.644382722208536
ks_i52_spend_q_hist,sd,na,1995-01-01,2.5065655337677515
ks_i52_spend_q_hist,sd,na,1995-04-01,2.566080944952206
ks_i52_spend_q_hist,sd,na,1995-07-01,2.626101272024237
ks_i52_spend_q_hist,sd,na,1995-10-01,2.5617397045216164
ks_i52_spend_q_hist,sd,na,1996-01-01,2.6188155713575747
ks_i52_spend_q_hist,sd,na,1996-04-01,2.371462979738835
ks_i52_spend_q_hist,sd,na,1996-07-01,2.5994467683734293
ks_i52_spend_q_hist,sd,na,1996-10-01,2.7336309009065256
ks_i52_spend_q_hist,sd,na,1997-01-01,2.8139227416698707
ks_i52_spend_q_hist,sd,na,1997-04-01,2.8213996713514744
ks_i52_spend_q_hist,sd,na,1997-07-01,2.900142449947725
ks_i52_spend_q_hist,sd,na,1997-10-01,2.617561049771104
ks_i52_spend_q_hist,sd,na,1998-01-01,2.732624062021051
ks_i52_spend_q_hist,sd,na,1998-04-01,2.7718374629736906
ks_i52_spend_q_hist,sd,na,1998-07-01,2.8083528392255586
ks_i52_spend_q_hist,sd,na,1998-10-01,2.8184899985924563
ks_i52_spend_q_hist,sd,na,1999-01-01,2.7947855072062144
ks_i52_spend_q_hist,sd,na,1999-04-01,2.737096962713583
ks_i52_spend_q_hist,sd,na,1999-07-01,2.7337556802417495
ks_i52_spend_q_hist,sd,na,1999-10-01,2.694536468237485
ks_i52_spend_q_hist,sd,na,2000-01-01,2.606899887425802
ks_i52_spend_q_hist,sd,na,2000-04-01,2.7136089758242017
ks_i52_spend_q_hist,sd,na,2000-07-01,2.6554149317010753
ks_i52_spend_q_hist,sd,na,2000-10-01,2.5509772433976154
ks_i52_spend_q_hist,sd,na,2001-01-01,2.574712976461718
ks_i52_spend_q_hist,sd,na,2001-04-01,2.716915537025565
ks_i52_spend_q_hist,sd,na,2001-07-01,2.6856582803554145
ks_i52_spend_q_hist,sd,na,2001-10-01,2.543945040082296
ks_i52_spend_q_hist,sd,na,2002-01-01,2.626231871607831
ks_i52_spend_q_hist,sd,na,2002-04-01,2.584590033508391
ks_i52_spend_q_hist,sd,na,2002-07-01,2.5781586120741737
ks_i52_spend_q_hist,sd,na,2002-10-01,2.519462542910831
ks_i52_spend_q_hist,sd,na,2003-01-01,2.579104744146538
ks_i52_spend_q_hist,sd,na,2003-04-01,2.620818585135942
ks_i52_spend_q_hist,sd,na,2003-07-01,2.6715976051038104
ks_i52_spend_q_hist,sd,na,2003-10-01,2.6555087760020735
ks_i52_spend_q_hist,sd,na,2004-01-01,2.596398667807519
ks_i52_spend_q_hist,sd,na,2004-04-01,2.5901752964448836
ks_i52_spend_q_hist,sd,na,2004-07-01,2.5589609846187558
ks_i52_spend_q_hist,sd,na,2004-10-01,2.4655230934835304
ks_i52_spend_q_hist,sd,na,2005-01-01,2.500761298636874
ks_i52_spend_q_hist,sd,na,2005-04-01,2.546481111594707
ks_i52_spend_q_hist,sd,na,2005-07-01,2.5282206947007864
ks_i52_spend_q_hist,sd,na,2005-10-01,2.494290050126116
ks_i52_spend_q_hist,sd,na,2006-01-01,2.6083780628453694
ks_i52_spend_q_hist,sd,na,2006-04-01,2.5670244592580587
ks_i52_spend_q_hist,sd,na,2006-07-01,2.5739579407672912
ks_i52_spend_q_hist,sd,na,2006-10-01,2.479621196788824
ks_i52_spend_q_hist,sd,na,2007-01-01,2.555961544104437
ks_i52_spend_q_hist,sd,na,2007-04-01,2.6562434194566062
ks_i52_spend_q_hist,sd,na,2007-07-01,2.5284755667207146
ks_i52_spend_q_hist,sd,na,2007-10-01,2.577580233138712
ks_i52_spend_q_hist,sd,na,2008-01-01,2.5512695287023437
ks_i52_spend_q_hist,sd,na,2008-04-01,2.457590561714673
ks_i52_spend_q_hist,sd,na,2008-07-01,2.430863574333009
ks_i52_spend_q_hist,sd,na,2008-10-01,2.399016341877238
ks_i52_spend_q_hist,sd,na,2009-01-01,2.5837727217152513
ks_i52_spend_q_hist,sd,na,2009-04-01,2.5853838109385814
ks_i52_spend_q_hist,sd,na,2009-07-01,2.6099826901485828
ks_i52_spend_q_hist,sd,na,2009-10-01,2.4899902947797403
ks_i52_spend_q_hist,sd,na,2010-01-01,2.462498826495807
ks_i52_spend_q_hist,sd,na,2010-04-01,2.559661393337512
ks_i52_spend_q_hist,sd,na,2010-07-01,2.535783853990287
ks_i52_spend_q_hist,sd,na,2010-10-01,2.4609037229614756
ks_i52_spend_q_hist,sd,na,2011-01-01,2.587871289418611
ks_i52_spend_q_hist,sd,na,2011-04-01,2.4271603389603196
ks_i52_spend_q_hist,sd,na,2011-07-01,2.5000794077646944
ks_i52_spend_q_hist,sd,na,2011-10-01,2.619065343321633
ks_i52_spend_q_hist,sd,na,2012-01-01,2.42847461283869
ks_i52_spend_q_hist,sd,na,2012-04-01,2.382625426719724
ks_i52_spend_q_hist,sd,na,2012-07-01,2.4927226111329825
ks_i52_spend_q_hist,sd,na,2012-10-01,2.375837044438357
ks_i52_spend_q_hist,sd,na,2013-01-01,2.31015568641978
ks_i52_spend_q_hist,sd,na,2013-04-01,2.3930199591687926
ks_i52_spend_q_hist,sd,na,2013-07-01,2.4273493357255127
ks_i52_spend_q_hist,sd,na,2013-10-01,2.4725532849089396
ks_i52_spend_q_hist,sd,na,2014-01-01,2.3680692158183096
ks_i52_spend_q_hist,sd,na,2014-04-01,2.4040237845246035
ks_i52_spend_q_hist,sd,na,2014-07-01,2.3485608338222947
ks_i52_spend_q_hist,sd,na,2014-10-01,2.346331132506891
ks_i52_spend_q_hist,sd,na,2015-01-01,2.5133624470887894
ks_i52_spend_q_hist,sd,na,2015-04-01,2.53696329807138
ks_i52_spend_q_hist,sd,na,2015-07-01,2.5268044680600514
ks_i52_spend_q_hist,sd,na,2015-10-01,2.4080175760615297
ks_i52_spend_q_hist,sd,na,2016-01-01,2.3456610778220006
ks_i52_spend_q_hist,sd,na,2016-04-01,2.453144607135236
ks_i52_spend_q_hist,sd,na,2016-07-01,2.526029423599292
ks_i52_spend_q_hist,sd,na,2016-10-01,2.507488673343566
ks_i52_spend_q_hist,sd,na,2017-01-01,2.288273058991365
ks_i52_spend_q_hist,sd,na,2017-04-01,2.322361009494467
ks_i52_spend_q_hist,sd,na,2017-07-01,2.228201007501008
ks_i52_spend_q_hist,sd,na,2017-10-01,2.2427781763117993
ks_i52_spend_q_hist,sd,na,2018-01-01,1.9526561872919528
ks_i52_spend_q_hist,sd,na,2018-04-01,2.013788313235115
ks_i52_spend_q_hist,sd,na,2018-07-01,2.250784519537036
ks_i52_spend_q_hist,sd,na,2018-10-01,2.0244147733773334
ks_i52_spend_q_hist,sd,na,2019-01-01,1.9896945060440574
ks_i52_spend_q_hist,sd,na,2019-04-01,2.0377683273867824
ks_i52_spend_q_hist,sd,na,2019-07-01,2.084547350550075
ks_i52_spend_q_hist,sd,na,2019-10-01,2.0450291401934386
ks_i52_spend_q_hist,sd,na,2020-01-01,2.036087137996653
ks_i52_spend_q_hist,sd,na,2020-04-01,1.6227789576452487
ks_i52_spend_q_hist,sd,na,2020-07-01,2.038574380717969
ks_i52_spend_q_hist,sd,na,2020-10-01,1.9757112332725506
ks_i52_spend_q_hist,sd,na,2021-01-01,1.9803275695347509
ks_i52_spend_q_hist,sd,na,2021-04-01,2.05788788013109
ks_i52_spend_q_hist,sd,na,2021-07-01,2.010788986441741
ks_i52_spend_q_hist,sd,na,2021-10-01,2.0255814466605364
ks_i52_spend_q_hist,sd,na,2022-01-01,1.9169511197638256
ks_i52_spend_q_hist,sd,na,2022-04-01,1.9402790149018123
ks_i52_spend_q_hist,sd,na,2022-07-01,1.831072834474571
ks_i52_spend_q_hist,sd,na,2022-10-01,1.9384581852840579
ks_i52_spend_q_hist,sd,na,2023-01-01,1.9081069384312814
ks_i52_spend_q_hist,sd,na,2023-04-01,1.9398400489161998
ks_i52_spend_q_hist,sd,na,2023-07-01,2.058525049429088
ks_i52_spend_q_hist,sd,na,2023-10-01,2.0012771289888867
ks_i53_save_exp_q_hist,sd,na,2007-04-01,6.2813837896537725
ks_i53_save_exp_q_hist,sd,na,2007-07-01,6.431894926668938
ks_i53_save_exp_q_hist,sd,na,2007-10-01,9.54757523124971
ks_i53_save_exp_q_hist,sd,na,2008-01-01,6.1226323768357105
ks_i53_save_exp_q_hist,sd,na,2008-04-01,4.507322813973495
ks_i53_save_exp_q_hist,sd,na,2008-07-01,4.6532024242352374
ks_i53_save_exp_q_hist,sd,na,2008-10-01,4.431528210444554
ks_i53_save_exp_q_hist,sd,na,2009-01-01,4.501981839712962
ks_i53_save_exp_q_hist,sd,na,2009-04-01,4.531197731583559
ks_i53_save_exp_q_hist,sd,na,2009-07-01,4.4668197007503405
ks_i53_save_exp_q_hist,sd,na,2009-10-01,4.404586479698242
ks_i53_save_exp_q_hist,sd,na,2010-01-01,4.491279725170419
ks_i53_save_exp_q_hist,sd,na,2010-04-01,4.473434132729348
ks_i53_save_exp_q_hist,sd,na,2010-07-01,4.505466979306366
ks_i53_save_exp_q_hist,sd,na,2010-10-01,4.473225017518016
ks_i53_save_exp_q_hist,sd,na,2011-01-01,4.522675940869904
ks_i53_save_exp_q_hist,sd,na,2011-04-01,4.225525340846415
ks_i53_save_exp_q_hist,sd,na,2011-07-01,4.066376177228573
ks_i53_save_exp_q_hist,sd,na,2011-10-01,4.207119408590379
ks_i53_save_exp_q_hist,sd,na,2012-01-01,4.361687523457944
ks_i53_save_exp_q_hist,sd,na,2012-04-01,4.253987915985072
ks_i53_save_exp_q_hist,sd,na,2012-07-01,4.302754279819584
ks_i53_save_exp_q_hist,sd,na,2012-10-01,4.131560104185582
ks_i53_save_exp_q_hist,sd,na,2013-01-01,4.076192944663045
ks_i53_save_exp_q_hist,sd,na,2013-04-01,4.269912484048102
ks_i53_save_exp_q_hist,sd,na,2013-07-01,4.367416777691619
ks_i53_save_exp_q_hist,sd,na,2013-10-01,4.504139206969756
ks_i53_save_exp_q_hist,sd,na,2014-01-01,4.345195267939141
ks_i53_save_exp_q_hist,sd,na,2014-04-01,4.59055089751749
ks_i53_save_exp_q_hist,sd,na,2014-07-01,4.390385847344847
ks_i53_save_exp_q_hist,sd,na,2014-10-01,4.311260065166401
ks_i53_save_exp_q_hist,sd,na,2015-01-01,4.446842995158149
ks_i53_save_exp_q_hist,sd,na,2015-04-01,4.450469288319215
ks_i53_save_exp_q_hist,sd,na,2015-07-01,4.632921435924437
ks_i53_save_exp_q_hist,sd,na,2015-10-01,4.404964848650425
ks_i53_save_exp_q_hist,sd,na,2016-01-01,4.059600007359289
ks_i53_save_exp_q_hist,sd,na,2016-04-01,4.350176216891806
ks_i53_save_exp_q_hist,sd,na,2016-07-01,4.59948090014825
ks_i53_save_exp_q_hist,sd,na,2016-10-01,4.530400333733938
ks_i53_save_exp_q_hist,sd,na,2017-01-01,4.1849680265192415
ks_i53_save_exp_q_hist,sd,na,2017-04-01,4.449230779488277
ks_i53_save_exp_q_hist,sd,na,2017-07-01,4.243446923564323
ks_i53_save_exp_q_hist,sd,na,2017-10-01,4.30373448333684
ks_i53_save_exp_q_hist,sd,na,2018-01-01,3.731002585499009
ks_i53_save_exp_q_hist,sd,na,2018-04-01,4.135359502837142
ks_i53_save_exp_q_hist,sd,na,2018-07-01,4.5157387841178585
ks_i53_save_exp_q_hist,sd,na,2018-10-01,4.122501796846382
ks_i53_save_exp_q_hist,sd,na,2019-01-01,3.9941774469747955
ks_i53_save_exp_q_hist,sd,na,2019-04-01,4.05657403396974
ks_i53_save_exp_q_hist,sd,na,2019-07-01,4.128482622939732
ks_i53_save_exp_q_hist,sd,na,2019-10-01,4.075360510135176
ks_i53_save_exp_q_hist,sd,na,2020-01-01,3.996480048001701
ks_i53_save_exp_q_hist,sd,na,2020-04-01,3.337021865471236
ks_i53_save_exp_q_hist,sd,na,2020-07-01,3.8523248851736414
ks_i53_save_exp_q_hist,sd,na,2020-10-01,3.769200852864933
ks_i53_save_exp_q_hist,sd,na,2021-01-01,3.6495521076209214
ks_i53_save_exp_q_hist,sd,na,2021-04-01,3.89443971850626
ks_i53_save_exp_q_hist,sd,na,2021-07-01,4.015937020955179
ks_i53_save_exp_q_hist,sd,na,2021-10-01,4.065629318795427
ks_i53_save_exp_q_hist,sd,na,2022-01-01,3.8977264637301157
ks_i53_save_exp_q_hist,sd,na,2022-04-01,3.9872940648494613
ks_i53_save_exp_q_hist,sd,na,2022-07-01,3.989984190344217
ks_i53_save_exp_q_hist,sd,na,2022-10-01,4.215998347443428
ks_i53_save_exp_q_hist,sd,na,2023-01-01,4.00988970199316
ks_i53_save_exp_q_hist,sd,na,2023-04-01,4.385931361449963
ks_i53_save_exp_q_hist,sd,na,2023-07-01,4.656103852739457
ks_i53_save_exp_q_hist,sd,na,2023-10-01,4.344662124449677
ks_i62_index_q_hist,sd,na,2008-04-01,1.8688180936167686
ks_i62_index_q_hist,sd,na,2008-07-01,1.8881809734094164
ks_i62_index_q_hist,sd,na,2008-10-01,1.8942407621063404
ks_i62_index_q_hist,sd,na,2009-01-01,1.8284053832734595
ks_i62_index_q_hist,sd,na,2009-04-01,1.8342546971296705
ks_i62_index_q_hist,sd,na,2009-07-01,1.8949837860363188
ks_i62_index_q_hist,sd,na,2009-10-01,1.934750224015751
ks_i62_index_q_hist,sd,na,2010-01-01,1.8617093464549304
ks_i62_index_q_hist,sd,na,2010-04-01,2.078434841790958
ks_i62_index_q_hist,sd,na,2010-07-01,1.9513808905202978
ks_i62_index_q_hist,sd,na,2010-10-01,2.004709043527547
ks_i62_index_q_hist,sd,na,2011-01-01,1.8739869877557842
ks_i62_index_q_hist,sd,na,2011-04-01,1.7767356782965007
ks_i62_index_q_hist,sd,na,2011-07-01,1.7679794013653758
ks_i62_index_q_hist,sd,na,2011-10-01,1.7767033709203743
ks_i62_index_q_hist,sd,na,2012-01-01,1.8790008532699403
ks_i62_index_q_hist,sd,na,2012-04-01,1.8077871909315262
ks_i62_index_q_hist,sd,na,2012-07-01,1.7614555683060589
ks_i62_index_q_hist,sd,na,2012-10-01,1.7463584327395538
ks_i62_index_q_hist,sd,na,2013-01-01,1.7172871137799104
ks_i62_index_q_hist,sd,na,2013-04-01,1.7454905782983432
ks_i62_index_q_hist,sd,na,2013-07-01,1.7741752741517718
ks_i62_index_q_hist,sd,na,2013-10-01,1.8478617579375216
ks_i62_index_q_hist,sd,na,2014-01-01,1.7785536376163824
ks_i62_index_q_hist,sd,na,2014-04-01,1.890200792988104
ks_i62_index_q_hist,sd,na,2014-07-01,1.7515229065245423
ks_i62_index_q_hist,sd,na,2014-10-01,1.7397625162206867
ks_i62_index_q_hist,sd,na,2015-01-01,1.8136703360880735
ks_i62_index_q_hist,sd,na,2015-04-01,1.7382843141432194
ks_i62_index_q_hist,sd,na,2015-07-01,1.9219164419195145
ks_i62_index_q_hist,sd,na,2015-10-01,1.8093569232993651
ks_i62_index_q_hist,sd,na,2016-01-01,1.6417684165377713
ks_i62_index_q_hist,sd,na,2016-04-01,1.8190950445117724
ks_i62_index_q_hist,sd,na,2016-07-01,1.9301241718582756
ks_i62_index_q_hist,sd,na,2016-10-01,1.8795795195479237
ks_i62_index_q_hist,sd,na,2017-01-01,1.7593384075489504
ks_i62_index_q_hist,sd,na,2017-04-01,1.8626422097709212
ks_i62_index_q_hist,sd,na,2017-07-01,1.7128960156240884
ks_i62_index_q_hist,sd,na,2017-10-01,1.8492895899287944
ks_i62_index_q_hist,sd,na,2018-01-01,1.6748644667640613
ks_i62_index_q_hist,sd,na,2018-04-01,1.7825801866200883
ks_i62_index_q_hist,sd,na,2018-07-01,1.9148575199243154
ks_i62_index_q_hist,sd,na,2018-10-01,1.741226885601613
ks_i62_index_q_hist,sd,na,2019-01-01,1.713786306499527
ks_i62_index_q_hist,sd,na,2019-04-01,1.686064393598196
ks_i62_index_q_hist,sd,na,2019-07-01,1.7522829898635048
ks_i62_index_q_hist,sd,na,2019-10-01,1.753285830425238
ks_i62_index_q_hist,sd,na,2020-01-01,1.7317556681816626
ks_i62_index_q_hist,sd,na,2020-04-01,1.5950066773878206
ks_i62_index_q_hist,sd,na,2020-07-01,1.7860839756883524
ks_i62_index_q_hist,sd,na,2020-10-01,1.7027647725109882
ks_i62_index_q_hist,sd,na,2021-01-01,1.7263065848682744
ks_i62_index_q_hist,sd,na,2021-04-01,1.9770434385302085
ks_i62_index_q_hist,sd,na,2021-07-01,1.9023538037153687
ks_i62_index_q_hist,sd,na,2021-10-01,1.8909525736418429
ks_i62_index_q_hist,sd,na,2022-01-01,1.7594021918300347
ks_i62_index_q_hist,sd,na,2022-04-01,1.9354406312830892
ks_i62_index_q_hist,sd,na,2022-07-01,1.8880332859071314
ks_i62_index_q_hist,sd,na,2022-10-01,2.0272125765024143
ks_i62_index_q_hist,sd,na,2023-01-01,1.990032629223639
ks_i62_index_q_hist,sd,na,2023-04-01,2.10273110094467
ks_i62_index_q_hist,sd,na,2023-07-01,2.105777487792525
ks_i62_index_q_hist,sd,na,2023-10-01,2.075763272143903
ks_i63_index_q_hist,index,csa,1972-10-01,19.975468371589447
ks_i63_index_q_hist,index,csa,1973-01-01,11.125009363916401
ks_i63_index_q_hist,index,csa,1973-04-01,8.19439805323545
ks_i63_index_q_hist,index,csa,1973-07-01,6.388585950495925
ks_i63_index_q_hist,index,csa,1973-10-01,-0.9896364609626849
ks_i63_index_q_hist,index,csa,1974-01-01,-1.6598542436796722
ks_i63_index_q_hist,index,csa,1974-04-01,-13.234902572378608
ks_i63_index_q_hist,index,csa,1974-07-01,-12.696217169392296
ks_i63_index_q_hist,index,csa,1974-10-01,-17.346600071655207
ks_i63_index_q_hist,index,csa,1975-01-01,-21.688250039739287
ks_i63_index_q_hist,index,csa,1975-04-01,-18.187701069407762
ks_i63_index_q_hist,index,csa,1975-07-01,-19.58287769593672
ks_i63_index_q_hist,index,csa,1975-10-01,-15.63712543650045
ks_i63_index_q_hist,index,csa,1976-01-01,-18.075971352192617
ks_i63_index_q_hist,index,csa,1976-04-01,-2.3475126679661824
ks_i63_index_q_hist,index,csa,1976-07-01,8.088679256209819
ks_i63_index_q_hist,index,csa,1976-10-01,4.653435208995248
ks_i63_index_q_hist,index,csa,1977-01-01,-9.636385164465953
ks_i63_index_q_hist,index,csa,1977-04-01,3.4389346765057804
ks_i63_index_q_hist,index,csa,1977-07-01,6.7219477281170175
ks_i63_index_q_hist,index,csa,1977-10-01,4.201113124047925
ks_i63_index_q_hist,index,csa,1978-01-01,8.13065527434392
ks_i63_index_q_hist,index,csa,1978-04-01,3.800433122424475
ks_i63_index_q_hist,index,csa,1978-07-01,4.79842014853204
ks_i63_index_q_hist,index,csa,1978-10-01,-3.707998731537003
ks_i63_index_q_hist,index,csa,1979-01-01,3.9517585722173676
ks_i63_index_q_hist,index,csa,1979-04-01,6.483379685320645
ks_i63_index_q_hist,index,csa,1979-07-01,-3.3266005273460393
ks_i63_index_q_hist,index,csa,1979-10-01,-1.4979548328444223
ks_i63_index_q_hist,index,csa,1980-01-01,0.3802190907814379
ks_i63_index_q_hist,index,csa,1980-04-01,-0.30246513300105693
ks_i63_index_q_hist,index,csa,1980-07-01,-0.3782732423488555
ks_i63_index_q_hist,index,csa,1980-10-01,-1.2650353883833771
ks_i63_index_q_hist,index,csa,1981-01-01,-4.36384666701709
ks_i63_index_q_hist,index,csa,1981-04-01,-15.878818686128728
ks_i63_index_q_hist,index,csa,1981-07-01,-15.353705431472475
ks_i63_index_q_hist,index,csa,1981-10-01,-20.049958054270608
ks_i63_index_q_hist,index,csa,1982-01-01,-14.942695341884155
ks_i63_index_q_hist,index,csa,1982-04-01,-15.25366997945058
ks_i63_index_q_hist,index,csa,1982-07-01,-20.141193113773888
ks_i63_index_q_hist,index,csa,1982-10-01,-18.868875760097843
ks_i63_index_q_hist,index,csa,1983-01-01,-18.326119644353618
ks_i63_index_q_hist,index,csa,1983-04-01,-5.524015667093678
ks_i63_index_q_hist,index,csa,1983-07-01,-7.550869729985793
ks_i63_index_q_hist,index,csa,1983-10-01,-5.502833163433973
ks_i63_index_q_hist,index,csa,1984-01-01,0.7714962113712425
ks_i63_index_q_hist,index,csa,1984-04-01,-4.3798096571511245
ks_i63_index_q_hist,index,csa,1984-07-01,1.54544921126649
ks_i63_index_q_hist,index,csa,1984-10-01,-0.18511609106376992
ks_i63_index_q_hist,index,csa,1985-01-01,4.6680321427379
ks_i63_index_q_hist,index,csa,1985-04-01,-0.3520381331476702
ks_i63_index_q_hist,index,csa,1985-07-01,1.9020272893450534
ks_i63_index_q_hist,index,csa,1985-10-01,8.720342095992933
ks_i63_index_q_hist,index,csa,1986-01-01,14.452795130251875
ks_i63_index_q_hist,index,csa,1986-04-01,10.776289929226412
ks_i63_index_q_hist,index,csa,1986-07-01,4.708485765172982
ks_i63_index_q_hist,index,csa,1986-10-01,10.360568429287746
ks_i63_index_q_hist,index,csa,1987-01-01,8.61857018499533
ks_i63_index_q_hist,index,csa,1987-04-01,6.448887581124215
ks_i63_index_q_hist,index,csa,1987-07-01,5.314485430998182
ks_i63_index_q_hist,index,csa,1987-10-01,2.981550105081425
ks_i63_index_q_hist,index,csa,1988-01-01,1.6814972444726275
ks_i63_index_q_hist,index,csa,1988-04-01,0.2027454091300901
ks_i63_index_q_hist,index,csa,1988-07-01,7.934273702445676
ks_i63_index_q_hist,index,csa,1988-10-01,10.150163544703236
ks_i63_index_q_hist,index,csa,1989-01-01,17.8233072018519
ks_i63_index_q_hist,index,csa,1989-04-01,8.834590620941325
ks_i63_index_q_hist,index,csa,1989-07-01,-0.7097630531084624
ks_i63_index_q_hist,index,csa,1989-10-01,6.204525695350882
ks_i63_index_q_hist,index,csa,1990-01-01,-3.2929991185380194
ks_i63_index_q_hist,index,csa,1990-04-01,-9.106556304798797
ks_i63_index_q_hist,index,csa,1990-07-01,-5.770565318000102
ks_i63_index_q_hist,index,csa,1990-10-01,-30.362998232318223
ks_i63_index_q_hist,index,csa,1991-01-01,-33.9341048601286
ks_i63_index_q_hist,index,csa,1991-04-01,-20.848714268582956
ks_i63_index_q_hist,index,csa,1991-07-01,-26.0250863495076
ks_i63_index_q_hist,index,csa,1991-10-01,-32.08063830298925
ks_i63_index_q_hist,index,csa,1992-01-01,-36.5838170499586
ks_i63_index_q_hist,index,csa,1992-04-01,-32.37637721490727
ks_i63_index_q_hist,index,csa,1992-07-01,-34.07491416214917
ks_i63_index_q_hist,index,csa,1992-10-01,-34.1424179054831
ks_i63_index_q_hist,index,csa,1993-01-01,-32.89079412097412
ks_i63_index_q_hist,index,csa,1993-04-01,-26.481192090686477
ks_i63_index_q_hist,index,csa,1993-07-01,-28.0632988184631
ks_i63_index_q_hist,index,csa,1993-10-01,-13.965416270139068
ks_i63_index_q_hist,index,csa,1994-01-01,-7.740785883246185
ks_i63_index_q_hist,index,csa,1994-04-01,-3.4209343776824896
ks_i63_index_q_hist,index,csa,1994-07-01,-2.9422092142865575
ks_i63_index_q_hist,index,csa,1994-10-01,-2.9690549963298714
ks_i63_index_q_hist,index,csa,1995-01-01,-16.983558154239095
ks_i63_index_q_hist,index,csa,1995-04-01,-11.394629405230454
ks_i63_index_q_hist,index,csa,1995-07-01,-10.23935906506232
ks_i63_index_q_hist,index,csa,1995-10-01,-10.555504235285134
ks_i63_index_q_hist,index,csa,1996-01-01,-19.758355595375896
ks_i63_index_q_hist,index,csa,1996-04-01,-24.750727337015423
ks_i63_index_q_hist,index,csa,1996-07-01,-26.915376199782074
ks_i63_index_q_hist,index,csa,1996-10-01,-18.265323132811023
ks_i63_index_q_hist,index,csa,1997-01-01,-17.010260171719327
ks_i63_index_q_hist,index,csa,1997-04-01,-14.019355223091832
ks_i63_index_q_hist,index,csa,1997-07-01,-4.703924563013861
ks_i63_index_q_hist,index,csa,1997-10-01,-2.7954781568376053
ks_i63_index_q_hist,index,csa,1998-01-01,-3.66834498515269
ks_i63_index_q_hist,index,csa,1998-04-01,0.8482297157581877
ks_i63_index_q_hist,index,csa,1998-07-01,7.136759616492178
ks_i63_index_q_hist,index,csa,1998-10-01,5.254890545595618
ks_i63_index_q_hist,index,csa,1999-01-01,1.0723248872027473
ks_i63_index_q_hist,index,csa,1999-04-01,-0.45844902132006643
ks_i63_index_q_hist,index,csa,1999-07-01,4.238841787464365
ks_i63_index_q_hist,index,csa,1999-10-01,9.534624302730078
ks_i63_index_q_hist,index,csa,2000-01-01,14.184110106660667
ks_i63_index_q_hist,index,csa,2000-04-01,10.862772984863216
ks_i63_index_q_hist,index,csa,2000-07-01,12.318998072353926
ks_i63_index_q_hist,index,csa,2000-10-01,8.58613505284924
ks_i63_index_q_hist,index,csa,2001-01-01,8.953860622276363
ks_i63_index_q_hist,index,csa,2001-04-01,4.92284123379493
ks_i63_index_q_hist,index,csa,2001-07-01,2.7228748481261404
ks_i63_index_q_hist,index,csa,2001-10-01,-17.6696046883307
ks_i63_index_q_hist,index,csa,2002-01-01,-2.043975125670782
ks_i63_index_q_hist,index,csa,2002-04-01,-2.951635920662898
ks_i63_index_q_hist,index,csa,2002-07-01,-9.34427466073992
ks_i63_index_q_hist,index,csa,2002-10-01,-17.269360920130282
ks_i63_index_q_hist,index,csa,2003-01-01,-11.649708761781692
ks_i63_index_q_hist,index,csa,2003-04-01,-17.59129302920473
ks_i63_index_q_hist,index,csa,2003-07-01,-12.265677236640858
ks_i63_index_q_hist,index,csa,2003-10-01,-8.629349905839085
ks_i63_index_q_hist,index,csa,2004-01-01,-4.498460813707317
ks_i63_index_q_hist,index,csa,2004-04-01,-2.7650474317400673
ks_i63_index_q_hist,index,csa,2004-07-01,-6.66852633276173
ks_i63_index_q_hist,index,csa,2004-10-01,-7.09374251279759
ks_i63_index_q_hist,index,csa,2005-01-01,-5.8331038667145325
ks_i63_index_q_hist,index,csa,2005-04-01,-7.715638194265775
ks_i63_index_q_hist,index,csa,2005-07-01,-8.972539227787733
ks_i63_index_q_hist,index,csa,2005-10-01,-8.076782708891272
ks_i63_index_q_hist,index,csa,2006-01-01,2.393191758805992
ks_i63_index_q_hist,index,csa,2006-04-01,1.349541667117415
ks_i63_index_q_hist,index,csa,2006-07-01,4.442311450088852
ks_i63_index_q_hist,index,csa,2006-10-01,4.38328688508527
ks_i63_index_q_hist,index,csa,2007-01-01,4.258593914294503
ks_i63_index_q_hist,index,csa,2007-04-01,5.458666454453563
ks_i63_index_q_hist,index,csa,2007-07-01,2.890729393579965
ks_i63_index_q_hist,index,csa,2007-10-01,3.969702835083998
ks_i63_index_q_hist,index,csa,2008-01-01,-3.5566528495175125
ks_i63_index_q_hist,index,csa,2008-04-01,-6.727576218014418
ks_i63_index_q_hist,index,csa,2008-07-01,-22.306628928051484
ks_i63_index_q_hist,index,csa,2008-10-01,-24.45615113710939
ks_i63_index_q_hist,index,csa,2009-01-01,-18.447854388151303
ks_i63_index_q_hist,index,csa,2009-04-01,-22.14213507047712
ks_i63_index_q_hist,index,csa,2009-07-01,-13.107600078665335
ks_i63_index_q_hist,index,csa,2009-10-01,3.194512625982207
ks_i63_index_q_hist,index,csa,2010-01-01,3.8504580096445147
ks_i63_index_q_hist,index,csa,2010-04-01,7.66378912207024
ks_i63_index_q_hist,index,csa,2010-07-01,9.800776165650541
ks_i63_index_q_hist,index,csa,2010-10-01,5.745171676357987
ks_i63_index_q_hist,index,csa,2011-01-01,2.661781347884853
ks_i63_index_q_hist,index,csa,2011-04-01,2.303625698113233
ks_i63_index_q_hist,index,csa,2011-07-01,-7.901343508863992
ks_i63_index_q_hist,index,csa,2011-10-01,-6.899006698454428
ks_i63_index_q_hist,index,csa,2012-01-01,-8.038379384993888
ks_i63_index_q_hist,index,csa,2012-04-01,-4.113830126990728
ks_i63_index_q_hist,index,csa,2012-07-01,-7.6769070087141085
ks_i63_index_q_hist,index,csa,2012-10-01,-5.8668558213008755
ks_i63_index_q_hist,index,csa,2013-01-01,0.29031698043303256
ks_i63_index_q_hist,index,csa,2013-04-01,-1.342806584085107
ks_i63_index_q_hist,index,csa,2013-07-01,-2.201711478724059
ks_i63_index_q_hist,index,csa,2013-10-01,0.29416840601313754
ks_i63_index_q_hist,index,csa,2014-01-01,2.799056531534285
ks_i63_index_q_hist,index,csa,2014-04-01,-0.29628323020254355
ks_i63_index_q_hist,index,csa,2014-07-01,2.274043558884699
ks_i63_index_q_hist,index,csa,2014-10-01,-2.560116437141888
ks_i63_index_q_hist,index,csa,2015-01-01,-4.531116668594258
ks_i63_index_q_hist,index,csa,2015-04-01,0.7562581898344874
ks_i63_index_q_hist,index,csa,2015-07-01,-7.404088724330668
ks_i63_index_q_hist,index,csa,2015-10-01,-5.785672717492005
ks_i63_index_q_hist,index,csa,2016-01-01,-6.742795282617606
ks_i63_index_q_hist,index,csa,2016-04-01,-6.502426436676033
ks_i63_index_q_hist,index,csa,2016-07-01,-7.663841892973544
ks_i63_index_q_hist,index,csa,2016-10-01,-4.067392365329733
ks_i63_index_q_hist,index,csa,2017-01-01,-0.663393263948705
ks_i63_index_q_hist,index,csa,2017-04-01,-5.329506923266085
ks_i63_index_q_hist,index,csa,2017-07-01,0.11371605885191016
ks_i63_index_q_hist,index,csa,2017-10-01,-1.3426514672522878
ks_i63_index_q_hist,index,csa,2018-01-01,-1.0847635619366724
ks_i63_index_q_hist,index,csa,2018-04-01,-5.127070052492873
ks_i63_index_q_hist,index,csa,2018-07-01,-5.492987975478815
ks_i63_index_q_hist,index,csa,2018-10-01,-3.5069063237529603
ks_i63_index_q_hist,index,csa,2019-01-01,-8.97755636875139
ks_i63_index_q_hist,index,csa,2019-04-01,-9.120468386515382
ks_i63_index_q_hist,index,csa,2019-07-01,-8.691956909345905
ks_i63_index_q_hist,index,csa,2019-10-01,-10.563703933432866
ks_i63_index_q_hist,index,csa,2020-01-01,-8.75277761316917
ks_i63_index_q_hist,index,csa,2020-04-01,-38.95659496854084
ks_i63_index_q_hist,index,csa,2020-07-01,-12.883847718325406
ks_i63_index_q_hist,index,csa,2020-10-01,-13.08753665471125
ks_i63_index_q_hist,index,csa,2021-01-01,-13.85231145496935
ks_i63_index_q_hist,index,csa,2021-04-01,-6.395577154160377
ks_i63_index_q_hist,index,csa,2021-07-01,7.56531702601117
ks_i63_index_q_hist,index,csa,2021-10-01,3.5229162004009362
ks_i63_index_q_hist,index,csa,2022-01-01,-3.7100672841236104
ks_i63_index_q_hist,index,csa,2022-04-01,-27.5275828193884
ks_i63_index_q_hist,index,csa,2022-07-01,-41.69795192851127
ks_i63_index_q_hist,index,csa,2022-10-01,-46.63512916411332
ks_i63_index_q_hist,index,csa,2023-01-01,-30.104195143703723
ks_i63_index_q_hist,index,csa,2023-04-01,-29.526104950363724
ks_i63_index_q_hist,index,csa,2023-07-01,-26.99209073273006
ks_i63_index_q_hist,index,csa,2023-10-01,-39.9700397387295
ks_i11_econ_hist_q_hist,index,csa,1972-10-01,0.24509803921568626
ks_i11_econ_hist_q_hist,index,csa,1973-01-01,-6.904761904761905
ks_i11_econ_hist_q_hist,index,csa,1973-04-01,-4.935622317596566
ks_i11_econ_hist_q_hist,index,csa,1973-07-01,-6.172839506172839
ks_i11_econ_hist_q_hist,index,csa,1973-10-01,-24.448897795591183
ks_i11_econ_hist_q_hist,index,csa,1974-01-01,-33.46228239845261
ks_i11_econ_hist_q_hist,index,csa,1974-04-01,-60.43010752688171
ks_i11_econ_hist_q_hist,index,csa,1974-07-01,-53.5483870967742
ks_i11_econ_hist_q_hist,index,csa,1974-10-01,-70.02341920374707
ks_i11_econ_hist_q_hist,index,csa,1975-01-01,-70.62634989200865
ks_i11_econ_hist_q_hist,index,csa,1975-04-01,-101.93236714975846
ks_i11_econ_hist_q_hist,index,csa,1975-07-01,-84.27947598253274
ks_i11_econ_hist_q_hist,index,csa,1975-10-01,-97.13740458015268
ks_i11_econ_hist_q_hist,index,csa,1976-01-01,-98.81422924901186
ks_i11_econ_hist_q_hist,index,csa,1976-04-01,-50.51546391752577
ks_i11_econ_hist_q_hist,index,csa,1976-07-01,5.333333333333334
ks_i11_econ_hist_q_hist,index,csa,1976-10-01,-1.3282732447817838
ks_i11_econ_hist_q_hist,index,csa,1977-01-01,-39.800000000000004
ks_i11_econ_hist_q_hist,index,csa,1977-04-01,-1.9723865877712032
ks_i11_econ_hist_q_hist,index,csa,1977-07-01,23.118279569892472
ks_i11_econ_hist_q_hist,index,csa,1977-10-01,23.965141612200437
ks_i11_econ_hist_q_hist,index,csa,1978-01-01,13.188976377952756
ks_i11_econ_hist_q_hist,index,csa,1978-04-01,11.965811965811966
ks_i11_econ_hist_q_hist,index,csa,1978-07-01,19.402985074626866
ks_i11_econ_hist_q_hist,index,csa,1978-10-01,-23.92638036809816
ks_i11_econ_hist_q_hist,index,csa,1979-01-01,-8.436213991769549
ks_i11_econ_hist_q_hist,index,csa,1979-04-01,16.919739696312362
ks_i11_econ_hist_q_hist,index,csa,1979-07-01,1.3363028953229399
ks_i11_econ_hist_q_hist,index,csa,1979-10-01,2.8925619834710745
ks_i11_econ_hist_q_hist,index,csa,1980-01-01,11.007751937984496
ks_i11_econ_hist_q_hist,index,csa,1980-04-01,19.554848966613672
ks_i11_econ_hist_q_hist,index,csa,1980-07-01,16.74641148325359
ks_i11_econ_hist_q_hist,index,csa,1980-10-01,1.0852713178294573
ks_i11_econ_hist_q_hist,index,csa,1981-01-01,-3.5964035964035967
ks_i11_econ_hist_q_hist,index,csa,1981-04-01,-23.6816874400767
ks_i11_econ_hist_q_hist,index,csa,1981-07-01,-22.113502935420744
ks_i11_econ_hist_q_hist,index,csa,1981-10-01,-29.211295034079843
ks_i11_econ_hist_q_hist,index,csa,1982-01-01,-41.1934552454283
ks_i11_econ_hist_q_hist,index,csa,1982-04-01,-42.17557251908397
ks_i11_econ_hist_q_hist,index,csa,1982-07-01,-60.440613026819925
ks_i11_econ_hist_q_hist,index,csa,1982-10-01,-70.54794520547945
ks_i11_econ_hist_q_hist,index,csa,1983-01-01,-70.0862895493768
ks_i11_econ_hist_q_hist,index,csa,1983-04-01,-46.692233940556086
ks_i11_econ_hist_q_hist,index,csa,1983-07-01,-45.08506616257088
ks_i11_econ_hist_q_hist,index,csa,1983-10-01,-30.317613089509145
ks_i11_econ_hist_q_hist,index,csa,1984-01-01,-29.433962264150942
ks_i11_econ_hist_q_hist,index,csa,1984-04-01,-25.717017208413
ks_i11_econ_hist_q_hist,index,csa,1984-07-01,-12.561334641805692
ks_i11_econ_hist_q_hist,index,csa,1984-10-01,-1.532567049808429
ks_i11_econ_hist_q_hist,index,csa,1985-01-01,-0.3917727717923604
ks_i11_econ_hist_q_hist,index,csa,1985-04-01,4.549854791868345
ks_i11_econ_hist_q_hist,index,csa,1985-07-01,8
ks_i11_econ_hist_q_hist,index,csa,1985-10-01,15.627996164908916
ks_i11_econ_hist_q_hist,index,csa,1986-01-01,24.71590909090909
ks_i11_econ_hist_q_hist,index,csa,1986-04-01,30.924855491329478
ks_i11_econ_hist_q_hist,index,csa,1986-07-01,24.633431085043988
ks_i11_econ_hist_q_hist,index,csa,1986-10-01,25.0968992248062
ks_i11_econ_hist_q_hist,index,csa,1987-01-01,18.92156862745098
ks_i11_econ_hist_q_hist,index,csa,1987-04-01,9.250243427458617
ks_i11_econ_hist_q_hist,index,csa,1987-07-01,14.15478615071283
ks_i11_econ_hist_q_hist,index,csa,1987-10-01,7.1
ks_i11_econ_hist_q_hist,index,csa,1988-01-01,-2.106318956870612
ks_i11_econ_hist_q_hist,index,csa,1988-04-01,-9.686888454011742
ks_i11_econ_hist_q_hist,index,csa,1988-07-01,11.370262390670554
ks_i11_econ_hist_q_hist,index,csa,1988-10-01,21.40077821011673
ks_i11_econ_hist_q_hist,index,csa,1989-01-01,38.01571709233792
ks_i11_econ_hist_q_hist,index,csa,1989-04-01,27.26387536514119
ks_i11_econ_hist_q_hist,index,csa,1989-07-01,11.907066795740562
ks_i11_econ_hist_q_hist,index,csa,1989-10-01,27.216494845360824
ks_i11_econ_hist_q_hist,index,csa,1990-01-01,-1.8018018018018018
ks_i11_econ_hist_q_hist,index,csa,1990-04-01,0
ks_i11_econ_hist_q_hist,index,csa,1990-07-01,-6.893106893106893
ks_i11_econ_hist_q_hist,index,csa,1990-10-01,-45.348837209302324
ks_i11_econ_hist_q_hist,index,csa,1991-01-01,-50.09940357852882
ks_i11_econ_hist_q_hist,index,csa,1991-04-01,-54.1704857928506
ks_i11_econ_hist_q_hist,index,csa,1991-07-01,-69.57364341085271
ks_i11_econ_hist_q_hist,index,csa,1991-10-01,-92.18604651162791
ks_i11_econ_hist_q_hist,index,csa,1992-01-01,-105.75022461814913
ks_i11_econ_hist_q_hist,index,csa,1992-04-01,-100.93896713615023
ks_i11_econ_hist_q_hist,index,csa,1992-07-01,-106.11476952022578
ks_i11_econ_hist_q_hist,index,csa,1992-10-01,-114.74178403755869
ks_i11_econ_hist_q_hist,index,csa,1993-01-01,-102.32774674115457
ks_i11_econ_hist_q_hist,index,csa,1993-04-01,-103.30500472143531
ks_i11_econ_hist_q_hist,index,csa,1993-07-01,-99.23954372623575
ks_i11_econ_hist_q_hist,index,csa,1993-10-01,-86.39774859287056
ks_i11_econ_hist_q_hist,index,csa,1994-01-01,-64.9812734082397
ks_i11_econ_hist_q_hist,index,csa,1994-04-01,-30.857142857142854
ks_i11_econ_hist_q_hist,index,csa,1994-07-01,-15.973534971644613
ks_i11_econ_hist_q_hist,index,csa,1994-10-01,-7.368421052631578
ks_i11_econ_hist_q_hist,index,csa,1995-01-01,-16.447368421052634
ks_i11_econ_hist_q_hist,index,csa,1995-04-01,-10.536044362292053
ks_i11_econ_hist_q_hist,index,csa,1995-07-01,-27.887323943661972
ks_i11_econ_hist_q_hist,index,csa,1995-10-01,-29.732225300092335
ks_i11_econ_hist_q_hist,index,csa,1996-01-01,-54.79331574318381
ks_i11_econ_hist_q_hist,index,csa,1996-04-01,-76.778413736713
ks_i11_econ_hist_q_hist,index,csa,1996-07-01,-85.72752548656163
ks_i11_econ_hist_q_hist,index,csa,1996-10-01,-84.400826446281
ks_i11_econ_hist_q_hist,index,csa,1997-01-01,-88.28365878725592
ks_i11_econ_hist_q_hist,index,csa,1997-04-01,-74.94780793319416
ks_i11_econ_hist_q_hist,index,csa,1997-07-01,-53.75
ks_i11_econ_hist_q_hist,index,csa,1997-10-01,-20.461095100864554
ks_i11_econ_hist_q_hist,index,csa,1998-01-01,-33.58490566037736
ks_i11_econ_hist_q_hist,index,csa,1998-04-01,-6.5048543689320395
ks_i11_econ_hist_q_hist,index,csa,1998-07-01,16.272469252601702
ks_i11_econ_hist_q_hist,index,csa,1998-10-01,4.429133858267717
ks_i11_econ_hist_q_hist,index,csa,1999-01-01,3.1914893617021276
ks_i11_econ_hist_q_hist,index,csa,1999-04-01,-3.1189083820662766
ks_i11_econ_hist_q_hist,index,csa,1999-07-01,7.142857142857142
ks_i11_econ_hist_q_hist,index,csa,1999-10-01,22.624877571008813
ks_i11_econ_hist_q_hist,index,csa,2000-01-01,33.99014778325123
ks_i11_econ_hist_q_hist,index,csa,2000-04-01,41.50197628458498
ks_i11_econ_hist_q_hist,index,csa,2000-07-01,54.50191570881226
ks_i11_econ_hist_q_hist,index,csa,2000-10-01,51.77713736791547
ks_i11_econ_hist_q_hist,index,csa,2001-01-01,48.322147651006716
ks_i11_econ_hist_q_hist,index,csa,2001-04-01,38.15533980582524
ks_i11_econ_hist_q_hist,index,csa,2001-07-01,24.248302618816684
ks_i11_econ_hist_q_hist,index,csa,2001-10-01,-51.31450827653359
ks_i11_econ_hist_q_hist,index,csa,2002-01-01,-49.51830443159923
ks_i11_econ_hist_q_hist,index,csa,2002-04-01,-34.077669902912625
ks_i11_econ_hist_q_hist,index,csa,2002-07-01,-47.8134110787172
ks_i11_econ_hist_q_hist,index,csa,2002-10-01,-101.32075471698114
ks_i11_econ_hist_q_hist,index,csa,2003-01-01,-80.74003795066413
ks_i11_econ_hist_q_hist,index,csa,2003-04-01,-98.69158878504672
ks_i11_econ_hist_q_hist,index,csa,2003-07-01,-89.8320895522388
ks_i11_econ_hist_q_hist,index,csa,2003-10-01,-63.53488372093024
ks_i11_econ_hist_q_hist,index,csa,2004-01-01,-56.052141527001865
ks_i11_econ_hist_q_hist,index,csa,2004-04-01,-26.221804511278197
ks_i11_econ_hist_q_hist,index,csa,2004-07-01,-19.498607242339833
ks_i11_econ_hist_q_hist,index,csa,2004-10-01,-30.919220055710305
ks_i11_econ_hist_q_hist,index,csa,2005-01-01,-28.200371057513912
ks_i11_econ_hist_q_hist,index,csa,2005-04-01,-24.03393025447691
ks_i11_econ_hist_q_hist,index,csa,2005-07-01,-35.31100478468899
ks_i11_econ_hist_q_hist,index,csa,2005-10-01,-33.051643192488264
ks_i11_econ_hist_q_hist,index,csa,2006-01-01,0
ks_i11_econ_hist_q_hist,index,csa,2006-04-01,15.465898174831894
ks_i11_econ_hist_q_hist,index,csa,2006-07-01,34.31839847473784
ks_i11_econ_hist_q_hist,index,csa,2006-10-01,41.06280193236715
ks_i11_econ_hist_q_hist,index,csa,2007-01-01,43.56530028598665
ks_i11_econ_hist_q_hist,index,csa,2007-04-01,48.1086323957323
ks_i11_econ_hist_q_hist,index,csa,2007-07-01,43.49056603773585
ks_i11_econ_hist_q_hist,index,csa,2007-10-01,35.714285714285715
ks_i11_econ_hist_q_hist,index,csa,2008-01-01,30.67426400759734
ks_i11_econ_hist_q_hist,index,csa,2008-04-01,2.3629489603024574
ks_i11_econ_hist_q_hist,index,csa,2008-07-01,-25.094696969696972
ks_i11_econ_hist_q_hist,index,csa,2008-10-01,-57.410881801125704
ks_i11_econ_hist_q_hist,index,csa,2009-01-01,-63.98503274087932
ks_i11_econ_hist_q_hist,index,csa,2009-04-01,-96.30655586334257
ks_i11_econ_hist_q_hist,index,csa,2009-07-01,-100.27829313543599
ks_i11_econ_hist_q_hist,index,csa,2009-10-01,-74.69654528478058
ks_i11_econ_hist_q_hist,index,csa,2010-01-01,-58.294717330861914
ks_i11_econ_hist_q_hist,index,csa,2010-04-01,-7.3584905660377355
ks_i11_econ_hist_q_hist,index,csa,2010-07-01,5.272895467160037
ks_i11_econ_hist_q_hist,index,csa,2010-10-01,15.726179463459761
ks_i11_econ_hist_q_hist,index,csa,2011-01-01,16.65089877010407
ks_i11_econ_hist_q_hist,index,csa,2011-04-01,12.791783380018673
ks_i11_econ_hist_q_hist,index,csa,2011-07-01,-5.096153846153846
ks_i11_econ_hist_q_hist,index,csa,2011-10-01,-41.62679425837321
ks_i11_econ_hist_q_hist,index,csa,2012-01-01,-47.113594040968344
ks_i11_econ_hist_q_hist,index,csa,2012-04-01,-17.661900756938604
ks_i11_econ_hist_q_hist,index,csa,2012-07-01,-24.137931034482758
ks_i11_econ_hist_q_hist,index,csa,2012-10-01,-21.980886185925282
ks_i11_econ_hist_q_hist,index,csa,2013-01-01,-9.739714525608733
ks_i11_econ_hist_q_hist,index,csa,2013-04-01,-6.6237350505979755
ks_i11_econ_hist_q_hist,index,csa,2013-07-01,-9.212880143112702
ks_i11_econ_hist_q_hist,index,csa,2013-10-01,2.7247956403269753
ks_i11_econ_hist_q_hist,index,csa,2014-01-01,11.828859060402683
ks_i11_econ_hist_q_hist,index,csa,2014-04-01,5.456255879586077
ks_i11_econ_hist_q_hist,index,csa,2014-07-01,6.9252077562326875
ks_i11_econ_hist_q_hist,index,csa,2014-10-01,-8.979947689625108
ks_i11_econ_hist_q_hist,index,csa,2015-01-01,0.9285051067780872
ks_i11_econ_hist_q_hist,index,csa,2015-04-01,-21.996124031007753
ks_i11_econ_hist_q_hist,index,csa,2015-07-01,-35.59670781893004
ks_i11_econ_hist_q_hist,index,csa,2015-10-01,-29.562737642585553
ks_i11_econ_hist_q_hist,index,csa,2016-01-01,-34.69041560644614
ks_i11_econ_hist_q_hist,index,csa,2016-04-01,-30.350553505535053
ks_i11_econ_hist_q_hist,index,csa,2016-07-01,-27.46693794506612
ks_i11_econ_hist_q_hist,index,csa,2016-10-01,-18.35564053537285
ks_i11_econ_hist_q_hist,index,csa,2017-01-01,-8.691983122362869
ks_i11_econ_hist_q_hist,index,csa,2017-04-01,-5.635148042024833
ks_i11_econ_hist_q_hist,index,csa,2017-07-01,9.671848013816927
ks_i11_econ_hist_q_hist,index,csa,2017-10-01,13.351749539594843
ks_i11_econ_hist_q_hist,index,csa,2018-01-01,24.436860068259385
ks_i11_econ_hist_q_hist,index,csa,2018-04-01,18.53411962931761
ks_i11_econ_hist_q_hist,index,csa,2018-07-01,13.403041825095057
ks_i11_econ_hist_q_hist,index,csa,2018-10-01,18.367346938775512
ks_i11_econ_hist_q_hist,index,csa,2019-01-01,9.333333333333334
ks_i11_econ_hist_q_hist,index,csa,2019-04-01,4.96
ks_i11_econ_hist_q_hist,index,csa,2019-07-01,4.32300163132137
ks_i11_econ_hist_q_hist,index,csa,2019-10-01,-10.483870967741936
ks_i11_econ_hist_q_hist,index,csa,2020-01-01,6.103286384976526
ks_i11_econ_hist_q_hist,index,csa,2020-04-01,-40.23732470334412
ks_i11_econ_hist_q_hist,index,csa,2020-07-01,-87.35119047619048
ks_i11_econ_hist_q_hist,index,csa,2020-10-01,-94.25872093023256
ks_i11_econ_hist_q_hist,index,csa,2021-01-01,-94.04682274247492
ks_i11_econ_hist_q_hist,index,csa,2021-04-01,-90.29202841357538
ks_i11_econ_hist_q_hist,index,csa,2021-07-01,-41.70040485829959
ks_i11_econ_hist_q_hist,index,csa,2021-10-01,-19.665271966527197
ks_i11_econ_hist_q_hist,index,csa,2022-01-01,-22.79245283018868
ks_i11_econ_hist_q_hist,index,csa,2022-04-01,-24.895222129086335
ks_i11_econ_hist_q_hist,index,csa,2022-07-01,-51.81598062953995
ks_i11_econ_hist_q_hist,index,csa,2022-10-01,-59.90950226244344
ks_i11_econ_hist_q_hist,index,csa,2023-01-01,-49.01960784313725
ks_i11_econ_hist_q_hist,index,csa,2023-04-01,-51.47759771210677
ks_i11_econ_hist_q_hist,index,csa,2023-07-01,-34.818652849740936
ks_i11_econ_hist_q_hist,index,csa,2023-10-01,-67.2300469483568
ks_i12_econ_exp_q_hist,index,csa,1972-10-01,-2.70381141048061
ks_i12_econ_exp_q_hist,index,csa,1973-01-01,-12.4781563334682
ks_i12_econ_exp_q_hist,index,csa,1973-04-01,-23.6086532515015
ks_i12_econ_exp_q_hist,index,csa,1973-07-01,-21.1076957671978
ks_i12_econ_exp_q_hist,index,csa,1973-10-01,-31.4375845273653
ks_i12_econ_exp_q_hist,index,csa,1974-01-01,-31.7795268447987
ks_i12_econ_exp_q_hist,index,csa,1974-04-01,-58.8191307847413
ks_i12_econ_exp_q_hist,index,csa,1974-07-01,-46.8118690066166
ks_i12_econ_exp_q_hist,index,csa,1974-10-01,-59.0866790453564
ks_i12_econ_exp_q_hist,index,csa,1975-01-01,-48.1487455785001
ks_i12_econ_exp_q_hist,index,csa,1975-04-01,-43.5404120625771
ks_i12_econ_exp_q_hist,index,csa,1975-07-01,-28.9659589648249
ks_i12_econ_exp_q_hist,index,csa,1975-10-01,-35.9705383565492
ks_i12_econ_exp_q_hist,index,csa,1976-01-01,-32.4991329679342
ks_i12_econ_exp_q_hist,index,csa,1976-04-01,8.28533605638817
ks_i12_econ_exp_q_hist,index,csa,1976-07-01,27.051004614703
ks_i12_econ_exp_q_hist,index,csa,1976-10-01,17.1152642787981
ks_i12_econ_exp_q_hist,index,csa,1977-01-01,-13.8787160421698
ks_i12_econ_exp_q_hist,index,csa,1977-04-01,-0.459573638768666
ks_i12_econ_exp_q_hist,index,csa,1977-07-01,13.159667208042
ks_i12_econ_exp_q_hist,index,csa,1977-10-01,13.222341997611
ks_i12_econ_exp_q_hist,index,csa,1978-01-01,10.9546021981076
ks_i12_econ_exp_q_hist,index,csa,1978-04-01,0.642647738068338
ks_i12_econ_exp_q_hist,index,csa,1978-07-01,-8.36159628413454
ks_i12_econ_exp_q_hist,index,csa,1978-10-01,-28.9854142609573
ks_i12_econ_exp_q_hist,index,csa,1979-01-01,-11.4908868823823
ks_i12_econ_exp_q_hist,index,csa,1979-04-01,2.14123668358243
ks_i12_econ_exp_q_hist,index,csa,1979-07-01,-25.0173984759375
ks_i12_econ_exp_q_hist,index,csa,1979-10-01,-22.6511212646566
ks_i12_econ_exp_q_hist,index,csa,1980-01-01,-15.8825051270455
ks_i12_econ_exp_q_hist,index,csa,1980-04-01,-18.3642403542146
ks_i12_econ_exp_q_hist,index,csa,1980-07-01,-19.739190798683
ks_i12_econ_exp_q_hist,index,csa,1980-10-01,-25.0760011184306
ks_i12_econ_exp_q_hist,index,csa,1981-01-01,-28.6987103740991
ks_i12_econ_exp_q_hist,index,csa,1981-04-01,-41.8633098733351
ks_i12_econ_exp_q_hist,index,csa,1981-07-01,-45.4587608848487
ks_i12_econ_exp_q_hist,index,csa,1981-10-01,-43.4789020164879
ks_i12_econ_exp_q_hist,index,csa,1982-01-01,-40.8462665818331
ks_i12_econ_exp_q_hist,index,csa,1982-04-01,-36.8259765141289
ks_i12_econ_exp_q_hist,index,csa,1982-07-01,-52.6679931539846
ks_i12_econ_exp_q_hist,index,csa,1982-10-01,-47.410883221663
ks_i12_econ_exp_q_hist,index,csa,1983-01-01,-42.1488347282628
ks_i12_econ_exp_q_hist,index,csa,1983-04-01,-9.6775119778051
ks_i12_econ_exp_q_hist,index,csa,1983-07-01,-18.2394174351766
ks_i12_econ_exp_q_hist,index,csa,1983-10-01,-5.16715795284107
ks_i12_econ_exp_q_hist,index,csa,1984-01-01,6.20204046690044
ks_i12_econ_exp_q_hist,index,csa,1984-04-01,-9.59849221596249
ks_i12_econ_exp_q_hist,index,csa,1984-07-01,1.14489833990658
ks_i12_econ_exp_q_hist,index,csa,1984-10-01,2.80536646522927
ks_i12_econ_exp_q_hist,index,csa,1985-01-01,5.73442994268901
ks_i12_econ_exp_q_hist,index,csa,1985-04-01,1.08575137262513
ks_i12_econ_exp_q_hist,index,csa,1985-07-01,2.7746622316945
ks_i12_econ_exp_q_hist,index,csa,1985-10-01,11.3259699729072
ks_i12_econ_exp_q_hist,index,csa,1986-01-01,20.4406204482864
ks_i12_econ_exp_q_hist,index,csa,1986-04-01,11.2491270016304
ks_i12_econ_exp_q_hist,index,csa,1986-07-01,5.40428444647335
ks_i12_econ_exp_q_hist,index,csa,1986-10-01,9.15342786212119
ks_i12_econ_exp_q_hist,index,csa,1987-01-01,3.24308216519418
ks_i12_econ_exp_q_hist,index,csa,1987-04-01,-4.82842595620928
ks_i12_econ_exp_q_hist,index,csa,1987-07-01,-8.50397955232525
ks_i12_econ_exp_q_hist,index,csa,1987-10-01,-6.60315708541751
ks_i12_econ_exp_q_hist,index,csa,1988-01-01,-15.8982639461395
ks_i12_econ_exp_q_hist,index,csa,1988-04-01,-26.1058711666543
ks_i12_econ_exp_q_hist,index,csa,1988-07-01,0.804565631683504
ks_i12_econ_exp_q_hist,index,csa,1988-10-01,6.69156692966301
ks_i12_econ_exp_q_hist,index,csa,1989-01-01,20.7368683098297
ks_i12_econ_exp_q_hist,index,csa,1989-04-01,-1.009580126127
ks_i12_econ_exp_q_hist,index,csa,1989-07-01,-8.63924977001221
ks_i12_econ_exp_q_hist,index,csa,1989-10-01,15.1360768780101
ks_i12_econ_exp_q_hist,index,csa,1990-01-01,-10.350808760687
ks_i12_econ_exp_q_hist,index,csa,1990-04-01,-15.7684940457056
ks_i12_econ_exp_q_hist,index,csa,1990-07-01,-17.2972682161303
ks_i12_econ_exp_q_hist,index,csa,1990-10-01,-64.2196794607889
ks_i12_econ_exp_q_hist,index,csa,1991-01-01,-70.0288706232664
ks_i12_econ_exp_q_hist,index,csa,1991-04-01,-36.3479302514237
ks_i12_econ_exp_q_hist,index,csa,1991-07-01,-57.797654414749
ks_i12_econ_exp_q_hist,index,csa,1991-10-01,-57.1312522734668
ks_i12_econ_exp_q_hist,index,csa,1992-01-01,-68.933843386995
ks_i12_econ_exp_q_hist,index,csa,1992-04-01,-56.5931076715379
ks_i12_econ_exp_q_hist,index,csa,1992-07-01,-57.5609418695247
ks_i12_econ_exp_q_hist,index,csa,1992-10-01,-64.0330571013957
ks_i12_econ_exp_q_hist,index,csa,1993-01-01,-59.5199188880473
ks_i12_econ_exp_q_hist,index,csa,1993-04-01,-37.9794893791501
ks_i12_econ_exp_q_hist,index,csa,1993-07-01,-39.5236760145447
ks_i12_econ_exp_q_hist,index,csa,1993-10-01,-7.32487842923455
ks_i12_econ_exp_q_hist,index,csa,1994-01-01,9.66922877655819
ks_i12_econ_exp_q_hist,index,csa,1994-04-01,23.3293804510487
ks_i12_econ_exp_q_hist,index,csa,1994-07-01,20.3579917564405
ks_i12_econ_exp_q_hist,index,csa,1994-10-01,19.9762094539589
ks_i12_econ_exp_q_hist,index,csa,1995-01-01,4.75248162482562
ks_i12_econ_exp_q_hist,index,csa,1995-04-01,0.0607177140749928
ks_i12_econ_exp_q_hist,index,csa,1995-07-01,-7.82941464197782
ks_i12_econ_exp_q_hist,index,csa,1995-10-01,-7.57923532166401
ks_i12_econ_exp_q_hist,index,csa,1996-01-01,-26.6879608416832
ks_i12_econ_exp_q_hist,index,csa,1996-04-01,-42.6063073521148
ks_i12_econ_exp_q_hist,index,csa,1996-07-01,-55.2088189729894
ks_i12_econ_exp_q_hist,index,csa,1996-10-01,-36.0251118226578
ks_i12_econ_exp_q_hist,index,csa,1997-01-01,-34.6936745711234
ks_i12_econ_exp_q_hist,index,csa,1997-04-01,-20.1964173885951
ks_i12_econ_exp_q_hist,index,csa,1997-07-01,-0.573654758601364
ks_i12_econ_exp_q_hist,index,csa,1997-10-01,14.3539522069713
ks_i12_econ_exp_q_hist,index,csa,1998-01-01,3.56071592059121
ks_i12_econ_exp_q_hist,index,csa,1998-04-01,14.3198333960691
ks_i12_econ_exp_q_hist,index,csa,1998-07-01,28.232614823154
ks_i12_econ_exp_q_hist,index,csa,1998-10-01,6.78577895919073
ks_i12_econ_exp_q_hist,index,csa,1999-01-01,7.17338856845867
ks_i12_econ_exp_q_hist,index,csa,1999-04-01,-0.550371937810177
ks_i12_econ_exp_q_hist,index,csa,1999-07-01,14.432544325562
ks_i12_econ_exp_q_hist,index,csa,1999-10-01,33.1357591984065
ks_i12_econ_exp_q_hist,index,csa,2000-01-01,37.9133652740427
ks_i12_econ_exp_q_hist,index,csa,2000-04-01,36.1766476250554
ks_i12_econ_exp_q_hist,index,csa,2000-07-01,43.7064130873813
ks_i12_econ_exp_q_hist,index,csa,2000-10-01,34.9277488549176
ks_i12_econ_exp_q_hist,index,csa,2001-01-01,29.7387657897098
ks_i12_econ_exp_q_hist,index,csa,2001-04-01,8.87641339879378
ks_i12_econ_exp_q_hist,index,csa,2001-07-01,9.14223008100094
ks_i12_econ_exp_q_hist,index,csa,2001-10-01,-56.1666805881656
ks_i12_econ_exp_q_hist,index,csa,2002-01-01,-3.76280853369524
ks_i12_econ_exp_q_hist,index,csa,2002-04-01,1.54754345690394
ks_i12_econ_exp_q_hist,index,csa,2002-07-01,-12.7051267175979
ks_i12_econ_exp_q_hist,index,csa,2002-10-01,-30.6323231407971
ks_i12_econ_exp_q_hist,index,csa,2003-01-01,-23.1708323669315
ks_i12_econ_exp_q_hist,index,csa,2003-04-01,-31.477169433945
ks_i12_econ_exp_q_hist,index,csa,2003-07-01,-16.5074924520326
ks_i12_econ_exp_q_hist,index,csa,2003-10-01,-0.0685598027035033
ks_i12_econ_exp_q_hist,index,csa,2004-01-01,20.0801605983795
ks_i12_econ_exp_q_hist,index,csa,2004-04-01,20.8011852991643
ks_i12_econ_exp_q_hist,index,csa,2004-07-01,14.8992276287257
ks_i12_econ_exp_q_hist,index,csa,2004-10-01,0.123648059855182
ks_i12_econ_exp_q_hist,index,csa,2005-01-01,4.4396637412295
ks_i12_econ_exp_q_hist,index,csa,2005-04-01,-1.07801085296781
ks_i12_econ_exp_q_hist,index,csa,2005-07-01,-12.4459568394754
ks_i12_econ_exp_q_hist,index,csa,2005-10-01,-7.92307298935194
ks_i12_econ_exp_q_hist,index,csa,2006-01-01,23.6917169384292
ks_i12_econ_exp_q_hist,index,csa,2006-04-01,15.7436550933696
ks_i12_econ_exp_q_hist,index,csa,2006-07-01,25.0263944381358
ks_i12_econ_exp_q_hist,index,csa,2006-10-01,23.385903375533
ks_i12_econ_exp_q_hist,index,csa,2007-01-01,24.7005859509158
ks_i12_econ_exp_q_hist,index,csa,2007-04-01,27.4840981524222
ks_i12_econ_exp_q_hist,index,csa,2007-07-01,22.268454831093
ks_i12_econ_exp_q_hist,index,csa,2007-10-01,15.6050538253966
ks_i12_econ_exp_q_hist,index,csa,2008-01-01,-10.1094904365404
ks_i12_econ_exp_q_hist,index,csa,2008-04-01,-22.5113304378536
ks_i12_econ_exp_q_hist,index,csa,2008-07-01,-44.6758345651403
ks_i12_econ_exp_q_hist,index,csa,2008-10-01,-56.7674119403422
ks_i12_econ_exp_q_hist,index,csa,2009-01-01,-58.3274961351302
ks_i12_econ_exp_q_hist,index,csa,2009-04-01,-67.1927748768031
ks_i12_econ_exp_q_hist,index,csa,2009-07-01,-32.1668398487666
ks_i12_econ_exp_q_hist,index,csa,2009-10-01,22.059654043978
ks_i12_econ_exp_q_hist,index,csa,2010-01-01,22.6641141259122
ks_i12_econ_exp_q_hist,index,csa,2010-04-01,40.7294819758193
ks_i12_econ_exp_q_hist,index,csa,2010-07-01,33.6786807065543
ks_i12_econ_exp_q_hist,index,csa,2010-10-01,22.6706689227696
ks_i12_econ_exp_q_hist,index,csa,2011-01-01,13.9292343906917
ks_i12_econ_exp_q_hist,index,csa,2011-04-01,10.8947317281348
ks_i12_econ_exp_q_hist,index,csa,2011-07-01,-21.0431906179055
ks_i12_econ_exp_q_hist,index,csa,2011-10-01,-33.6659982653683
ks_i12_econ_exp_q_hist,index,csa,2012-01-01,-30.5076301163757
ks_i12_econ_exp_q_hist,index,csa,2012-04-01,-5.20865700144949
ks_i12_econ_exp_q_hist,index,csa,2012-07-01,-19.0253740250406
ks_i12_econ_exp_q_hist,index,csa,2012-10-01,-19.2646432229525
ks_i12_econ_exp_q_hist,index,csa,2013-01-01,-1.54110961264553
ks_i12_econ_exp_q_hist,index,csa,2013-04-01,0.242776867590382
ks_i12_econ_exp_q_hist,index,csa,2013-07-01,-5.10934060622123
ks_i12_econ_exp_q_hist,index,csa,2013-10-01,5.19950864935055
ks_i12_econ_exp_q_hist,index,csa,2014-01-01,16.2971191867865
ks_i12_econ_exp_q_hist,index,csa,2014-04-01,4.97009965471341
ks_i12_econ_exp_q_hist,index,csa,2014-07-01,5.37436693560213
ks_i12_econ_exp_q_hist,index,csa,2014-10-01,-9.7995566188962009
ks_i12_econ_exp_q_hist,index,csa,2015-01-01,-13.6416993679719
ks_i12_econ_exp_q_hist,index,csa,2015-04-01,-10.2336299831971
ks_i12_econ_exp_q_hist,index,csa,2015-07-01,-24.3770041309171
ks_i12_econ_exp_q_hist,index,csa,2015-10-01,-12.0361710601221
ks_i12_econ_exp_q_hist,index,csa,2016-01-01,-17.0803514052458
ks_i12_econ_exp_q_hist,index,csa,2016-04-01,-19.1061852914602
ks_i12_econ_exp_q_hist,index,csa,2016-07-01,-18.8175123810507
ks_i12_econ_exp_q_hist,index,csa,2016-10-01,-2.95418731454903
ks_i12_econ_exp_q_hist,index,csa,2017-01-01,13.0363923924884
ks_i12_econ_exp_q_hist,index,csa,2017-04-01,2.57005734846084
ks_i12_econ_exp_q_hist,index,csa,2017-07-01,15.9557677550752
ks_i12_econ_exp_q_hist,index,csa,2017-10-01,17.7310559006667
ks_i12_econ_exp_q_hist,index,csa,2018-01-01,30.4474563355256
ks_i12_econ_exp_q_hist,index,csa,2018-04-01,12.2061445050759
ks_i12_econ_exp_q_hist,index,csa,2018-07-01,5.82213169187091
ks_i12_econ_exp_q_hist,index,csa,2018-10-01,12.2249348978971
ks_i12_econ_exp_q_hist,index,csa,2019-01-01,-5.72902101085032
ks_i12_econ_exp_q_hist,index,csa,2019-04-01,-4.49927108789835
ks_i12_econ_exp_q_hist,index,csa,2019-07-01,-2.69691882121794
ks_i12_econ_exp_q_hist,index,csa,2019-10-01,-20.2128010165337
ks_i12_econ_exp_q_hist,index,csa,2020-01-01,-5.18470817281655
ks_i12_econ_exp_q_hist,index,csa,2020-04-01,-76.9425716313309
ks_i12_econ_exp_q_hist,index,csa,2020-07-01,-19.282118737327
ks_i12_econ_exp_q_hist,index,csa,2020-10-01,-15.2095350655386
ks_i12_econ_exp_q_hist,index,csa,2021-01-01,-16.4502061648215
ks_i12_econ_exp_q_hist,index,csa,2021-04-01,5.61262171380171
ks_i12_econ_exp_q_hist,index,csa,2021-07-01,47.78910539604
ks_i12_econ_exp_q_hist,index,csa,2021-10-01,43.2853678139777
ks_i12_econ_exp_q_hist,index,csa,2022-01-01,21.1603336701649
ks_i12_econ_exp_q_hist,index,csa,2022-04-01,-30.9546298573816
ks_i12_econ_exp_q_hist,index,csa,2022-07-01,-53.9247585608974
ks_i12_econ_exp_q_hist,index,csa,2022-10-01,-57.3910936111798
ks_i12_econ_exp_q_hist,index,csa,2023-01-01,-16.2573538333191
ks_i12_econ_exp_q_hist,index,csa,2023-04-01,-17.7237075343269
ks_i12_econ_exp_q_hist,index,csa,2023-07-01,-6.81460110970873
ks_i12_econ_exp_q_hist,index,csa,2023-10-01,-37.3145263415555
ks_i21_price_hist_q_hist,index,csa,1972-10-01,173.04347826086956
ks_i21_price_hist_q_hist,index,csa,1973-01-01,174.68879668049792
ks_i21_price_hist_q_hist,index,csa,1973-04-01,171.0091743119266
ks_i21_price_hist_q_hist,index,csa,1973-07-01,173.6842105263158
ks_i21_price_hist_q_hist,index,csa,1973-10-01,174.8709122203098
ks_i21_price_hist_q_hist,index,csa,1974-01-01,184.80138169257341
ks_i21_price_hist_q_hist,index,csa,1974-04-01,182.5742574257426
ks_i21_price_hist_q_hist,index,csa,1974-07-01,181.08108108108107
ks_i21_price_hist_q_hist,index,csa,1974-10-01,174.14529914529913
ks_i21_price_hist_q_hist,index,csa,1975-01-01,169.73180076628353
ks_i21_price_hist_q_hist,index,csa,1975-04-01,128.85462555066078
ks_i21_price_hist_q_hist,index,csa,1975-07-01,100.83507306889352
ks_i21_price_hist_q_hist,index,csa,1975-10-01,83.00536672629696
ks_i21_price_hist_q_hist,index,csa,1976-01-01,60.91743119266055
ks_i21_price_hist_q_hist,index,csa,1976-04-01,66.15384615384615
ks_i21_price_hist_q_hist,index,csa,1976-07-01,70.0413223140496
ks_i21_price_hist_q_hist,index,csa,1976-10-01,61.469534050179206
ks_i21_price_hist_q_hist,index,csa,1977-01-01,57.32838589981447
ks_i21_price_hist_q_hist,index,csa,1977-04-01,67.26618705035972
ks_i21_price_hist_q_hist,index,csa,1977-07-01,76.57232704402516
ks_i21_price_hist_q_hist,index,csa,1977-10-01,75.4980079681275
ks_i21_price_hist_q_hist,index,csa,1978-01-01,63.844797178130506
ks_i21_price_hist_q_hist,index,csa,1978-04-01,58.63453815261044
ks_i21_price_hist_q_hist,index,csa,1978-07-01,51.91146881287726
ks_i21_price_hist_q_hist,index,csa,1978-10-01,43.78585086042065
ks_i21_price_hist_q_hist,index,csa,1979-01-01,52.38095238095239
ks_i21_price_hist_q_hist,index,csa,1979-04-01,76.26774847870182
ks_i21_price_hist_q_hist,index,csa,1979-07-01,89.43089430894308
ks_i21_price_hist_q_hist,index,csa,1979-10-01,93.15589353612167
ks_i21_price_hist_q_hist,index,csa,1980-01-01,104.77568740955137
ks_i21_price_hist_q_hist,index,csa,1980-04-01,106.29575402635432
ks_i21_price_hist_q_hist,index,csa,1980-07-01,108.600583090379
ks_i21_price_hist_q_hist,index,csa,1980-10-01,109.98531571218797
ks_i21_price_hist_q_hist,index,csa,1981-01-01,134.762348555452
ks_i21_price_hist_q_hist,index,csa,1981-04-01,153.73001776198933
ks_i21_price_hist_q_hist,index,csa,1981-07-01,158.92691951896393
ks_i21_price_hist_q_hist,index,csa,1981-10-01,165.9090909090909
ks_i21_price_hist_q_hist,index,csa,1982-01-01,154.56204379562044
ks_i21_price_hist_q_hist,index,csa,1982-04-01,146.50317892824705
ks_i21_price_hist_q_hist,index,csa,1982-07-01,147.58064516129033
ks_i21_price_hist_q_hist,index,csa,1982-10-01,133.54779411764704
ks_i21_price_hist_q_hist,index,csa,1983-01-01,119.65423111919927
ks_i21_price_hist_q_hist,index,csa,1983-04-01,112.54545454545455
ks_i21_price_hist_q_hist,index,csa,1983-07-01,115.35648994515539
ks_i21_price_hist_q_hist,index,csa,1983-10-01,102.01096892138939
ks_i21_price_hist_q_hist,index,csa,1984-01-01,101.56826568265683
ks_i21_price_hist_q_hist,index,csa,1984-04-01,119.40163191296465
ks_i21_price_hist_q_hist,index,csa,1984-07-01,114.40366972477065
ks_i21_price_hist_q_hist,index,csa,1984-10-01,115.7847533632287
ks_i21_price_hist_q_hist,index,csa,1985-01-01,115.06352087114338
ks_i21_price_hist_q_hist,index,csa,1985-04-01,133.3943275388838
ks_i21_price_hist_q_hist,index,csa,1985-07-01,122.48413417951043
ks_i21_price_hist_q_hist,index,csa,1985-10-01,107.80532598714416
ks_i21_price_hist_q_hist,index,csa,1986-01-01,110.4735883424408
ks_i21_price_hist_q_hist,index,csa,1986-04-01,99.08003679852806
ks_i21_price_hist_q_hist,index,csa,1986-07-01,94.25925925925925
ks_i21_price_hist_q_hist,index,csa,1986-10-01,88.04744525547446
ks_i21_price_hist_q_hist,index,csa,1987-01-01,71.79962894248608
ks_i21_price_hist_q_hist,index,csa,1987-04-01,72.49310027598897
ks_i21_price_hist_q_hist,index,csa,1987-07-01,84.13284132841329
ks_i21_price_hist_q_hist,index,csa,1987-10-01,90.74410163339383
ks_i21_price_hist_q_hist,index,csa,1988-01-01,87.62790697674419
ks_i21_price_hist_q_hist,index,csa,1988-04-01,98.13780260707635
ks_i21_price_hist_q_hist,index,csa,1988-07-01,97.91288566243193
ks_i21_price_hist_q_hist,index,csa,1988-10-01,93.87568555758683
ks_i21_price_hist_q_hist,index,csa,1989-01-01,99.16974169741697
ks_i21_price_hist_q_hist,index,csa,1989-04-01,114.18181818181819
ks_i21_price_hist_q_hist,index,csa,1989-07-01,128.41726618705036
ks_i21_price_hist_q_hist,index,csa,1989-10-01,123.58490566037736
ks_i21_price_hist_q_hist,index,csa,1990-01-01,157.9576816927323
ks_i21_price_hist_q_hist,index,csa,1990-04-01,156.95364238410596
ks_i21_price_hist_q_hist,index,csa,1990-07-01,149.63369963369962
ks_i21_price_hist_q_hist,index,csa,1990-10-01,160.18099547511312
ks_i21_price_hist_q_hist,index,csa,1991-01-01,158.96487985212568
ks_i21_price_hist_q_hist,index,csa,1991-04-01,152.4271844660194
ks_i21_price_hist_q_hist,index,csa,1991-07-01,155.67765567765568
ks_i21_price_hist_q_hist,index,csa,1991-10-01,154.5129579982127
ks_i21_price_hist_q_hist,index,csa,1992-01-01,150.3896103896104
ks_i21_price_hist_q_hist,index,csa,1992-04-01,138.5791366906475
ks_i21_price_hist_q_hist,index,csa,1992-07-01,134.3092406221409
ks_i21_price_hist_q_hist,index,csa,1992-10-01,103.48304307974337
ks_i21_price_hist_q_hist,index,csa,1993-01-01,103.90199637023593
ks_i21_price_hist_q_hist,index,csa,1993-04-01,99.45155393053017
ks_i21_price_hist_q_hist,index,csa,1993-07-01,91.68975069252078
ks_i21_price_hist_q_hist,index,csa,1993-10-01,69.86301369863014
ks_i21_price_hist_q_hist,index,csa,1994-01-01,75.27675276752768
ks_i21_price_hist_q_hist,index,csa,1994-04-01,58.71559633027523
ks_i21_price_hist_q_hist,index,csa,1994-07-01,64.11929170549861
ks_i21_price_hist_q_hist,index,csa,1994-10-01,70.94972067039106
ks_i21_price_hist_q_hist,index,csa,1995-01-01,67.50902527075813
ks_i21_price_hist_q_hist,index,csa,1995-04-01,98.93048128342245
ks_i21_price_hist_q_hist,index,csa,1995-07-01,89.45454545454545
ks_i21_price_hist_q_hist,index,csa,1995-10-01,84.64254192409533
ks_i21_price_hist_q_hist,index,csa,1996-01-01,68.30092983939137
ks_i21_price_hist_q_hist,index,csa,1996-04-01,65.73926868044515
ks_i21_price_hist_q_hist,index,csa,1996-07-01,50.81669691470054
ks_i21_price_hist_q_hist,index,csa,1996-10-01,41.44329896907217
ks_i21_price_hist_q_hist,index,csa,1997-01-01,28.659793814432987
ks_i21_price_hist_q_hist,index,csa,1997-04-01,32.71413828689371
ks_i21_price_hist_q_hist,index,csa,1997-07-01,27.27272727272727
ks_i21_price_hist_q_hist,index,csa,1997-10-01,36.45833333333333
ks_i21_price_hist_q_hist,index,csa,1998-01-01,25.55762081784387
ks_i21_price_hist_q_hist,index,csa,1998-04-01,24.196597353497165
ks_i21_price_hist_q_hist,index,csa,1998-07-01,30.41431261770245
ks_i21_price_hist_q_hist,index,csa,1998-10-01,28.952380952380953
ks_i21_price_hist_q_hist,index,csa,1999-01-01,33.489242282507014
ks_i21_price_hist_q_hist,index,csa,1999-04-01,43.08411214953271
ks_i21_price_hist_q_hist,index,csa,1999-07-01,37.28813559322034
ks_i21_price_hist_q_hist,index,csa,1999-10-01,41.5962441314554
ks_i21_price_hist_q_hist,index,csa,2000-01-01,57.42667928098392
ks_i21_price_hist_q_hist,index,csa,2000-04-01,58.23863636363637
ks_i21_price_hist_q_hist,index,csa,2000-07-01,78.47157502329915
ks_i21_price_hist_q_hist,index,csa,2000-10-01,79.51127819548873
ks_i21_price_hist_q_hist,index,csa,2001-01-01,77.34962406015038
ks_i21_price_hist_q_hist,index,csa,2001-04-01,73.10215557638237
ks_i21_price_hist_q_hist,index,csa,2001-07-01,86.98501872659176
ks_i21_price_hist_q_hist,index,csa,2001-10-01,58.19209039548022
ks_i21_price_hist_q_hist,index,csa,2002-01-01,70.67669172932331
ks_i21_price_hist_q_hist,index,csa,2002-04-01,79.75746268656717
ks_i21_price_hist_q_hist,index,csa,2002-07-01,78.57811038353601
ks_i21_price_hist_q_hist,index,csa,2002-10-01,69.6660482374768
ks_i21_price_hist_q_hist,index,csa,2003-01-01,60.31598513011153
ks_i21_price_hist_q_hist,index,csa,2003-04-01,57.53295668549906
ks_i21_price_hist_q_hist,index,csa,2003-07-01,54.38265786993403
ks_i21_price_hist_q_hist,index,csa,2003-10-01,75.35277516462841
ks_i21_price_hist_q_hist,index,csa,2004-01-01,76.69452181987
ks_i21_price_hist_q_hist,index,csa,2004-04-01,62.83595922150139
ks_i21_price_hist_q_hist,index,csa,2004-07-01,79.75858867223769
ks_i21_price_hist_q_hist,index,csa,2004-10-01,76.78899082568807
ks_i21_price_hist_q_hist,index,csa,2005-01-01,62.59259259259259
ks_i21_price_hist_q_hist,index,csa,2005-04-01,51.10497237569061
ks_i21_price_hist_q_hist,index,csa,2005-07-01,59.66542750929368
ks_i21_price_hist_q_hist,index,csa,2005-10-01,62.32558139534884
ks_i21_price_hist_q_hist,index,csa,2006-01-01,51.80388529139685
ks_i21_price_hist_q_hist,index,csa,2006-04-01,51.633986928104584
ks_i21_price_hist_q_hist,index,csa,2006-07-01,62.546816479400746
ks_i21_price_hist_q_hist,index,csa,2006-10-01,58.48880597014925
ks_i21_price_hist_q_hist,index,csa,2007-01-01,51.81058495821726
ks_i21_price_hist_q_hist,index,csa,2007-04-01,50.83798882681564
ks_i21_price_hist_q_hist,index,csa,2007-07-01,62.95620437956204
ks_i21_price_hist_q_hist,index,csa,2007-10-01,76.21671258034894
ks_i21_price_hist_q_hist,index,csa,2008-01-01,91.94444444444444
ks_i21_price_hist_q_hist,index,csa,2008-04-01,96.02954755309327
ks_i21_price_hist_q_hist,index,csa,2008-07-01,118.78453038674033
ks_i21_price_hist_q_hist,index,csa,2008-10-01,110.14760147601477
ks_i21_price_hist_q_hist,index,csa,2009-01-01,35.1123595505618
ks_i21_price_hist_q_hist,index,csa,2009-04-01,29.981378026070765
ks_i21_price_hist_q_hist,index,csa,2009-07-01,39.162790697674424
ks_i21_price_hist_q_hist,index,csa,2009-10-01,27.532228360957646
ks_i21_price_hist_q_hist,index,csa,2010-01-01,32.87165281625116
ks_i21_price_hist_q_hist,index,csa,2010-04-01,54.3661971830986
ks_i21_price_hist_q_hist,index,csa,2010-07-01,37.92784458834413
ks_i21_price_hist_q_hist,index,csa,2010-10-01,49.07749077490775
ks_i21_price_hist_q_hist,index,csa,2011-01-01,34.38368860055607
ks_i21_price_hist_q_hist,index,csa,2011-04-01,64.1735918744229
ks_i21_price_hist_q_hist,index,csa,2011-07-01,40.44526901669759
ks_i21_price_hist_q_hist,index,csa,2011-10-01,-6.361085126286249
ks_i21_price_hist_q_hist,index,csa,2012-01-01,9.88909426987061
ks_i21_price_hist_q_hist,index,csa,2012-04-01,31.64029975020816
ks_i21_price_hist_q_hist,index,csa,2012-07-01,21.62162162162162
ks_i21_price_hist_q_hist,index,csa,2012-10-01,32.15211754537597
ks_i21_price_hist_q_hist,index,csa,2013-01-01,24.643755238893544
ks_i21_price_hist_q_hist,index,csa,2013-04-01,32.48638838475499
ks_i21_price_hist_q_hist,index,csa,2013-07-01,44.024604569420035
ks_i21_price_hist_q_hist,index,csa,2013-10-01,43.24324324324324
ks_i21_price_hist_q_hist,index,csa,2014-01-01,45.60394412489729
ks_i21_price_hist_q_hist,index,csa,2014-04-01,44.751381215469614
ks_i21_price_hist_q_hist,index,csa,2014-07-01,44.55626715462031
ks_i21_price_hist_q_hist,index,csa,2014-10-01,44.6167097329888
ks_i21_price_hist_q_hist,index,csa,2015-01-01,32.07720588235294
ks_i21_price_hist_q_hist,index,csa,2015-04-01,-2.7884615384615388
ks_i21_price_hist_q_hist,index,csa,2015-07-01,-5.05050505050505
ks_i21_price_hist_q_hist,index,csa,2015-10-01,11.07981220657277
ks_i21_price_hist_q_hist,index,csa,2016-01-01,-3.616484440706476
ks_i21_price_hist_q_hist,index,csa,2016-04-01,7.000000000000001
ks_i21_price_hist_q_hist,index,csa,2016-07-01,16.78391959798995
ks_i21_price_hist_q_hist,index,csa,2016-10-01,33.745247148288975
ks_i21_price_hist_q_hist,index,csa,2017-01-01,33.47245409015025
ks_i21_price_hist_q_hist,index,csa,2017-04-01,35.1123595505618
ks_i21_price_hist_q_hist,index,csa,2017-07-01,40.42918454935622
ks_i21_price_hist_q_hist,index,csa,2017-10-01,47.63205828779599
ks_i21_price_hist_q_hist,index,csa,2018-01-01,45.41751527494908
ks_i21_price_hist_q_hist,index,csa,2018-04-01,46.40468227424749
ks_i21_price_hist_q_hist,index,csa,2018-07-01,51.82755388940956
ks_i21_price_hist_q_hist,index,csa,2018-10-01,57.17722534081796
ks_i21_price_hist_q_hist,index,csa,2019-01-01,52.258566978193144
ks_i21_price_hist_q_hist,index,csa,2019-04-01,48.66352201257861
ks_i21_price_hist_q_hist,index,csa,2019-07-01,48.133116883116884
ks_i21_price_hist_q_hist,index,csa,2019-10-01,44.83586869495596
ks_i21_price_hist_q_hist,index,csa,2020-01-01,47.36024844720497
ks_i21_price_hist_q_hist,index,csa,2020-04-01,29.439999999999998
ks_i21_price_hist_q_hist,index,csa,2020-07-01,26.809453471196456
ks_i21_price_hist_q_hist,index,csa,2020-10-01,23.233794610342315
ks_i21_price_hist_q_hist,index,csa,2021-01-01,18.04713804713805
ks_i21_price_hist_q_hist,index,csa,2021-04-01,29.67382657120127
ks_i21_price_hist_q_hist,index,csa,2021-07-01,58.714859437751
ks_i21_price_hist_q_hist,index,csa,2021-10-01,69.82543640897757
ks_i21_price_hist_q_hist,index,csa,2022-01-01,82.8125
ks_i21_price_hist_q_hist,index,csa,2022-04-01,103.48547717842325
ks_i21_price_hist_q_hist,index,csa,2022-07-01,127.38955823293172
ks_i21_price_hist_q_hist,index,csa,2022-10-01,130.65825067628495
ks_i21_price_hist_q_hist,index,csa,2023-01-01,132.6845093268451
ks_i21_price_hist_q_hist,index,csa,2023-04-01,135.2219074598678
ks_i21_price_hist_q_hist,index,csa,2023-07-01,139.95901639344262
ks_i21_price_hist_q_hist,index,csa,2023-10-01,149.11463187325256
ks_i22_price_exp_q_hist,index,csa,1972-10-01,150.915805055009
ks_i22_price_exp_q_hist,index,csa,1973-01-01,127.483912417965
ks_i22_price_exp_q_hist,index,csa,1973-04-01,131.318369785056
ks_i22_price_exp_q_hist,index,csa,1973-07-01,119.502989847566
ks_i22_price_exp_q_hist,index,csa,1973-10-01,146.778006574479
ks_i22_price_exp_q_hist,index,csa,1974-01-01,147.495691299878
ks_i22_price_exp_q_hist,index,csa,1974-04-01,143.676908400467
ks_i22_price_exp_q_hist,index,csa,1974-07-01,136.792790397151
ks_i22_price_exp_q_hist,index,csa,1974-10-01,131.84315331132
ks_i22_price_exp_q_hist,index,csa,1975-01-01,113.855393808337
ks_i22_price_exp_q_hist,index,csa,1975-04-01,52.1611726997234
ks_i22_price_exp_q_hist,index,csa,1975-07-01,41.9882696992171
ks_i22_price_exp_q_hist,index,csa,1975-10-01,30.2838793640535
ks_i22_price_exp_q_hist,index,csa,1976-01-01,25.7710329116618
ks_i22_price_exp_q_hist,index,csa,1976-04-01,42.0970122285845
ks_i22_price_exp_q_hist,index,csa,1976-07-01,61.8659682199907
ks_i22_price_exp_q_hist,index,csa,1976-10-01,50.138786731606
ks_i22_price_exp_q_hist,index,csa,1977-01-01,57.4181250752083
ks_i22_price_exp_q_hist,index,csa,1977-04-01,64.091035211474
ks_i22_price_exp_q_hist,index,csa,1977-07-01,65.3888388348869
ks_i22_price_exp_q_hist,index,csa,1977-10-01,65.3696515859811
ks_i22_price_exp_q_hist,index,csa,1978-01-01,60.0568325478105
ks_i22_price_exp_q_hist,index,csa,1978-04-01,61.4337388491396
ks_i22_price_exp_q_hist,index,csa,1978-07-01,44.2049055189335
ks_i22_price_exp_q_hist,index,csa,1978-10-01,53.2248965941053
ks_i22_price_exp_q_hist,index,csa,1979-01-01,68.9084180812077
ks_i22_price_exp_q_hist,index,csa,1979-04-01,80.272250866222
ks_i22_price_exp_q_hist,index,csa,1979-07-01,82.7767118686269
ks_i22_price_exp_q_hist,index,csa,1979-10-01,88.3387741187533
ks_i22_price_exp_q_hist,index,csa,1980-01-01,95.5366725962235
ks_i22_price_exp_q_hist,index,csa,1980-04-01,96.1930841084972
ks_i22_price_exp_q_hist,index,csa,1980-07-01,87.5668488393071
ks_i22_price_exp_q_hist,index,csa,1980-10-01,98.4801465689341
ks_i22_price_exp_q_hist,index,csa,1981-01-01,111.873151378675
ks_i22_price_exp_q_hist,index,csa,1981-04-01,112.536434775619
ks_i22_price_exp_q_hist,index,csa,1981-07-01,124.009882015022
ks_i22_price_exp_q_hist,index,csa,1981-10-01,108.796851900911
ks_i22_price_exp_q_hist,index,csa,1982-01-01,94.9780828385891
ks_i22_price_exp_q_hist,index,csa,1982-04-01,89.1817346624653
ks_i22_price_exp_q_hist,index,csa,1982-07-01,105.480968282361
ks_i22_price_exp_q_hist,index,csa,1982-10-01,89.6370349647181
ks_i22_price_exp_q_hist,index,csa,1983-01-01,70.3739934686518
ks_i22_price_exp_q_hist,index,csa,1983-04-01,73.7195913661868
ks_i22_price_exp_q_hist,index,csa,1983-07-01,98.9277566386162
ks_i22_price_exp_q_hist,index,csa,1983-10-01,83.208981519453
ks_i22_price_exp_q_hist,index,csa,1984-01-01,88.5959060161044
ks_i22_price_exp_q_hist,index,csa,1984-04-01,92.588218126815
ks_i22_price_exp_q_hist,index,csa,1984-07-01,88.9041128413973
ks_i22_price_exp_q_hist,index,csa,1984-10-01,91.4347601326757
ks_i22_price_exp_q_hist,index,csa,1985-01-01,97.8686051130925
ks_i22_price_exp_q_hist,index,csa,1985-04-01,103.618084309827
ks_i22_price_exp_q_hist,index,csa,1985-07-01,90.8776427567357
ks_i22_price_exp_q_hist,index,csa,1985-10-01,86.699639231233
ks_i22_price_exp_q_hist,index,csa,1986-01-01,94.5413653930843
ks_i22_price_exp_q_hist,index,csa,1986-04-01,92.9280018337581
ks_i22_price_exp_q_hist,index,csa,1986-07-01,85.4526503906915
ks_i22_price_exp_q_hist,index,csa,1986-10-01,74.5974566266801
ks_i22_price_exp_q_hist,index,csa,1987-01-01,70.9271467123092
ks_i22_price_exp_q_hist,index,csa,1987-04-01,68.4747613180246
ks_i22_price_exp_q_hist,index,csa,1987-07-01,80.9172659783492
ks_i22_price_exp_q_hist,index,csa,1987-10-01,83.1602575510827
ks_i22_price_exp_q_hist,index,csa,1988-01-01,86.8323925214072
ks_i22_price_exp_q_hist,index,csa,1988-04-01,89.0459583170687
ks_i22_price_exp_q_hist,index,csa,1988-07-01,84.7405095755784
ks_i22_price_exp_q_hist,index,csa,1988-10-01,83.4740512502459
ks_i22_price_exp_q_hist,index,csa,1989-01-01,100.434188641843
ks_i22_price_exp_q_hist,index,csa,1989-04-01,107.759439084348
ks_i22_price_exp_q_hist,index,csa,1989-07-01,102.366759687197
ks_i22_price_exp_q_hist,index,csa,1989-10-01,106.944931196954
ks_i22_price_exp_q_hist,index,csa,1990-01-01,134.742505504208
ks_i22_price_exp_q_hist,index,csa,1990-04-01,114.35429329847
ks_i22_price_exp_q_hist,index,csa,1990-07-01,101.365018057748
ks_i22_price_exp_q_hist,index,csa,1990-10-01,129.22849665054
ks_i22_price_exp_q_hist,index,csa,1991-01-01,124.452309988312
ks_i22_price_exp_q_hist,index,csa,1991-04-01,97.4660025261675
ks_i22_price_exp_q_hist,index,csa,1991-07-01,104.040019846065
ks_i22_price_exp_q_hist,index,csa,1991-10-01,107.787265816606
ks_i22_price_exp_q_hist,index,csa,1992-01-01,103.063588960056
ks_i22_price_exp_q_hist,index,csa,1992-04-01,90.5972262457121
ks_i22_price_exp_q_hist,index,csa,1992-07-01,97.239681142092
ks_i22_price_exp_q_hist,index,csa,1992-10-01,70.7356012686453
ks_i22_price_exp_q_hist,index,csa,1993-01-01,74.5132236210328
ks_i22_price_exp_q_hist,index,csa,1993-04-01,59.8393870898975
ks_i22_price_exp_q_hist,index,csa,1993-07-01,56.9414867723545
ks_i22_price_exp_q_hist,index,csa,1993-10-01,39.7357300266538
ks_i22_price_exp_q_hist,index,csa,1994-01-01,50.8922583827753
ks_i22_price_exp_q_hist,index,csa,1994-04-01,51.999089419256
ks_i22_price_exp_q_hist,index,csa,1994-07-01,61.8197339678189
ks_i22_price_exp_q_hist,index,csa,1994-10-01,93.0341512777907
ks_i22_price_exp_q_hist,index,csa,1995-01-01,123.161798705772
ks_i22_price_exp_q_hist,index,csa,1995-04-01,67.5001426510476
ks_i22_price_exp_q_hist,index,csa,1995-07-01,56.681863719298
ks_i22_price_exp_q_hist,index,csa,1995-10-01,51.1871988565446
ks_i22_price_exp_q_hist,index,csa,1996-01-01,49.2433615340359
ks_i22_price_exp_q_hist,index,csa,1996-04-01,45.4798761103787
ks_i22_price_exp_q_hist,index,csa,1996-07-01,36.9015182215744
ks_i22_price_exp_q_hist,index,csa,1996-10-01,28.0453104717883
ks_i22_price_exp_q_hist,index,csa,1997-01-01,18.5635416294559
ks_i22_price_exp_q_hist,index,csa,1997-04-01,22.9044170512939
ks_i22_price_exp_q_hist,index,csa,1997-07-01,22.4997950268548
ks_i22_price_exp_q_hist,index,csa,1997-10-01,31.8479595779291
ks_i22_price_exp_q_hist,index,csa,1998-01-01,26.8986861039971
ks_i22_price_exp_q_hist,index,csa,1998-04-01,35.1392824305851
ks_i22_price_exp_q_hist,index,csa,1998-07-01,31.5967914126492
ks_i22_price_exp_q_hist,index,csa,1998-10-01,33.2743809350481
ks_i22_price_exp_q_hist,index,csa,1999-01-01,41.5947341994782
ks_i22_price_exp_q_hist,index,csa,1999-04-01,44.7049874031793
ks_i22_price_exp_q_hist,index,csa,1999-07-01,38.4760062892899
ks_i22_price_exp_q_hist,index,csa,1999-10-01,45.671423151519
ks_i22_price_exp_q_hist,index,csa,2000-01-01,59.5103512010273
ks_i22_price_exp_q_hist,index,csa,2000-04-01,58.8312385293156
ks_i22_price_exp_q_hist,index,csa,2000-07-01,67.5877011072098
ks_i22_price_exp_q_hist,index,csa,2000-10-01,71.3125659506749
ks_i22_price_exp_q_hist,index,csa,2001-01-01,71.9113659415309
ks_i22_price_exp_q_hist,index,csa,2001-04-01,72.387361468339
ks_i22_price_exp_q_hist,index,csa,2001-07-01,72.6573856387196
ks_i22_price_exp_q_hist,index,csa,2001-10-01,62.7140101236674
ks_i22_price_exp_q_hist,index,csa,2002-01-01,58.5030695979039
ks_i22_price_exp_q_hist,index,csa,2002-04-01,65.480777245637
ks_i22_price_exp_q_hist,index,csa,2002-07-01,65.6478635713412
ks_i22_price_exp_q_hist,index,csa,2002-10-01,53.5374322118503
ks_i22_price_exp_q_hist,index,csa,2003-01-01,52.442239266428
ks_i22_price_exp_q_hist,index,csa,2003-04-01,53.8289814089651
ks_i22_price_exp_q_hist,index,csa,2003-07-01,37.9662334908663
ks_i22_price_exp_q_hist,index,csa,2003-10-01,61.3137789989141
ks_i22_price_exp_q_hist,index,csa,2004-01-01,59.7937939726642
ks_i22_price_exp_q_hist,index,csa,2004-04-01,53.6892088844244
ks_i22_price_exp_q_hist,index,csa,2004-07-01,59.0992473767995
ks_i22_price_exp_q_hist,index,csa,2004-10-01,62.9912695072113
ks_i22_price_exp_q_hist,index,csa,2005-01-01,44.5900275680952
ks_i22_price_exp_q_hist,index,csa,2005-04-01,34.743905011713
ks_i22_price_exp_q_hist,index,csa,2005-07-01,46.6229298863886
ks_i22_price_exp_q_hist,index,csa,2005-10-01,45.6475390742943
ks_i22_price_exp_q_hist,index,csa,2006-01-01,42.5594599595947
ks_i22_price_exp_q_hist,index,csa,2006-04-01,48.6174732307968
ks_i22_price_exp_q_hist,index,csa,2006-07-01,49.6172818599344
ks_i22_price_exp_q_hist,index,csa,2006-10-01,49.6472644609531
ks_i22_price_exp_q_hist,index,csa,2007-01-01,43.609082414049396
ks_i22_price_exp_q_hist,index,csa,2007-04-01,46.9667829819486
ks_i22_price_exp_q_hist,index,csa,2007-07-01,56.6132365075709
ks_i22_price_exp_q_hist,index,csa,2007-10-01,78.8410996628786
ks_i22_price_exp_q_hist,index,csa,2008-01-01,87.4180322896057
ks_i22_price_exp_q_hist,index,csa,2008-04-01,83.7591217442152
ks_i22_price_exp_q_hist,index,csa,2008-07-01,99.3345220258541
ks_i22_price_exp_q_hist,index,csa,2008-10-01,70.2162683288127
ks_i22_price_exp_q_hist,index,csa,2009-01-01,-4.37608323355786
ks_i22_price_exp_q_hist,index,csa,2009-04-01,11.0330705064655
ks_i22_price_exp_q_hist,index,csa,2009-07-01,24.6387957629808
ks_i22_price_exp_q_hist,index,csa,2009-10-01,35.6560168882373
ks_i22_price_exp_q_hist,index,csa,2010-01-01,39.4384735136331
ks_i22_price_exp_q_hist,index,csa,2010-04-01,55.792243538443
ks_i22_price_exp_q_hist,index,csa,2010-07-01,33.5630668381333
ks_i22_price_exp_q_hist,index,csa,2010-10-01,46.4788709642493
ks_i22_price_exp_q_hist,index,csa,2011-01-01,42.6146423409771
ks_i22_price_exp_q_hist,index,csa,2011-04-01,73.0001897469239
ks_i22_price_exp_q_hist,index,csa,2011-07-01,36.150224182243
ks_i22_price_exp_q_hist,index,csa,2011-10-01,6.19649368355251
ks_i22_price_exp_q_hist,index,csa,2012-01-01,27.5199030020363
ks_i22_price_exp_q_hist,index,csa,2012-04-01,37.2734306265834
ks_i22_price_exp_q_hist,index,csa,2012-07-01,30.4721726372889
ks_i22_price_exp_q_hist,index,csa,2012-10-01,34.1199263867074
ks_i22_price_exp_q_hist,index,csa,2013-01-01,38.2057616022047
ks_i22_price_exp_q_hist,index,csa,2013-04-01,37.9834641790146
ks_i22_price_exp_q_hist,index,csa,2013-07-01,51.8161622770698
ks_i22_price_exp_q_hist,index,csa,2013-10-01,49.2973277796675
ks_i22_price_exp_q_hist,index,csa,2014-01-01,55.2347272918223
ks_i22_price_exp_q_hist,index,csa,2014-04-01,53.220456576161
ks_i22_price_exp_q_hist,index,csa,2014-07-01,53.5131239277198
ks_i22_price_exp_q_hist,index,csa,2014-10-01,48.1807751033181
ks_i22_price_exp_q_hist,index,csa,2015-01-01,31.8224445521472
ks_i22_price_exp_q_hist,index,csa,2015-04-01,9.81636256834666
ks_i22_price_exp_q_hist,index,csa,2015-07-01,16.6349831166654
ks_i22_price_exp_q_hist,index,csa,2015-10-01,30.5629766464165
ks_i22_price_exp_q_hist,index,csa,2016-01-01,18.4962342850771
ks_i22_price_exp_q_hist,index,csa,2016-04-01,26.2763200740983
ks_i22_price_exp_q_hist,index,csa,2016-07-01,30.5435093252341
ks_i22_price_exp_q_hist,index,csa,2016-10-01,39.073493114409
ks_i22_price_exp_q_hist,index,csa,2017-01-01,44.0881206536923
ks_i22_price_exp_q_hist,index,csa,2017-04-01,41.9683554361422
ks_i22_price_exp_q_hist,index,csa,2017-07-01,43.6086653519737
ks_i22_price_exp_q_hist,index,csa,2017-10-01,51.3463680495434
ks_i22_price_exp_q_hist,index,csa,2018-01-01,46.2318454458282
ks_i22_price_exp_q_hist,index,csa,2018-04-01,56.4735023899537
ks_i22_price_exp_q_hist,index,csa,2018-07-01,57.8548937474072
ks_i22_price_exp_q_hist,index,csa,2018-10-01,51.1772621093742
ks_i22_price_exp_q_hist,index,csa,2019-01-01,56.3312325400806
ks_i22_price_exp_q_hist,index,csa,2019-04-01,51.3886064030973
ks_i22_price_exp_q_hist,index,csa,2019-07-01,47.7663629074037
ks_i22_price_exp_q_hist,index,csa,2019-10-01,47.4315838803313
ks_i22_price_exp_q_hist,index,csa,2020-01-01,54.5165991028362
ks_i22_price_exp_q_hist,index,csa,2020-04-01,58.7407324086187
ks_i22_price_exp_q_hist,index,csa,2020-07-01,43.6888908254975
ks_i22_price_exp_q_hist,index,csa,2020-10-01,35.1063966395134
ks_i22_price_exp_q_hist,index,csa,2021-01-01,43.7328582407928
ks_i22_price_exp_q_hist,index,csa,2021-04-01,60.8370223890935
ks_i22_price_exp_q_hist,index,csa,2021-07-01,74.5422247530501
ks_i22_price_exp_q_hist,index,csa,2021-10-01,74.0413831927894
ks_i22_price_exp_q_hist,index,csa,2022-01-01,93.4318517626428
ks_i22_price_exp_q_hist,index,csa,2022-04-01,122.493456516982
ks_i22_price_exp_q_hist,index,csa,2022-07-01,115.93711626351
ks_i22_price_exp_q_hist,index,csa,2022-10-01,103.655102668753
ks_i22_price_exp_q_hist,index,csa,2023-01-01,89.7871042135218
ks_i22_price_exp_q_hist,index,csa,2023-04-01,84.5154809801349
ks_i22_price_exp_q_hist,index,csa,2023-07-01,79.6656429100031
ks_i22_price_exp_q_hist,index,csa,2023-10-01,92.9494528656378
ks_i31_job_secure_q_hist,index,csa,1972-10-01,-6.15635129865259
ks_i31_job_secure_q_hist,index,csa,1973-01-01,22.5712411026153
ks_i31_job_secure_q_hist,index,csa,1973-04-01,-6.28619648359962
ks_i31_job_secure_q_hist,index,csa,1973-07-01,-10.1997640595657
ks_i31_job_secure_q_hist,index,csa,1973-10-01,3.86498427289026
ks_i31_job_secure_q_hist,index,csa,1974-01-01,-22.3414197825056
ks_i31_job_secure_q_hist,index,csa,1974-04-01,-23.8451948834579
ks_i31_job_secure_q_hist,index,csa,1974-07-01,-40.6627403001644
ks_i31_job_secure_q_hist,index,csa,1974-10-01,-70.4487736229501
ks_i31_job_secure_q_hist,index,csa,1975-01-01,-84.9630393821735
ks_i31_job_secure_q_hist,index,csa,1975-04-01,-93.6007881520521
ks_i31_job_secure_q_hist,index,csa,1975-07-01,-93.6315740655642
ks_i31_job_secure_q_hist,index,csa,1975-10-01,-96.0234328645002
ks_i31_job_secure_q_hist,index,csa,1976-01-01,-98.7467315766655
ks_i31_job_secure_q_hist,index,csa,1976-04-01,-48.8656318757909
ks_i31_job_secure_q_hist,index,csa,1976-07-01,-20.5134846395728
ks_i31_job_secure_q_hist,index,csa,1976-10-01,-27.0444986113772
ks_i31_job_secure_q_hist,index,csa,1977-01-01,-60.772842134794
ks_i31_job_secure_q_hist,index,csa,1977-04-01,-23.7491196582227
ks_i31_job_secure_q_hist,index,csa,1977-07-01,6.20650359188896
ks_i31_job_secure_q_hist,index,csa,1977-10-01,15.0133319545925
ks_i31_job_secure_q_hist,index,csa,1978-01-01,10.2882357190152
ks_i31_job_secure_q_hist,index,csa,1978-04-01,-5.30876406922761
ks_i31_job_secure_q_hist,index,csa,1978-07-01,2.92549784691876
ks_i31_job_secure_q_hist,index,csa,1978-10-01,-76.6084231437083
ks_i31_job_secure_q_hist,index,csa,1979-01-01,-49.0385258592465
ks_i31_job_secure_q_hist,index,csa,1979-04-01,-9.79611468908745
ks_i31_job_secure_q_hist,index,csa,1979-07-01,-2.12385683181105
ks_i31_job_secure_q_hist,index,csa,1979-10-01,8.6331057404946
ks_i31_job_secure_q_hist,index,csa,1980-01-01,32.3218151758509
ks_i31_job_secure_q_hist,index,csa,1980-04-01,30.8555795916638
ks_i31_job_secure_q_hist,index,csa,1980-07-01,34.0600483775774
ks_i31_job_secure_q_hist,index,csa,1980-10-01,9.06019455503284
ks_i31_job_secure_q_hist,index,csa,1981-01-01,10.5595681728087
ks_i31_job_secure_q_hist,index,csa,1981-04-01,4.03642423591115
ks_i31_job_secure_q_hist,index,csa,1981-07-01,-3.67289382318159
ks_i31_job_secure_q_hist,index,csa,1981-10-01,-17.5993324171541
ks_i31_job_secure_q_hist,index,csa,1982-01-01,-62.2419465875729
ks_i31_job_secure_q_hist,index,csa,1982-04-01,-78.1166184920865
ks_i31_job_secure_q_hist,index,csa,1982-07-01,-94.4657950882763
ks_i31_job_secure_q_hist,index,csa,1982-10-01,-118.962225710281
ks_i31_job_secure_q_hist,index,csa,1983-01-01,-112.852984004749
ks_i31_job_secure_q_hist,index,csa,1983-04-01,-79.3414843868338
ks_i31_job_secure_q_hist,index,csa,1983-07-01,-76.7220201514243
ks_i31_job_secure_q_hist,index,csa,1983-10-01,-79.0485098327615
ks_i31_job_secure_q_hist,index,csa,1984-01-01,-74.7029325120653
ks_i31_job_secure_q_hist,index,csa,1984-04-01,-73.3549371377188
ks_i31_job_secure_q_hist,index,csa,1984-07-01,-66.6572784576597
ks_i31_job_secure_q_hist,index,csa,1984-10-01,-40.2642537029779
ks_i31_job_secure_q_hist,index,csa,1985-01-01,-42.888955904068
ks_i31_job_secure_q_hist,index,csa,1985-04-01,-31.3201990287252
ks_i31_job_secure_q_hist,index,csa,1985-07-01,-23.7391946022857
ks_i31_job_secure_q_hist,index,csa,1985-10-01,0.302733362216353
ks_i31_job_secure_q_hist,index,csa,1986-01-01,7.26786573558686
ks_i31_job_secure_q_hist,index,csa,1986-04-01,22.6845382964057
ks_i31_job_secure_q_hist,index,csa,1986-07-01,11.6813878701307
ks_i31_job_secure_q_hist,index,csa,1986-10-01,11.8842399010084
ks_i31_job_secure_q_hist,index,csa,1987-01-01,6.90997963691785
ks_i31_job_secure_q_hist,index,csa,1987-04-01,-8.41162701747705
ks_i31_job_secure_q_hist,index,csa,1987-07-01,4.66382261846447
ks_i31_job_secure_q_hist,index,csa,1987-10-01,-6.56385485783507
ks_i31_job_secure_q_hist,index,csa,1988-01-01,-27.7095591560993
ks_i31_job_secure_q_hist,index,csa,1988-04-01,-60.3543455297965
ks_i31_job_secure_q_hist,index,csa,1988-07-01,-45.0585663295639
ks_i31_job_secure_q_hist,index,csa,1988-10-01,-13.477311839532
ks_i31_job_secure_q_hist,index,csa,1989-01-01,31.5828739823082
ks_i31_job_secure_q_hist,index,csa,1989-04-01,35.1954340617113
ks_i31_job_secure_q_hist,index,csa,1989-07-01,33.7124803736486
ks_i31_job_secure_q_hist,index,csa,1989-10-01,39.5373889579071
ks_i31_job_secure_q_hist,index,csa,1990-01-01,32.8191875836547
ks_i31_job_secure_q_hist,index,csa,1990-04-01,29.9971129889187
ks_i31_job_secure_q_hist,index,csa,1990-07-01,21.2734822147082
ks_i31_job_secure_q_hist,index,csa,1990-10-01,-11.9101651601627
ks_i31_job_secure_q_hist,index,csa,1991-01-01,-44.7083165141535
ks_i31_job_secure_q_hist,index,csa,1991-04-01,-63.6720091664669
ks_i31_job_secure_q_hist,index,csa,1991-07-01,-96.8997031783124
ks_i31_job_secure_q_hist,index,csa,1991-10-01,-113.520054600895
ks_i31_job_secure_q_hist,index,csa,1992-01-01,-129.320523566944
ks_i31_job_secure_q_hist,index,csa,1992-04-01,-129.302735205986
ks_i31_job_secure_q_hist,index,csa,1992-07-01,-139.887740624285
ks_i31_job_secure_q_hist,index,csa,1992-10-01,-150.432880093921
ks_i31_job_secure_q_hist,index,csa,1993-01-01,-134.233586645084
ks_i31_job_secure_q_hist,index,csa,1993-04-01,-146.365479937013
ks_i31_job_secure_q_hist,index,csa,1993-07-01,-150.922987435165
ks_i31_job_secure_q_hist,index,csa,1993-10-01,-140.58413474791
ks_i31_job_secure_q_hist,index,csa,1994-01-01,-122.477042752605
ks_i31_job_secure_q_hist,index,csa,1994-04-01,-92.7416837814809
ks_i31_job_secure_q_hist,index,csa,1994-07-01,-82.4483445108445
ks_i31_job_secure_q_hist,index,csa,1994-10-01,-59.7150847562153
ks_i31_job_secure_q_hist,index,csa,1995-01-01,-50.0283313783991
ks_i31_job_secure_q_hist,index,csa,1995-04-01,-68.9206728016947
ks_i31_job_secure_q_hist,index,csa,1995-07-01,-84.2531625249857
ks_i31_job_secure_q_hist,index,csa,1995-10-01,-88.390113845397
ks_i31_job_secure_q_hist,index,csa,1996-01-01,-92.9459446331232
ks_i31_job_secure_q_hist,index,csa,1996-04-01,-128.142024423727
ks_i31_job_secure_q_hist,index,csa,1996-07-01,-140.525305966715
ks_i31_job_secure_q_hist,index,csa,1996-10-01,-145.656605503522
ks_i31_job_secure_q_hist,index,csa,1997-01-01,-139.592532828657
ks_i31_job_secure_q_hist,index,csa,1997-04-01,-133.220155875263
ks_i31_job_secure_q_hist,index,csa,1997-07-01,-100.004286528334
ks_i31_job_secure_q_hist,index,csa,1997-10-01,-91.3951693933609
ks_i31_job_secure_q_hist,index,csa,1998-01-01,-118.323335221023
ks_i31_job_secure_q_hist,index,csa,1998-04-01,-100.754518244918
ks_i31_job_secure_q_hist,index,csa,1998-07-01,-74.2446122448309
ks_i31_job_secure_q_hist,index,csa,1998-10-01,-62.4210554967743
ks_i31_job_secure_q_hist,index,csa,1999-01-01,-58.720736020336
ks_i31_job_secure_q_hist,index,csa,1999-04-01,-65.8493703488398
ks_i31_job_secure_q_hist,index,csa,1999-07-01,-58.7816332400112
ks_i31_job_secure_q_hist,index,csa,1999-10-01,-36.5239466569138
ks_i31_job_secure_q_hist,index,csa,2000-01-01,-33.3230743679134
ks_i31_job_secure_q_hist,index,csa,2000-04-01,-30.5361278173917
ks_i31_job_secure_q_hist,index,csa,2000-07-01,1.50869306668771
ks_i31_job_secure_q_hist,index,csa,2000-10-01,15.3617329133025
ks_i31_job_secure_q_hist,index,csa,2001-01-01,22.8110351040214
ks_i31_job_secure_q_hist,index,csa,2001-04-01,1.62166829561278
ks_i31_job_secure_q_hist,index,csa,2001-07-01,-5.83712423049357
ks_i31_job_secure_q_hist,index,csa,2001-10-01,-70.5885887907382
ks_i31_job_secure_q_hist,index,csa,2002-01-01,-73.4110037849056
ks_i31_job_secure_q_hist,index,csa,2002-04-01,-64.2971037231222
ks_i31_job_secure_q_hist,index,csa,2002-07-01,-78.0791589070961
ks_i31_job_secure_q_hist,index,csa,2002-10-01,-111.463643495667
ks_i31_job_secure_q_hist,index,csa,2003-01-01,-110.749280511041
ks_i31_job_secure_q_hist,index,csa,2003-04-01,-118.040141493556
ks_i31_job_secure_q_hist,index,csa,2003-07-01,-127.187066711484
ks_i31_job_secure_q_hist,index,csa,2003-10-01,-118.450784153497
ks_i31_job_secure_q_hist,index,csa,2004-01-01,-107.182341747334
ks_i31_job_secure_q_hist,index,csa,2004-04-01,-97.2474493152282
ks_i31_job_secure_q_hist,index,csa,2004-07-01,-93.9904025452965
ks_i31_job_secure_q_hist,index,csa,2004-10-01,-96.6477012431734
ks_i31_job_secure_q_hist,index,csa,2005-01-01,-97.4964732637722
ks_i31_job_secure_q_hist,index,csa,2005-04-01,-100.654502556281
ks_i31_job_secure_q_hist,index,csa,2005-07-01,-107.821967971285
ks_i31_job_secure_q_hist,index,csa,2005-10-01,-99.9040035279839
ks_i31_job_secure_q_hist,index,csa,2006-01-01,-85.4157400028327
ks_i31_job_secure_q_hist,index,csa,2006-04-01,-71.8762123277166
ks_i31_job_secure_q_hist,index,csa,2006-07-01,-49.9170636008553
ks_i31_job_secure_q_hist,index,csa,2006-10-01,-44.396799969846
ks_i31_job_secure_q_hist,index,csa,2007-01-01,-36.4753804055271
ks_i31_job_secure_q_hist,index,csa,2007-04-01,-27.5112016819807
ks_i31_job_secure_q_hist,index,csa,2007-07-01,-32.5518023352822
ks_i31_job_secure_q_hist,index,csa,2007-10-01,-12.9707048401449
ks_i31_job_secure_q_hist,index,csa,2008-01-01,-12.6406465522915
ks_i31_job_secure_q_hist,index,csa,2008-04-01,-27.9241079927399
ks_i31_job_secure_q_hist,index,csa,2008-07-01,-23.6736250290171
ks_i31_job_secure_q_hist,index,csa,2008-10-01,-59.8960818294201
ks_i31_job_secure_q_hist,index,csa,2009-01-01,-96.85313822682
ks_i31_job_secure_q_hist,index,csa,2009-04-01,-127.280089936111
ks_i31_job_secure_q_hist,index,csa,2009-07-01,-127.664944691119
ks_i31_job_secure_q_hist,index,csa,2009-10-01,-117.016599906281
ks_i31_job_secure_q_hist,index,csa,2010-01-01,-104.812518201331
ks_i31_job_secure_q_hist,index,csa,2010-04-01,-72.5238241088696
ks_i31_job_secure_q_hist,index,csa,2010-07-01,-57.1205544091207
ks_i31_job_secure_q_hist,index,csa,2010-10-01,-51.1810834546984
ks_i31_job_secure_q_hist,index,csa,2011-01-01,-42.7691346871893
ks_i31_job_secure_q_hist,index,csa,2011-04-01,-23.8927035581118
ks_i31_job_secure_q_hist,index,csa,2011-07-01,-56.0279763415744
ks_i31_job_secure_q_hist,index,csa,2011-10-01,-70.6712883946414
ks_i31_job_secure_q_hist,index,csa,2012-01-01,-76.1525051824599
ks_i31_job_secure_q_hist,index,csa,2012-04-01,-65.2769784126266
ks_i31_job_secure_q_hist,index,csa,2012-07-01,-74.2172836376962
ks_i31_job_secure_q_hist,index,csa,2012-10-01,-69.1069868034391
ks_i31_job_secure_q_hist,index,csa,2013-01-01,-72.4061156488269
ks_i31_job_secure_q_hist,index,csa,2013-04-01,-66.3859354575507
ks_i31_job_secure_q_hist,index,csa,2013-07-01,-70.6020211578423
ks_i31_job_secure_q_hist,index,csa,2013-10-01,-52.161387001630096
ks_i31_job_secure_q_hist,index,csa,2014-01-01,-55.4861514750758
ks_i31_job_secure_q_hist,index,csa,2014-04-01,-47.9889405661688
ks_i31_job_secure_q_hist,index,csa,2014-07-01,-50.7459768129328
ks_i31_job_secure_q_hist,index,csa,2014-10-01,-54.7348185484043
ks_i31_job_secure_q_hist,index,csa,2015-01-01,-52.8737773761619
ks_i31_job_secure_q_hist,index,csa,2015-04-01,-71.7010989644283
ks_i31_job_secure_q_hist,index,csa,2015-07-01,-78.1781496194649
ks_i31_job_secure_q_hist,index,csa,2015-10-01,-82.8902817190603
ks_i31_job_secure_q_hist,index,csa,2016-01-01,-81.2814757472023
ks_i31_job_secure_q_hist,index,csa,2016-04-01,-87.597090485099
ks_i31_job_secure_q_hist,index,csa,2016-07-01,-78.0390956498303
ks_i31_job_secure_q_hist,index,csa,2016-10-01,-78.0039752737199
ks_i31_job_secure_q_hist,index,csa,2017-01-01,-64.8211451532055
ks_i31_job_secure_q_hist,index,csa,2017-04-01,-64.05757062747
ks_i31_job_secure_q_hist,index,csa,2017-07-01,-63.438204283661
ks_i31_job_secure_q_hist,index,csa,2017-10-01,-56.5164653066307
ks_i31_job_secure_q_hist,index,csa,2018-01-01,-47.9396593069429
ks_i31_job_secure_q_hist,index,csa,2018-04-01,-47.7198402270469
ks_i31_job_secure_q_hist,index,csa,2018-07-01,-46.6444809393051
ks_i31_job_secure_q_hist,index,csa,2018-10-01,-41.6381283720868
ks_i31_job_secure_q_hist,index,csa,2019-01-01,-35.9974342461415
ks_i31_job_secure_q_hist,index,csa,2019-04-01,-48.3036014077054
ks_i31_job_secure_q_hist,index,csa,2019-07-01,-47.4297313752623
ks_i31_job_secure_q_hist,index,csa,2019-10-01,-47.5582992442888
ks_i31_job_secure_q_hist,index,csa,2020-01-01,-44.1031457436078
ks_i31_job_secure_q_hist,index,csa,2020-04-01,-73.9623609949293
ks_i31_job_secure_q_hist,index,csa,2020-07-01,-114.824834665726
ks_i31_job_secure_q_hist,index,csa,2020-10-01,-121.039104190598
ks_i31_job_secure_q_hist,index,csa,2021-01-01,-122.306201468725
ks_i31_job_secure_q_hist,index,csa,2021-04-01,-120.387511306138
ks_i31_job_secure_q_hist,index,csa,2021-07-01,-87.2839132464445
ks_i31_job_secure_q_hist,index,csa,2021-10-01,-73.3567164296436
ks_i31_job_secure_q_hist,index,csa,2022-01-01,-59.0122070604008
ks_i31_job_secure_q_hist,index,csa,2022-04-01,-31.6604807105195
ks_i31_job_secure_q_hist,index,csa,2022-07-01,-27.281557378152
ks_i31_job_secure_q_hist,index,csa,2022-10-01,-24.5812290634381
ks_i31_job_secure_q_hist,index,csa,2023-01-01,1.741576074797
ks_i31_job_secure_q_hist,index,csa,2023-04-01,-23.878945000317
ks_i31_job_secure_q_hist,index,csa,2023-07-01,-2.42808526932955
ks_i31_job_secure_q_hist,index,csa,2023-10-01,-24.460079538691
ks_i32_unemp_exp_q_hist,index,csa,2007-04-01,-7.615230460921844
ks_i32_unemp_exp_q_hist,index,csa,2007-07-01,3.326810176125244
ks_i32_unemp_exp_q_hist,index,csa,2007-10-01,11.659192825112108
ks_i32_unemp_exp_q_hist,index,csa,2008-01-01,12.524461839530332
ks_i32_unemp_exp_q_hist,index,csa,2008-04-01,24.59485224022879
ks_i32_unemp_exp_q_hist,index,csa,2008-07-01,33.949416342412455
ks_i32_unemp_exp_q_hist,index,csa,2008-10-01,75.85877862595419
ks_i32_unemp_exp_q_hist,index,csa,2009-01-01,110.85714285714286
ks_i32_unemp_exp_q_hist,index,csa,2009-04-01,130.31423290203327
ks_i32_unemp_exp_q_hist,index,csa,2009-07-01,117.18020541549954
ks_i32_unemp_exp_q_hist,index,csa,2009-10-01,87.91312559017942
ks_i32_unemp_exp_q_hist,index,csa,2010-01-01,77.08920187793427
ks_i32_unemp_exp_q_hist,index,csa,2010-04-01,8.444022770398481
ks_i32_unemp_exp_q_hist,index,csa,2010-07-01,6.261682242990655
ks_i32_unemp_exp_q_hist,index,csa,2010-10-01,17.485822306238184
ks_i32_unemp_exp_q_hist,index,csa,2011-01-01,11.567877629063098
ks_i32_unemp_exp_q_hist,index,csa,2011-04-01,16.312741312741313
ks_i32_unemp_exp_q_hist,index,csa,2011-07-01,53.735632183908045
ks_i32_unemp_exp_q_hist,index,csa,2011-10-01,72.57751937984496
ks_i32_unemp_exp_q_hist,index,csa,2012-01-01,71.21354656632172
ks_i32_unemp_exp_q_hist,index,csa,2012-04-01,48.76805437553101
ks_i32_unemp_exp_q_hist,index,csa,2012-07-01,61.79159049360147
ks_i32_unemp_exp_q_hist,index,csa,2012-10-01,66.54960491659351
ks_i32_unemp_exp_q_hist,index,csa,2013-01-01,62.086513994910945
ks_i32_unemp_exp_q_hist,index,csa,2013-04-01,47.12328767123288
ks_i32_unemp_exp_q_hist,index,csa,2013-07-01,54.01785714285714
ks_i32_unemp_exp_q_hist,index,csa,2013-10-01,44.53551912568306
ks_i32_unemp_exp_q_hist,index,csa,2014-01-01,39.76510067114094
ks_i32_unemp_exp_q_hist,index,csa,2014-04-01,30.254476908576816
ks_i32_unemp_exp_q_hist,index,csa,2014-07-01,33.45690454124189
ks_i32_unemp_exp_q_hist,index,csa,2014-10-01,50.828247602441145
ks_i32_unemp_exp_q_hist,index,csa,2015-01-01,52.089136490250695
ks_i32_unemp_exp_q_hist,index,csa,2015-04-01,50.782778864970645
ks_i32_unemp_exp_q_hist,index,csa,2015-07-01,64.74226804123711
ks_i32_unemp_exp_q_hist,index,csa,2015-10-01,73.50427350427351
ks_i32_unemp_exp_q_hist,index,csa,2016-01-01,68.11594202898551
ks_i32_unemp_exp_q_hist,index,csa,2016-04-01,69.9090909090909
ks_i32_unemp_exp_q_hist,index,csa,2016-07-01,60.72164948453608
ks_i32_unemp_exp_q_hist,index,csa,2016-10-01,57.965451055662186
ks_i32_unemp_exp_q_hist,index,csa,2017-01-01,48.188711036225776
ks_i32_unemp_exp_q_hist,index,csa,2017-04-01,48.433048433048434
ks_i32_unemp_exp_q_hist,index,csa,2017-07-01,41.089965397923876
ks_i32_unemp_exp_q_hist,index,csa,2017-10-01,39.338235294117645
ks_i32_unemp_exp_q_hist,index,csa,2018-01-01,25.946317962835515
ks_i32_unemp_exp_q_hist,index,csa,2018-04-01,27.59493670886076
ks_i32_unemp_exp_q_hist,index,csa,2018-07-01,35.00473036896878
ks_i32_unemp_exp_q_hist,index,csa,2018-10-01,38.323840520748575
ks_i32_unemp_exp_q_hist,index,csa,2019-01-01,31.628638867033832
ks_i32_unemp_exp_q_hist,index,csa,2019-04-01,30.73836276083467
ks_i32_unemp_exp_q_hist,index,csa,2019-07-01,38.59362224039248
ks_i32_unemp_exp_q_hist,index,csa,2019-10-01,48.421052631578945
ks_i32_unemp_exp_q_hist,index,csa,2020-01-01,32.966168371361135
ks_i32_unemp_exp_q_hist,index,csa,2020-04-01,127.78666666666668
ks_i32_unemp_exp_q_hist,index,csa,2020-07-01,111.43695014662755
ks_i32_unemp_exp_q_hist,index,csa,2020-10-01,111.6413593637021
ks_i32_unemp_exp_q_hist,index,csa,2021-01-01,114.78494623655915
ks_i32_unemp_exp_q_hist,index,csa,2021-04-01,90.15748031496062
ks_i32_unemp_exp_q_hist,index,csa,2021-07-01,28.67528271405493
ks_i32_unemp_exp_q_hist,index,csa,2021-10-01,23.55889724310777
ks_i32_unemp_exp_q_hist,index,csa,2022-01-01,29.345372460496616
ks_i32_unemp_exp_q_hist,index,csa,2022-04-01,30.548523206751057
ks_i32_unemp_exp_q_hist,index,csa,2022-07-01,27.161500815660684
ks_i32_unemp_exp_q_hist,index,csa,2022-10-01,39.391143911439116
ks_i32_unemp_exp_q_hist,index,csa,2023-01-01,6.764466177669112
ks_i32_unemp_exp_q_hist,index,csa,2023-04-01,22.21153846153846
ks_i32_unemp_exp_q_hist,index,csa,2023-07-01,5.833333333333333
ks_i32_unemp_exp_q_hist,index,csa,2023-10-01,32.35572374645223
ks_i41_fin_pos_hist_q_hist,index,csa,1972-10-01,24.0556704628436
ks_i41_fin_pos_hist_q_hist,index,csa,1973-01-01,28.7783996242815
ks_i41_fin_pos_hist_q_hist,index,csa,1973-04-01,25.8765775631503
ks_i41_fin_pos_hist_q_hist,index,csa,1973-07-01,18.4135743546494
ks_i41_fin_pos_hist_q_hist,index,csa,1973-10-01,11.5909413725102
ks_i41_fin_pos_hist_q_hist,index,csa,1974-01-01,11.9600775636759
ks_i41_fin_pos_hist_q_hist,index,csa,1974-04-01,3.23003771679758
ks_i41_fin_pos_hist_q_hist,index,csa,1974-07-01,-2.4975071245262
ks_i41_fin_pos_hist_q_hist,index,csa,1974-10-01,-0.299457145017576
ks_i41_fin_pos_hist_q_hist,index,csa,1975-01-01,-0.844094559882358
ks_i41_fin_pos_hist_q_hist,index,csa,1975-04-01,-0.862753941943699
ks_i41_fin_pos_hist_q_hist,index,csa,1975-07-01,-4.37357641575395
ks_i41_fin_pos_hist_q_hist,index,csa,1975-10-01,-4.03095566920619
ks_i41_fin_pos_hist_q_hist,index,csa,1976-01-01,-18.2147840227274
ks_i41_fin_pos_hist_q_hist,index,csa,1976-04-01,-16.0881909172067
ks_i41_fin_pos_hist_q_hist,index,csa,1976-07-01,-6.22821102282569
ks_i41_fin_pos_hist_q_hist,index,csa,1976-10-01,-4.21611269641308
ks_i41_fin_pos_hist_q_hist,index,csa,1977-01-01,-11.8563633987195
ks_i41_fin_pos_hist_q_hist,index,csa,1977-04-01,0.849564264348538
ks_i41_fin_pos_hist_q_hist,index,csa,1977-07-01,1.82262437237767
ks_i41_fin_pos_hist_q_hist,index,csa,1977-10-01,-2.86003338031161
ks_i41_fin_pos_hist_q_hist,index,csa,1978-01-01,-0.971891212649454
ks_i41_fin_pos_hist_q_hist,index,csa,1978-04-01,1.56841959835739
ks_i41_fin_pos_hist_q_hist,index,csa,1978-07-01,8.8936965537379
ks_i41_fin_pos_hist_q_hist,index,csa,1978-10-01,-0.309985601817322
ks_i41_fin_pos_hist_q_hist,index,csa,1979-01-01,6.74315196431916
ks_i41_fin_pos_hist_q_hist,index,csa,1979-04-01,2.13838200913317
ks_i41_fin_pos_hist_q_hist,index,csa,1979-07-01,0.807451560228083
ks_i41_fin_pos_hist_q_hist,index,csa,1979-10-01,6.99192543717212
ks_i41_fin_pos_hist_q_hist,index,csa,1980-01-01,5.90739210664113
ks_i41_fin_pos_hist_q_hist,index,csa,1980-04-01,12.9195514586094
ks_i41_fin_pos_hist_q_hist,index,csa,1980-07-01,11.7804304830971
ks_i41_fin_pos_hist_q_hist,index,csa,1980-10-01,9.31459993466006
ks_i41_fin_pos_hist_q_hist,index,csa,1981-01-01,4.30671488053905
ks_i41_fin_pos_hist_q_hist,index,csa,1981-04-01,-9.76923116597222
ks_i41_fin_pos_hist_q_hist,index,csa,1981-07-01,-6.32860829814264
ks_i41_fin_pos_hist_q_hist,index,csa,1981-10-01,-15.9058266850201
ks_i41_fin_pos_hist_q_hist,index,csa,1982-01-01,-8.7649853254932
ks_i41_fin_pos_hist_q_hist,index,csa,1982-04-01,-3.53359211852498
ks_i41_fin_pos_hist_q_hist,index,csa,1982-07-01,-4.84676839249041
ks_i41_fin_pos_hist_q_hist,index,csa,1982-10-01,-8.80303983305952
ks_i41_fin_pos_hist_q_hist,index,csa,1983-01-01,-7.18012584828648
ks_i41_fin_pos_hist_q_hist,index,csa,1983-04-01,-3.5456777372004
ks_i41_fin_pos_hist_q_hist,index,csa,1983-07-01,-6.86860808070595
ks_i41_fin_pos_hist_q_hist,index,csa,1983-10-01,-6.48538141024785
ks_i41_fin_pos_hist_q_hist,index,csa,1984-01-01,-4.40094368325718
ks_i41_fin_pos_hist_q_hist,index,csa,1984-04-01,-4.50359535762847
ks_i41_fin_pos_hist_q_hist,index,csa,1984-07-01,0.42887243580623
ks_i41_fin_pos_hist_q_hist,index,csa,1984-10-01,-2.63154194913392
ks_i41_fin_pos_hist_q_hist,index,csa,1985-01-01,2.57330062229663
ks_i41_fin_pos_hist_q_hist,index,csa,1985-04-01,-5.05063064376906
ks_i41_fin_pos_hist_q_hist,index,csa,1985-07-01,0.535454063104293
ks_i41_fin_pos_hist_q_hist,index,csa,1985-10-01,4.16198980655412
ks_i41_fin_pos_hist_q_hist,index,csa,1986-01-01,10.9027015031305
ks_i41_fin_pos_hist_q_hist,index,csa,1986-04-01,10.8293555236329
ks_i41_fin_pos_hist_q_hist,index,csa,1986-07-01,1.92360184823317
ks_i41_fin_pos_hist_q_hist,index,csa,1986-10-01,10.4867087865751
ks_i41_fin_pos_hist_q_hist,index,csa,1987-01-01,5.30265318011594
ks_i41_fin_pos_hist_q_hist,index,csa,1987-04-01,12.0354459177442
ks_i41_fin_pos_hist_q_hist,index,csa,1987-07-01,9.91655007029915
ks_i41_fin_pos_hist_q_hist,index,csa,1987-10-01,8.42497322389847
ks_i41_fin_pos_hist_q_hist,index,csa,1988-01-01,6.35459435493099
ks_i41_fin_pos_hist_q_hist,index,csa,1988-04-01,11.8110505103844
ks_i41_fin_pos_hist_q_hist,index,csa,1988-07-01,11.0722764456441
ks_i41_fin_pos_hist_q_hist,index,csa,1988-10-01,10.8157505580909
ks_i41_fin_pos_hist_q_hist,index,csa,1989-01-01,14.6142621723637
ks_i41_fin_pos_hist_q_hist,index,csa,1989-04-01,14.5515472534381
ks_i41_fin_pos_hist_q_hist,index,csa,1989-07-01,3.02481834370404
ks_i41_fin_pos_hist_q_hist,index,csa,1989-10-01,2.87733355359648
ks_i41_fin_pos_hist_q_hist,index,csa,1990-01-01,0.838422244998322
ks_i41_fin_pos_hist_q_hist,index,csa,1990-04-01,-3.2755282481072
ks_i41_fin_pos_hist_q_hist,index,csa,1990-07-01,-1.29548996771022
ks_i41_fin_pos_hist_q_hist,index,csa,1990-10-01,-18.5358858979424
ks_i41_fin_pos_hist_q_hist,index,csa,1991-01-01,-16.3032544005522
ks_i41_fin_pos_hist_q_hist,index,csa,1991-04-01,-19.2338688799545
ks_i41_fin_pos_hist_q_hist,index,csa,1991-07-01,-11.5000665449777
ks_i41_fin_pos_hist_q_hist,index,csa,1991-10-01,-23.1101743809619
ks_i41_fin_pos_hist_q_hist,index,csa,1992-01-01,-25.8073927666381
ks_i41_fin_pos_hist_q_hist,index,csa,1992-04-01,-24.6608825425203
ks_i41_fin_pos_hist_q_hist,index,csa,1992-07-01,-27.2156093993053
ks_i41_fin_pos_hist_q_hist,index,csa,1992-10-01,-24.2883314538169
ks_i41_fin_pos_hist_q_hist,index,csa,1993-01-01,-24.8055392549906
ks_i41_fin_pos_hist_q_hist,index,csa,1993-04-01,-29.9153725316107
ks_i41_fin_pos_hist_q_hist,index,csa,1993-07-01,-34.2984267891245
ks_i41_fin_pos_hist_q_hist,index,csa,1993-10-01,-25.3838684220319
ks_i41_fin_pos_hist_q_hist,index,csa,1994-01-01,-23.7027828556314
ks_i41_fin_pos_hist_q_hist,index,csa,1994-04-01,-23.7145639341217
ks_i41_fin_pos_hist_q_hist,index,csa,1994-07-01,-21.6266983178822
ks_i41_fin_pos_hist_q_hist,index,csa,1994-10-01,-20.331594063854
ks_i41_fin_pos_hist_q_hist,index,csa,1995-01-01,-22.7985614391946
ks_i41_fin_pos_hist_q_hist,index,csa,1995-04-01,-20.0716616029426
ks_i41_fin_pos_hist_q_hist,index,csa,1995-07-01,-15.2240915578893
ks_i41_fin_pos_hist_q_hist,index,csa,1995-10-01,-19.985084877407
ks_i41_fin_pos_hist_q_hist,index,csa,1996-01-01,-27.2673634009683
ks_i41_fin_pos_hist_q_hist,index,csa,1996-04-01,-27.7364891994505
ks_i41_fin_pos_hist_q_hist,index,csa,1996-07-01,-23.2740583294828
ks_i41_fin_pos_hist_q_hist,index,csa,1996-10-01,-18.905318368048
ks_i41_fin_pos_hist_q_hist,index,csa,1997-01-01,-18.9950867870475
ks_i41_fin_pos_hist_q_hist,index,csa,1997-04-01,-17.1748638005481
ks_i41_fin_pos_hist_q_hist,index,csa,1997-07-01,-14.7237086083645
ks_i41_fin_pos_hist_q_hist,index,csa,1997-10-01,-15.9747432644661
ks_i41_fin_pos_hist_q_hist,index,csa,1998-01-01,-13.5440237569077
ks_i41_fin_pos_hist_q_hist,index,csa,1998-04-01,-12.1982803513182
ks_i41_fin_pos_hist_q_hist,index,csa,1998-07-01,-10.9157838514978
ks_i41_fin_pos_hist_q_hist,index,csa,1998-10-01,-3.19448045897748
ks_i41_fin_pos_hist_q_hist,index,csa,1999-01-01,-8.09421667112406
ks_i41_fin_pos_hist_q_hist,index,csa,1999-04-01,-8.397234200832
ks_i41_fin_pos_hist_q_hist,index,csa,1999-07-01,-4.35432820677726
ks_i41_fin_pos_hist_q_hist,index,csa,1999-10-01,-4.45396679355004
ks_i41_fin_pos_hist_q_hist,index,csa,2000-01-01,1.14542691835266
ks_i41_fin_pos_hist_q_hist,index,csa,2000-04-01,-0.938622720501568
ks_i41_fin_pos_hist_q_hist,index,csa,2000-07-01,0.272437498959464
ks_i41_fin_pos_hist_q_hist,index,csa,2000-10-01,2.47353082797466
ks_i41_fin_pos_hist_q_hist,index,csa,2001-01-01,6.92896645835565
ks_i41_fin_pos_hist_q_hist,index,csa,2001-04-01,4.08613617395974
ks_i41_fin_pos_hist_q_hist,index,csa,2001-07-01,2.22160027748062
ks_i41_fin_pos_hist_q_hist,index,csa,2001-10-01,0.972393975602098
ks_i41_fin_pos_hist_q_hist,index,csa,2002-01-01,-0.936461826074187
ks_i41_fin_pos_hist_q_hist,index,csa,2002-04-01,-3.17299300523431
ks_i41_fin_pos_hist_q_hist,index,csa,2002-07-01,-11.2243654872341
ks_i41_fin_pos_hist_q_hist,index,csa,2002-10-01,-15.0730035294953
ks_i41_fin_pos_hist_q_hist,index,csa,2003-01-01,-4.8764905230746
ks_i41_fin_pos_hist_q_hist,index,csa,2003-04-01,-13.6862582383455
ks_i41_fin_pos_hist_q_hist,index,csa,2003-07-01,-17.1412844466576
ks_i41_fin_pos_hist_q_hist,index,csa,2003-10-01,-15.3902032043752
ks_i41_fin_pos_hist_q_hist,index,csa,2004-01-01,-19.2837229830699
ks_i41_fin_pos_hist_q_hist,index,csa,2004-04-01,-20.2955447371874
ks_i41_fin_pos_hist_q_hist,index,csa,2004-07-01,-18.132363636768
ks_i41_fin_pos_hist_q_hist,index,csa,2004-10-01,-9.08418664225893
ks_i41_fin_pos_hist_q_hist,index,csa,2005-01-01,-11.7346957002863
ks_i41_fin_pos_hist_q_hist,index,csa,2005-04-01,-10.7411292654196
ks_i41_fin_pos_hist_q_hist,index,csa,2005-07-01,-10.4423737124652
ks_i41_fin_pos_hist_q_hist,index,csa,2005-10-01,-11.9894425853752
ks_i41_fin_pos_hist_q_hist,index,csa,2006-01-01,-4.58349971894881
ks_i41_fin_pos_hist_q_hist,index,csa,2006-04-01,-2.97935015483891
ks_i41_fin_pos_hist_q_hist,index,csa,2006-07-01,-5.08523737241139
ks_i41_fin_pos_hist_q_hist,index,csa,2006-10-01,-5.66652957353699
ks_i41_fin_pos_hist_q_hist,index,csa,2007-01-01,-2.53471838408829
ks_i41_fin_pos_hist_q_hist,index,csa,2007-04-01,-0.205045134138468
ks_i41_fin_pos_hist_q_hist,index,csa,2007-07-01,-2.30118465449653
ks_i41_fin_pos_hist_q_hist,index,csa,2007-10-01,-0.999974818520009
ks_i41_fin_pos_hist_q_hist,index,csa,2008-01-01,1.45480781127696
ks_i41_fin_pos_hist_q_hist,index,csa,2008-04-01,-4.92496704891664
ks_i41_fin_pos_hist_q_hist,index,csa,2008-07-01,-15.6933118334145
ks_i41_fin_pos_hist_q_hist,index,csa,2008-10-01,-12.4983344057102
ks_i41_fin_pos_hist_q_hist,index,csa,2009-01-01,-9.88476803630509
ks_i41_fin_pos_hist_q_hist,index,csa,2009-04-01,-11.9401960925963
ks_i41_fin_pos_hist_q_hist,index,csa,2009-07-01,-14.3262895657357
ks_i41_fin_pos_hist_q_hist,index,csa,2009-10-01,-12.0202629939424
ks_i41_fin_pos_hist_q_hist,index,csa,2010-01-01,-16.8260849333668
ks_i41_fin_pos_hist_q_hist,index,csa,2010-04-01,-14.0887599666291
ks_i41_fin_pos_hist_q_hist,index,csa,2010-07-01,-8.75771647278435
ks_i41_fin_pos_hist_q_hist,index,csa,2010-10-01,-9.99369191390208
ks_i41_fin_pos_hist_q_hist,index,csa,2011-01-01,-8.69592400206121
ks_i41_fin_pos_hist_q_hist,index,csa,2011-04-01,-4.9203435954264
ks_i41_fin_pos_hist_q_hist,index,csa,2011-07-01,-10.3053522724495
ks_i41_fin_pos_hist_q_hist,index,csa,2011-10-01,-7.25299274758821
ks_i41_fin_pos_hist_q_hist,index,csa,2012-01-01,-12.6405576003894
ks_i41_fin_pos_hist_q_hist,index,csa,2012-04-01,-10.2375848244103
ks_i41_fin_pos_hist_q_hist,index,csa,2012-07-01,-9.96848504375227
ks_i41_fin_pos_hist_q_hist,index,csa,2012-10-01,-6.05258933254287
ks_i41_fin_pos_hist_q_hist,index,csa,2013-01-01,-3.74173167586415
ks_i41_fin_pos_hist_q_hist,index,csa,2013-04-01,-11.284225922739
ks_i41_fin_pos_hist_q_hist,index,csa,2013-07-01,-6.17958636363497
ks_i41_fin_pos_hist_q_hist,index,csa,2013-10-01,-3.87304957476736
ks_i41_fin_pos_hist_q_hist,index,csa,2014-01-01,-10.4943259117991
ks_i41_fin_pos_hist_q_hist,index,csa,2014-04-01,-6.41134876243552
ks_i41_fin_pos_hist_q_hist,index,csa,2014-07-01,-4.87333320419373
ks_i41_fin_pos_hist_q_hist,index,csa,2014-10-01,-4.77151047015193
ks_i41_fin_pos_hist_q_hist,index,csa,2015-01-01,-7.93369588412302
ks_i41_fin_pos_hist_q_hist,index,csa,2015-04-01,-4.93000549803064
ks_i41_fin_pos_hist_q_hist,index,csa,2015-07-01,-9.76878667303098
ks_i41_fin_pos_hist_q_hist,index,csa,2015-10-01,-8.08301977668026
ks_i41_fin_pos_hist_q_hist,index,csa,2016-01-01,-7.66292035898534
ks_i41_fin_pos_hist_q_hist,index,csa,2016-04-01,-6.97097316056033
ks_i41_fin_pos_hist_q_hist,index,csa,2016-07-01,-11.7092404537101
ks_i41_fin_pos_hist_q_hist,index,csa,2016-10-01,-10.1238741903079
ks_i41_fin_pos_hist_q_hist,index,csa,2017-01-01,-13.0993675539465
ks_i41_fin_pos_hist_q_hist,index,csa,2017-04-01,-14.0099951138017
ks_i41_fin_pos_hist_q_hist,index,csa,2017-07-01,-9.58740557880212
ks_i41_fin_pos_hist_q_hist,index,csa,2017-10-01,-11.7793037075074
ks_i41_fin_pos_hist_q_hist,index,csa,2018-01-01,-21.7767678298563
ks_i41_fin_pos_hist_q_hist,index,csa,2018-04-01,-18.6973491199692
ks_i41_fin_pos_hist_q_hist,index,csa,2018-07-01,-17.0381505222673
ks_i41_fin_pos_hist_q_hist,index,csa,2018-10-01,-15.839853620998401
ks_i41_fin_pos_hist_q_hist,index,csa,2019-01-01,-16.1865250481708
ks_i41_fin_pos_hist_q_hist,index,csa,2019-04-01,-15.124109083519
ks_i41_fin_pos_hist_q_hist,index,csa,2019-07-01,-12.9815245445115
ks_i41_fin_pos_hist_q_hist,index,csa,2019-10-01,-10.8737337453393
ks_i41_fin_pos_hist_q_hist,index,csa,2020-01-01,-14.277592112081
ks_i41_fin_pos_hist_q_hist,index,csa,2020-04-01,-7.09152004163505
ks_i41_fin_pos_hist_q_hist,index,csa,2020-07-01,-10.0528889897365
ks_i41_fin_pos_hist_q_hist,index,csa,2020-10-01,-14.8302499589581
ks_i41_fin_pos_hist_q_hist,index,csa,2021-01-01,-12.4873811571247
ks_i41_fin_pos_hist_q_hist,index,csa,2021-04-01,-11.8100400829569
ks_i41_fin_pos_hist_q_hist,index,csa,2021-07-01,-7.91715494709547
ks_i41_fin_pos_hist_q_hist,index,csa,2021-10-01,-10.1256896051827
ks_i41_fin_pos_hist_q_hist,index,csa,2022-01-01,-9.64127263141683
ks_i41_fin_pos_hist_q_hist,index,csa,2022-04-01,-21.8889411586101
ks_i41_fin_pos_hist_q_hist,index,csa,2022-07-01,-35.1327293640149
ks_i41_fin_pos_hist_q_hist,index,csa,2022-10-01,-39.7461502671093
ks_i41_fin_pos_hist_q_hist,index,csa,2023-01-01,-39.1679798706502
ks_i41_fin_pos_hist_q_hist,index,csa,2023-04-01,-41.440160427359
ks_i41_fin_pos_hist_q_hist,index,csa,2023-07-01,-38.1552384287537
ks_i41_fin_pos_hist_q_hist,index,csa,2023-10-01,-50.944620744193
ks_i42_fin_pos_exp_q_hist,index,csa,1972-10-01,29.5237217261272
ks_i42_fin_pos_exp_q_hist,index,csa,1973-01-01,15.9060698173651
ks_i42_fin_pos_exp_q_hist,index,csa,1973-04-01,15.3143029288563
ks_i42_fin_pos_exp_q_hist,index,csa,1973-07-01,10.0850520249017
ks_i42_fin_pos_exp_q_hist,index,csa,1973-10-01,5.54102157582046
ks_i42_fin_pos_exp_q_hist,index,csa,1974-01-01,10.2182141147942
ks_i42_fin_pos_exp_q_hist,index,csa,1974-04-01,1.17687831782028
ks_i42_fin_pos_exp_q_hist,index,csa,1974-07-01,-2.82547702009722
ks_i42_fin_pos_exp_q_hist,index,csa,1974-10-01,2.44765791434125
ks_i42_fin_pos_exp_q_hist,index,csa,1975-01-01,-5.9828727459853
ks_i42_fin_pos_exp_q_hist,index,csa,1975-04-01,-0.340201130911251
ks_i42_fin_pos_exp_q_hist,index,csa,1975-07-01,-6.80623024455993
ks_i42_fin_pos_exp_q_hist,index,csa,1975-10-01,-2.72101396623991
ks_i42_fin_pos_exp_q_hist,index,csa,1976-01-01,-7.03877562757237
ks_i42_fin_pos_exp_q_hist,index,csa,1976-04-01,4.67628510295211
ks_i42_fin_pos_exp_q_hist,index,csa,1976-07-01,5.43113910816085
ks_i42_fin_pos_exp_q_hist,index,csa,1976-10-01,4.21166859846333
ks_i42_fin_pos_exp_q_hist,index,csa,1977-01-01,-7.75580080082331
ks_i42_fin_pos_exp_q_hist,index,csa,1977-04-01,2.64800291905875
ks_i42_fin_pos_exp_q_hist,index,csa,1977-07-01,7.15051042371339
ks_i42_fin_pos_exp_q_hist,index,csa,1977-10-01,1.3570260170948
ks_i42_fin_pos_exp_q_hist,index,csa,1978-01-01,7.11512746253554
ks_i42_fin_pos_exp_q_hist,index,csa,1978-04-01,2.78613882016747
ks_i42_fin_pos_exp_q_hist,index,csa,1978-07-01,7.8676043619671
ks_i42_fin_pos_exp_q_hist,index,csa,1978-10-01,4.47419410851518
ks_i42_fin_pos_exp_q_hist,index,csa,1979-01-01,7.29782306382911
ks_i42_fin_pos_exp_q_hist,index,csa,1979-04-01,9.12215665206528
ks_i42_fin_pos_exp_q_hist,index,csa,1979-07-01,10.0034153088028
ks_i42_fin_pos_exp_q_hist,index,csa,1979-10-01,4.75639923107598
ks_i42_fin_pos_exp_q_hist,index,csa,1980-01-01,8.99568103334945
ks_i42_fin_pos_exp_q_hist,index,csa,1980-04-01,5.01549111498689
ks_i42_fin_pos_exp_q_hist,index,csa,1980-07-01,11.8276846175565
ks_i42_fin_pos_exp_q_hist,index,csa,1980-10-01,9.37065211987309
ks_i42_fin_pos_exp_q_hist,index,csa,1981-01-01,2.44321107322831
ks_i42_fin_pos_exp_q_hist,index,csa,1981-04-01,-4.92390603909052
ks_i42_fin_pos_exp_q_hist,index,csa,1981-07-01,-3.51216263792758
ks_i42_fin_pos_exp_q_hist,index,csa,1981-10-01,-6.46497124001613
ks_i42_fin_pos_exp_q_hist,index,csa,1982-01-01,0.212554612833376
ks_i42_fin_pos_exp_q_hist,index,csa,1982-04-01,-0.83969514918884
ks_i42_fin_pos_exp_q_hist,index,csa,1982-07-01,-8.25531317487165
ks_i42_fin_pos_exp_q_hist,index,csa,1982-10-01,-3.84462367653735
ks_i42_fin_pos_exp_q_hist,index,csa,1983-01-01,-2.14749405235199
ks_i42_fin_pos_exp_q_hist,index,csa,1983-04-01,-0.737117319543643
ks_i42_fin_pos_exp_q_hist,index,csa,1983-07-01,-0.558945613963962
ks_i42_fin_pos_exp_q_hist,index,csa,1983-10-01,1.30118986276893
ks_i42_fin_pos_exp_q_hist,index,csa,1984-01-01,4.99743002621779
ks_i42_fin_pos_exp_q_hist,index,csa,1984-04-01,4.68294697111855
ks_i42_fin_pos_exp_q_hist,index,csa,1984-07-01,8.27233203083075
ks_i42_fin_pos_exp_q_hist,index,csa,1984-10-01,5.16870914422703
ks_i42_fin_pos_exp_q_hist,index,csa,1985-01-01,7.22988478297263
ks_i42_fin_pos_exp_q_hist,index,csa,1985-04-01,4.18221850757222
ks_i42_fin_pos_exp_q_hist,index,csa,1985-07-01,6.53958229370994
ks_i42_fin_pos_exp_q_hist,index,csa,1985-10-01,12.012738797773
ks_i42_fin_pos_exp_q_hist,index,csa,1986-01-01,19.7262033114001
ks_i42_fin_pos_exp_q_hist,index,csa,1986-04-01,11.634739031549
ks_i42_fin_pos_exp_q_hist,index,csa,1986-07-01,8.24633879488625
ks_i42_fin_pos_exp_q_hist,index,csa,1986-10-01,13.409715987687
ks_i42_fin_pos_exp_q_hist,index,csa,1987-01-01,12.2432791771914
ks_i42_fin_pos_exp_q_hist,index,csa,1987-04-01,10.4684251407643
ks_i42_fin_pos_exp_q_hist,index,csa,1987-07-01,13.5725264249225
ks_i42_fin_pos_exp_q_hist,index,csa,1987-10-01,11.3595449265545
ks_i42_fin_pos_exp_q_hist,index,csa,1988-01-01,11.5031626690255
ks_i42_fin_pos_exp_q_hist,index,csa,1988-04-01,11.4872977652553
ks_i42_fin_pos_exp_q_hist,index,csa,1988-07-01,14.8294944398282
ks_i42_fin_pos_exp_q_hist,index,csa,1988-10-01,15.7593399440336
ks_i42_fin_pos_exp_q_hist,index,csa,1989-01-01,18.1111463291377
ks_i42_fin_pos_exp_q_hist,index,csa,1989-04-01,10.8975920218329
ks_i42_fin_pos_exp_q_hist,index,csa,1989-07-01,4.39728100508831
ks_i42_fin_pos_exp_q_hist,index,csa,1989-10-01,7.02568760832796
ks_i42_fin_pos_exp_q_hist,index,csa,1990-01-01,0.618392105124461
ks_i42_fin_pos_exp_q_hist,index,csa,1990-04-01,-1.43203381511139
ks_i42_fin_pos_exp_q_hist,index,csa,1990-07-01,3.45261567201295
ks_i42_fin_pos_exp_q_hist,index,csa,1990-10-01,-17.0395406573648
ks_i42_fin_pos_exp_q_hist,index,csa,1991-01-01,-19.7498574127652
ks_i42_fin_pos_exp_q_hist,index,csa,1991-04-01,-8.55727680001272
ks_i42_fin_pos_exp_q_hist,index,csa,1991-07-01,-10.9870671456777
ks_i42_fin_pos_exp_q_hist,index,csa,1991-10-01,-17.778278223776
ks_i42_fin_pos_exp_q_hist,index,csa,1992-01-01,-21.6854249467806
ks_i42_fin_pos_exp_q_hist,index,csa,1992-04-01,-15.8740664415678
ks_i42_fin_pos_exp_q_hist,index,csa,1992-07-01,-20.0619784885558
ks_i42_fin_pos_exp_q_hist,index,csa,1992-10-01,-18.2097426707047
ks_i42_fin_pos_exp_q_hist,index,csa,1993-01-01,-21.4704774051248
ks_i42_fin_pos_exp_q_hist,index,csa,1993-04-01,-10.7320305877244
ks_i42_fin_pos_exp_q_hist,index,csa,1993-07-01,-11.4832483797191
ks_i42_fin_pos_exp_q_hist,index,csa,1993-10-01,-6.94560291234092
ks_i42_fin_pos_exp_q_hist,index,csa,1994-01-01,-8.19006743917064
ks_i42_fin_pos_exp_q_hist,index,csa,1994-04-01,-6.74189960737027
ks_i42_fin_pos_exp_q_hist,index,csa,1994-07-01,-7.14396906310689
ks_i42_fin_pos_exp_q_hist,index,csa,1994-10-01,-11.8449744047177
ks_i42_fin_pos_exp_q_hist,index,csa,1995-01-01,-25.7482687087687
ks_i42_fin_pos_exp_q_hist,index,csa,1995-04-01,-9.17630929625471
ks_i42_fin_pos_exp_q_hist,index,csa,1995-07-01,-8.01950917148328
ks_i42_fin_pos_exp_q_hist,index,csa,1995-10-01,-5.37986343121257
ks_i42_fin_pos_exp_q_hist,index,csa,1996-01-01,-15.3003783461148
ks_i42_fin_pos_exp_q_hist,index,csa,1996-04-01,-12.3959392191889
ks_i42_fin_pos_exp_q_hist,index,csa,1996-07-01,-12.4792712498313
ks_i42_fin_pos_exp_q_hist,index,csa,1996-10-01,-9.02476210730478
ks_i42_fin_pos_exp_q_hist,index,csa,1997-01-01,-2.33312077452011
ks_i42_fin_pos_exp_q_hist,index,csa,1997-04-01,-2.99636678828433
ks_i42_fin_pos_exp_q_hist,index,csa,1997-07-01,6.09599487252486
ks_i42_fin_pos_exp_q_hist,index,csa,1997-10-01,2.22596332600738
ks_i42_fin_pos_exp_q_hist,index,csa,1998-01-01,7.79490307396763
ks_i42_fin_pos_exp_q_hist,index,csa,1998-04-01,4.33069956839261
ks_i42_fin_pos_exp_q_hist,index,csa,1998-07-01,4.84421592887806
ks_i42_fin_pos_exp_q_hist,index,csa,1998-10-01,9.88571450071074
ks_i42_fin_pos_exp_q_hist,index,csa,1999-01-01,6.93008041047863
ks_i42_fin_pos_exp_q_hist,index,csa,1999-04-01,3.66658081070886
ks_i42_fin_pos_exp_q_hist,index,csa,1999-07-01,12.1564518137799
ks_i42_fin_pos_exp_q_hist,index,csa,1999-10-01,10.5364309222734
ks_i42_fin_pos_exp_q_hist,index,csa,2000-01-01,14.3275796464337
ks_i42_fin_pos_exp_q_hist,index,csa,2000-04-01,12.9521724425281
ks_i42_fin_pos_exp_q_hist,index,csa,2000-07-01,11.646754422184
ks_i42_fin_pos_exp_q_hist,index,csa,2000-10-01,12.2951948602706
ks_i42_fin_pos_exp_q_hist,index,csa,2001-01-01,15.810403648875
ks_i42_fin_pos_exp_q_hist,index,csa,2001-04-01,17.7027767891414
ks_i42_fin_pos_exp_q_hist,index,csa,2001-07-01,12.5276718466489
ks_i42_fin_pos_exp_q_hist,index,csa,2001-10-01,4.8699980662061
ks_i42_fin_pos_exp_q_hist,index,csa,2002-01-01,12.3637000779259
ks_i42_fin_pos_exp_q_hist,index,csa,2002-04-01,7.45145736772228
ks_i42_fin_pos_exp_q_hist,index,csa,2002-07-01,7.54258078473202
ks_i42_fin_pos_exp_q_hist,index,csa,2002-10-01,4.82868827712638
ks_i42_fin_pos_exp_q_hist,index,csa,2003-01-01,5.96599191503723
ks_i42_fin_pos_exp_q_hist,index,csa,2003-04-01,2.30979411295608
ks_i42_fin_pos_exp_q_hist,index,csa,2003-07-01,3.58658528335267
ks_i42_fin_pos_exp_q_hist,index,csa,2003-10-01,0.513202281238666
ks_i42_fin_pos_exp_q_hist,index,csa,2004-01-01,4.38986448662073
ks_i42_fin_pos_exp_q_hist,index,csa,2004-04-01,4.06586789324143
ks_i42_fin_pos_exp_q_hist,index,csa,2004-07-01,3.53840211668588
ks_i42_fin_pos_exp_q_hist,index,csa,2004-10-01,5.36931323753389
ks_i42_fin_pos_exp_q_hist,index,csa,2005-01-01,5.92132291207917
ks_i42_fin_pos_exp_q_hist,index,csa,2005-04-01,3.97039279383221
ks_i42_fin_pos_exp_q_hist,index,csa,2005-07-01,3.42754205541597
ks_i42_fin_pos_exp_q_hist,index,csa,2005-10-01,4.65918379188455
ks_i42_fin_pos_exp_q_hist,index,csa,2006-01-01,5.31359104330518
ks_i42_fin_pos_exp_q_hist,index,csa,2006-04-01,5.65843598556147
ks_i42_fin_pos_exp_q_hist,index,csa,2006-07-01,11.1099142697413
ks_i42_fin_pos_exp_q_hist,index,csa,2006-10-01,6.44235721587084
ks_i42_fin_pos_exp_q_hist,index,csa,2007-01-01,6.0969411917472
ks_i42_fin_pos_exp_q_hist,index,csa,2007-04-01,9.73603669709152
ks_i42_fin_pos_exp_q_hist,index,csa,2007-07-01,6.44340648267809
ks_i42_fin_pos_exp_q_hist,index,csa,2007-10-01,13.3165199166503
ks_i42_fin_pos_exp_q_hist,index,csa,2008-01-01,4.98188474977129
ks_i42_fin_pos_exp_q_hist,index,csa,2008-04-01,5.9504673577149
ks_i42_fin_pos_exp_q_hist,index,csa,2008-07-01,-7.51296969478674
ks_i42_fin_pos_exp_q_hist,index,csa,2008-10-01,-7.18670281479816
ks_i42_fin_pos_exp_q_hist,index,csa,2009-01-01,0.500692066558069
ks_i42_fin_pos_exp_q_hist,index,csa,2009-04-01,-7.11302148131228
ks_i42_fin_pos_exp_q_hist,index,csa,2009-07-01,-7.38668844049066
ks_i42_fin_pos_exp_q_hist,index,csa,2009-10-01,2.17681274118426
ks_i42_fin_pos_exp_q_hist,index,csa,2010-01-01,3.72276411492774
ks_i42_fin_pos_exp_q_hist,index,csa,2010-04-01,6.15845170215639
ks_i42_fin_pos_exp_q_hist,index,csa,2010-07-01,11.2500160074785
ks_i42_fin_pos_exp_q_hist,index,csa,2010-10-01,4.41039548774967
ks_i42_fin_pos_exp_q_hist,index,csa,2011-01-01,3.87285023629643
ks_i42_fin_pos_exp_q_hist,index,csa,2011-04-01,4.54976876781486
ks_i42_fin_pos_exp_q_hist,index,csa,2011-07-01,0.078678869856136
ks_i42_fin_pos_exp_q_hist,index,csa,2011-10-01,-1.2370325914011
ks_i42_fin_pos_exp_q_hist,index,csa,2012-01-01,-0.671556864279751
ks_i42_fin_pos_exp_q_hist,index,csa,2012-04-01,-1.3312027187217499
ks_i42_fin_pos_exp_q_hist,index,csa,2012-07-01,-1.68288659142325
ks_i42_fin_pos_exp_q_hist,index,csa,2012-10-01,-0.563545444865593
ks_i42_fin_pos_exp_q_hist,index,csa,2013-01-01,2.28619622767567
ks_i42_fin_pos_exp_q_hist,index,csa,2013-04-01,1.04061521232647
ks_i42_fin_pos_exp_q_hist,index,csa,2013-07-01,0.955926919893724
ks_i42_fin_pos_exp_q_hist,index,csa,2013-10-01,1.31411917260515
ks_i42_fin_pos_exp_q_hist,index,csa,2014-01-01,1.88420606724858
ks_i42_fin_pos_exp_q_hist,index,csa,2014-04-01,-0.501209497748378
ks_i42_fin_pos_exp_q_hist,index,csa,2014-07-01,-0.752818915134044
ks_i42_fin_pos_exp_q_hist,index,csa,2014-10-01,2.00791456263964
ks_i42_fin_pos_exp_q_hist,index,csa,2015-01-01,0.0058667802410457
ks_i42_fin_pos_exp_q_hist,index,csa,2015-04-01,3.18686390841049
ks_i42_fin_pos_exp_q_hist,index,csa,2015-07-01,-2.47558890478031
ks_i42_fin_pos_exp_q_hist,index,csa,2015-10-01,-1.92637217622913
ks_i42_fin_pos_exp_q_hist,index,csa,2016-01-01,-1.30779698222793
ks_i42_fin_pos_exp_q_hist,index,csa,2016-04-01,-0.420164440218517
ks_i42_fin_pos_exp_q_hist,index,csa,2016-07-01,-0.464940102555427
ks_i42_fin_pos_exp_q_hist,index,csa,2016-10-01,-4.21945184706111
ks_i42_fin_pos_exp_q_hist,index,csa,2017-01-01,-2.3529887945764
ks_i42_fin_pos_exp_q_hist,index,csa,2017-04-01,-4.02785791692442
ks_i42_fin_pos_exp_q_hist,index,csa,2017-07-01,-2.63488309738725
ks_i42_fin_pos_exp_q_hist,index,csa,2017-10-01,-4.33129174194382
ks_i42_fin_pos_exp_q_hist,index,csa,2018-01-01,-3.66011740857575
ks_i42_fin_pos_exp_q_hist,index,csa,2018-04-01,-1.60200870042289
ks_i42_fin_pos_exp_q_hist,index,csa,2018-07-01,-3.76430599628865
ks_i42_fin_pos_exp_q_hist,index,csa,2018-10-01,-2.40206216384719
ks_i42_fin_pos_exp_q_hist,index,csa,2019-01-01,-2.92072741723394
ks_i42_fin_pos_exp_q_hist,index,csa,2019-04-01,-5.89259699315948
ks_i42_fin_pos_exp_q_hist,index,csa,2019-07-01,-8.41698869659908
ks_i42_fin_pos_exp_q_hist,index,csa,2019-10-01,-2.90853074020096
ks_i42_fin_pos_exp_q_hist,index,csa,2020-01-01,-7.59354474651699
ks_i42_fin_pos_exp_q_hist,index,csa,2020-04-01,-23.2751460094014
ks_i42_fin_pos_exp_q_hist,index,csa,2020-07-01,-4.77770358626292
ks_i42_fin_pos_exp_q_hist,index,csa,2020-10-01,-6.676893866429
ks_i42_fin_pos_exp_q_hist,index,csa,2021-01-01,-6.9532537571429
ks_i42_fin_pos_exp_q_hist,index,csa,2021-04-01,-5.98298407573902
ks_i42_fin_pos_exp_q_hist,index,csa,2021-07-01,2.57131773549865
ks_i42_fin_pos_exp_q_hist,index,csa,2021-10-01,-0.767577345201655
ks_i42_fin_pos_exp_q_hist,index,csa,2022-01-01,-3.19369236490211
ks_i42_fin_pos_exp_q_hist,index,csa,2022-04-01,-24.9487359324948
ks_i42_fin_pos_exp_q_hist,index,csa,2022-07-01,-34.8305568158796
ks_i42_fin_pos_exp_q_hist,index,csa,2022-10-01,-46.9312803544313
ks_i42_fin_pos_exp_q_hist,index,csa,2023-01-01,-24.7859510975856
ks_i42_fin_pos_exp_q_hist,index,csa,2023-04-01,-23.493461769661
ks_i42_fin_pos_exp_q_hist,index,csa,2023-07-01,-24.9598002704529
ks_i42_fin_pos_exp_q_hist,index,csa,2023-10-01,-37.80689982014
ks_i51_save_q_hist,index,csa,1972-10-01,43.2748617912769
ks_i51_save_q_hist,index,csa,1973-01-01,42.6550656544755
ks_i51_save_q_hist,index,csa,1973-04-01,47.9057064678062
ks_i51_save_q_hist,index,csa,1973-07-01,47.9717087937328
ks_i51_save_q_hist,index,csa,1973-10-01,45.389780575914
ks_i51_save_q_hist,index,csa,1974-01-01,35.7498569835488
ks_i51_save_q_hist,index,csa,1974-04-01,44.0107821853148
ks_i51_save_q_hist,index,csa,1974-07-01,43.7579633853937
ks_i51_save_q_hist,index,csa,1974-10-01,35.7106778969781
ks_i51_save_q_hist,index,csa,1975-01-01,38.6931808319177
ks_i51_save_q_hist,index,csa,1975-04-01,45.8983714607461
ks_i51_save_q_hist,index,csa,1975-07-01,35.816592433369
ks_i51_save_q_hist,index,csa,1975-10-01,37.1767842667232
ks_i51_save_q_hist,index,csa,1976-01-01,35.1490301850159
ks_i51_save_q_hist,index,csa,1976-04-01,36.8768659727231
ks_i51_save_q_hist,index,csa,1976-07-01,32.7779399022486
ks_i51_save_q_hist,index,csa,1976-10-01,40.6617720086014
ks_i51_save_q_hist,index,csa,1977-01-01,36.4017628092819
ks_i51_save_q_hist,index,csa,1977-04-01,37.6461611544698
ks_i51_save_q_hist,index,csa,1977-07-01,33.2886748157051
ks_i51_save_q_hist,index,csa,1977-10-01,30.0033051161255
ks_i51_save_q_hist,index,csa,1978-01-01,35.4939389136919
ks_i51_save_q_hist,index,csa,1978-04-01,38.6110505393505
ks_i51_save_q_hist,index,csa,1978-07-01,43.7762061639942
ks_i51_save_q_hist,index,csa,1978-10-01,36.6975049549435
ks_i51_save_q_hist,index,csa,1979-01-01,35.0166306892432
ks_i51_save_q_hist,index,csa,1979-04-01,43.9687212672247
ks_i51_save_q_hist,index,csa,1979-07-01,37.7446936614669
ks_i51_save_q_hist,index,csa,1979-10-01,50.070224932847204
ks_i51_save_q_hist,index,csa,1980-01-01,50.4574328754376
ks_i51_save_q_hist,index,csa,1980-04-01,49.6117241165663
ks_i51_save_q_hist,index,csa,1980-07-01,47.4323497536087
ks_i51_save_q_hist,index,csa,1980-10-01,45.7460494991035
ks_i51_save_q_hist,index,csa,1981-01-01,42.1679679724628
ks_i51_save_q_hist,index,csa,1981-04-01,38.6742835705299
ks_i51_save_q_hist,index,csa,1981-07-01,37.3739932833054
ks_i51_save_q_hist,index,csa,1981-10-01,39.8893456488599
ks_i51_save_q_hist,index,csa,1982-01-01,38.439263214798
ks_i51_save_q_hist,index,csa,1982-04-01,43.8414958885409
ks_i51_save_q_hist,index,csa,1982-07-01,44.2921787537782
ks_i51_save_q_hist,index,csa,1982-10-01,41.09171911562
ks_i51_save_q_hist,index,csa,1983-01-01,33.2374578062518
ks_i51_save_q_hist,index,csa,1983-04-01,42.1094657054175
ks_i51_save_q_hist,index,csa,1983-07-01,43.2900470690592
ks_i51_save_q_hist,index,csa,1983-10-01,42.1447453773674
ks_i51_save_q_hist,index,csa,1984-01-01,46.9942870548033
ks_i51_save_q_hist,index,csa,1984-04-01,42.621766994926
ks_i51_save_q_hist,index,csa,1984-07-01,44.0803264097492
ks_i51_save_q_hist,index,csa,1984-10-01,41.803820914041
ks_i51_save_q_hist,index,csa,1985-01-01,44.9457610776375
ks_i51_save_q_hist,index,csa,1985-04-01,46.375126654514
ks_i51_save_q_hist,index,csa,1985-07-01,40.2589423841894
ks_i51_save_q_hist,index,csa,1985-10-01,43.902615760136
ks_i51_save_q_hist,index,csa,1986-01-01,48.124343127766
ks_i51_save_q_hist,index,csa,1986-04-01,46.7061493905741
ks_i51_save_q_hist,index,csa,1986-07-01,37.1114561672715
ks_i51_save_q_hist,index,csa,1986-10-01,44.1972273932976
ks_i51_save_q_hist,index,csa,1987-01-01,48.234866849578
ks_i51_save_q_hist,index,csa,1987-04-01,45.1292446131404
ks_i51_save_q_hist,index,csa,1987-07-01,44.8394661593186
ks_i51_save_q_hist,index,csa,1987-10-01,44.1837309895052
ks_i51_save_q_hist,index,csa,1988-01-01,45.9348447247298
ks_i51_save_q_hist,index,csa,1988-04-01,43.8833157656268
ks_i51_save_q_hist,index,csa,1988-07-01,46.2539868497559
ks_i51_save_q_hist,index,csa,1988-10-01,50.0912442535981
ks_i51_save_q_hist,index,csa,1989-01-01,50.3010129846961
ks_i51_save_q_hist,index,csa,1989-04-01,47.4351448107525
ks_i51_save_q_hist,index,csa,1989-07-01,42.3825820926773
ks_i51_save_q_hist,index,csa,1989-10-01,43.0556793555184
ks_i51_save_q_hist,index,csa,1990-01-01,43.9539226870355
ks_i51_save_q_hist,index,csa,1990-04-01,37.2358495173684
ks_i51_save_q_hist,index,csa,1990-07-01,43.2380312113497
ks_i51_save_q_hist,index,csa,1990-10-01,30.5876062218299
ks_i51_save_q_hist,index,csa,1991-01-01,32.8710176604521
ks_i51_save_q_hist,index,csa,1991-04-01,36.5423815501932
ks_i51_save_q_hist,index,csa,1991-07-01,42.8077262600043
ks_i51_save_q_hist,index,csa,1991-10-01,38.3555401891875
ks_i51_save_q_hist,index,csa,1992-01-01,43.6671649986352
ks_i51_save_q_hist,index,csa,1992-04-01,31.9139384677931
ks_i51_save_q_hist,index,csa,1992-07-01,41.2601112326614
ks_i51_save_q_hist,index,csa,1992-10-01,43.3914475564922
ks_i51_save_q_hist,index,csa,1993-01-01,39.5126507460703
ks_i51_save_q_hist,index,csa,1993-04-01,34.1053748413777
ks_i51_save_q_hist,index,csa,1993-07-01,35.461691340862
ks_i51_save_q_hist,index,csa,1993-10-01,38.5229797313598
ks_i51_save_q_hist,index,csa,1994-01-01,42.483912728778
ks_i51_save_q_hist,index,csa,1994-04-01,41.093007388731
ks_i51_save_q_hist,index,csa,1994-07-01,47.7260167748941
ks_i51_save_q_hist,index,csa,1994-10-01,49.0965672632897
ks_i51_save_q_hist,index,csa,1995-01-01,43.0489364260799
ks_i51_save_q_hist,index,csa,1995-04-01,39.5821779827729
ks_i51_save_q_hist,index,csa,1995-07-01,39.4242020554818
ks_i51_save_q_hist,index,csa,1995-10-01,36.9501182901493
ks_i51_save_q_hist,index,csa,1996-01-01,36.5913811479562
ks_i51_save_q_hist,index,csa,1996-04-01,30.3862761862433
ks_i51_save_q_hist,index,csa,1996-07-01,30.3141994971926
ks_i51_save_q_hist,index,csa,1996-10-01,29.9996294672679
ks_i51_save_q_hist,index,csa,1997-01-01,32.54728264047
ks_i51_save_q_hist,index,csa,1997-04-01,32.2085897006494
ks_i51_save_q_hist,index,csa,1997-07-01,34.984867074163
ks_i51_save_q_hist,index,csa,1997-10-01,34.2762664215018
ks_i51_save_q_hist,index,csa,1998-01-01,39.8973797410078
ks_i51_save_q_hist,index,csa,1998-04-01,37.0809987712635
ks_i51_save_q_hist,index,csa,1998-07-01,39.4880483233451
ks_i51_save_q_hist,index,csa,1998-10-01,44.4941970852906
ks_i51_save_q_hist,index,csa,1999-01-01,46.652226465127
ks_i51_save_q_hist,index,csa,1999-04-01,51.2120112955806
ks_i51_save_q_hist,index,csa,1999-07-01,45.9364118797398
ks_i51_save_q_hist,index,csa,1999-10-01,48.2804680416068
ks_i51_save_q_hist,index,csa,2000-01-01,45.7829655043438
ks_i51_save_q_hist,index,csa,2000-04-01,49.0442937686827
ks_i51_save_q_hist,index,csa,2000-07-01,43.4576946696449
ks_i51_save_q_hist,index,csa,2000-10-01,37.5324305102962
ks_i51_save_q_hist,index,csa,2001-01-01,47.0812720875717
ks_i51_save_q_hist,index,csa,2001-04-01,48.3423057202012
ks_i51_save_q_hist,index,csa,2001-07-01,48.3760141881679
ks_i51_save_q_hist,index,csa,2001-10-01,47.064061819813
ks_i51_save_q_hist,index,csa,2002-01-01,49.9812610726254
ks_i51_save_q_hist,index,csa,2002-04-01,47.6625166381133
ks_i51_save_q_hist,index,csa,2002-07-01,41.1438523891052
ks_i51_save_q_hist,index,csa,2002-10-01,38.8107800747557
ks_i51_save_q_hist,index,csa,2003-01-01,41.5475266836707
ks_i51_save_q_hist,index,csa,2003-04-01,38.3768362432395
ks_i51_save_q_hist,index,csa,2003-07-01,49.1880771974713
ks_i51_save_q_hist,index,csa,2003-10-01,39.01534789845
ks_i51_save_q_hist,index,csa,2004-01-01,35.8509777354049
ks_i51_save_q_hist,index,csa,2004-04-01,37.9075244269793
ks_i51_save_q_hist,index,csa,2004-07-01,33.409151121394
ks_i51_save_q_hist,index,csa,2004-10-01,46.4314268934346
ks_i51_save_q_hist,index,csa,2005-01-01,44.0564197315123
ks_i51_save_q_hist,index,csa,2005-04-01,43.6852680569874
ks_i51_save_q_hist,index,csa,2005-07-01,39.7181108204848
ks_i51_save_q_hist,index,csa,2005-10-01,48.4885245899646
ks_i51_save_q_hist,index,csa,2006-01-01,44.9642187326841
ks_i51_save_q_hist,index,csa,2006-04-01,41.7603875048852
ks_i51_save_q_hist,index,csa,2006-07-01,41.5770830890495
ks_i51_save_q_hist,index,csa,2006-10-01,40.8011906970101
ks_i51_save_q_hist,index,csa,2007-01-01,39.121348953088
ks_i51_save_q_hist,index,csa,2007-04-01,44.4314226130605
ks_i51_save_q_hist,index,csa,2007-07-01,36.183041616028
ks_i51_save_q_hist,index,csa,2007-10-01,46.8864242117875
ks_i51_save_q_hist,index,csa,2008-01-01,43.8284120223378
ks_i51_save_q_hist,index,csa,2008-04-01,50.6587031707249
ks_i51_save_q_hist,index,csa,2008-07-01,44.3067702122801
ks_i51_save_q_hist,index,csa,2008-10-01,38.138317361195
ks_i51_save_q_hist,index,csa,2009-01-01,37.55462641869
ks_i51_save_q_hist,index,csa,2009-04-01,36.3176138527458
ks_i51_save_q_hist,index,csa,2009-07-01,38.6704632036418
ks_i51_save_q_hist,index,csa,2009-10-01,36.2729666648719
ks_i51_save_q_hist,index,csa,2010-01-01,34.9361879478294
ks_i51_save_q_hist,index,csa,2010-04-01,35.3207519598474
ks_i51_save_q_hist,index,csa,2010-07-01,44.5868460574581
ks_i51_save_q_hist,index,csa,2010-10-01,38.1790700954293
ks_i51_save_q_hist,index,csa,2011-01-01,40.3842161653696
ks_i51_save_q_hist,index,csa,2011-04-01,24.9570510604496
ks_i51_save_q_hist,index,csa,2011-07-01,40.132102611295
ks_i51_save_q_hist,index,csa,2011-10-01,41.9758120121829
ks_i51_save_q_hist,index,csa,2012-01-01,38.5259720519787
ks_i51_save_q_hist,index,csa,2012-04-01,41.2933644533648
ks_i51_save_q_hist,index,csa,2012-07-01,41.3521265295377
ks_i51_save_q_hist,index,csa,2012-10-01,49.299899063756
ks_i51_save_q_hist,index,csa,2013-01-01,47.1819078478137
ks_i51_save_q_hist,index,csa,2013-04-01,41.1487876335515
ks_i51_save_q_hist,index,csa,2013-07-01,46.6612412597461
ks_i51_save_q_hist,index,csa,2013-10-01,42.624168321805
ks_i51_save_q_hist,index,csa,2014-01-01,44.0908204252396
ks_i51_save_q_hist,index,csa,2014-04-01,44.0932514964412
ks_i51_save_q_hist,index,csa,2014-07-01,47.2667665135752
ks_i51_save_q_hist,index,csa,2014-10-01,41.5151495291131
ks_i51_save_q_hist,index,csa,2015-01-01,46.534653327896
ks_i51_save_q_hist,index,csa,2015-04-01,45.4798490282413
ks_i51_save_q_hist,index,csa,2015-07-01,41.2712657891166
ks_i51_save_q_hist,index,csa,2015-10-01,46.6660852269554
ks_i51_save_q_hist,index,csa,2016-01-01,42.9675417099825
ks_i51_save_q_hist,index,csa,2016-04-01,44.9997156933943
ks_i51_save_q_hist,index,csa,2016-07-01,38.1566821904296
ks_i51_save_q_hist,index,csa,2016-10-01,43.6308764863826
ks_i51_save_q_hist,index,csa,2017-01-01,37.8036898749664
ks_i51_save_q_hist,index,csa,2017-04-01,43.1832020529119
ks_i51_save_q_hist,index,csa,2017-07-01,47.7344265797943
ks_i51_save_q_hist,index,csa,2017-10-01,43.6070097228179
ks_i51_save_q_hist,index,csa,2018-01-01,34.7353547043058
ks_i51_save_q_hist,index,csa,2018-04-01,40.8273549095744
ks_i51_save_q_hist,index,csa,2018-07-01,39.0514218027364
ks_i51_save_q_hist,index,csa,2018-10-01,36.6184815335801
ks_i51_save_q_hist,index,csa,2019-01-01,37.4352639797797
ks_i51_save_q_hist,index,csa,2019-04-01,38.9979246157012
ks_i51_save_q_hist,index,csa,2019-07-01,34.5482725437173
ks_i51_save_q_hist,index,csa,2019-10-01,34.6206705364742
ks_i51_save_q_hist,index,csa,2020-01-01,41.0457184943807
ks_i51_save_q_hist,index,csa,2020-04-01,34.7873427409327
ks_i51_save_q_hist,index,csa,2020-07-01,43.2024849655906
ks_i51_save_q_hist,index,csa,2020-10-01,43.3499993244495
ks_i51_save_q_hist,index,csa,2021-01-01,43.1346359197407
ks_i51_save_q_hist,index,csa,2021-04-01,40.8391680587774
ks_i51_save_q_hist,index,csa,2021-07-01,43.06836077182
ks_i51_save_q_hist,index,csa,2021-10-01,38.3417240465039
ks_i51_save_q_hist,index,csa,2022-01-01,43.3601495576691
ks_i51_save_q_hist,index,csa,2022-04-01,36.2139582174954
ks_i51_save_q_hist,index,csa,2022-07-01,31.5270443452219
ks_i51_save_q_hist,index,csa,2022-10-01,29.0923074180322
ks_i51_save_q_hist,index,csa,2023-01-01,36.4633618947107
ks_i51_save_q_hist,index,csa,2023-04-01,44.0407228078617
ks_i51_save_q_hist,index,csa,2023-07-01,41.2078872679135
ks_i51_save_q_hist,index,csa,2023-10-01,31.9303827648123
ks_i52_spend_q_hist,index,csa,1972-10-01,29.0262927078676
ks_i52_spend_q_hist,index,csa,1973-01-01,12.293724347487201
ks_i52_spend_q_hist,index,csa,1973-04-01,15.1953649724367
ks_i52_spend_q_hist,index,csa,1973-07-01,18.1634131896304
ks_i52_spend_q_hist,index,csa,1973-10-01,10.3470757351839
ks_i52_spend_q_hist,index,csa,1974-01-01,2.96181819160991
ks_i52_spend_q_hist,index,csa,1974-04-01,1.472604460609
ks_i52_spend_q_hist,index,csa,1974-07-01,1.34998447367083
ks_i52_spend_q_hist,index,csa,1974-10-01,-12.4479220105881
ks_i52_spend_q_hist,index,csa,1975-01-01,-31.7772872745894
ks_i52_spend_q_hist,index,csa,1975-04-01,-28.007437142199
ks_i52_spend_q_hist,index,csa,1975-07-01,-38.1857451586081
ks_i52_spend_q_hist,index,csa,1975-10-01,-19.8259937540065
ks_i52_spend_q_hist,index,csa,1976-01-01,-14.5511927905365
ks_i52_spend_q_hist,index,csa,1976-04-01,-6.26348091399831
ks_i52_spend_q_hist,index,csa,1976-07-01,6.10078432480111
ks_i52_spend_q_hist,index,csa,1976-10-01,1.50292065513264
ks_i52_spend_q_hist,index,csa,1977-01-01,-5.0546604161512
ks_i52_spend_q_hist,index,csa,1977-04-01,10.7177451613845
ks_i52_spend_q_hist,index,csa,1977-07-01,4.75498890833501
ks_i52_spend_q_hist,index,csa,1977-10-01,5.08511786179751
ks_i52_spend_q_hist,index,csa,1978-01-01,15.424782649382
ks_i52_spend_q_hist,index,csa,1978-04-01,10.2045263331047
ks_i52_spend_q_hist,index,csa,1978-07-01,10.7939759625577
ks_i52_spend_q_hist,index,csa,1978-10-01,9.98921082811143
ks_i52_spend_q_hist,index,csa,1979-01-01,13.2569461431035
ks_i52_spend_q_hist,index,csa,1979-04-01,12.5317433965017
ks_i52_spend_q_hist,index,csa,1979-07-01,0.900129497522461
ks_i52_spend_q_hist,index,csa,1979-10-01,4.91097726503081
ks_i52_spend_q_hist,index,csa,1980-01-01,2.50030835018067
ks_i52_spend_q_hist,index,csa,1980-04-01,-0.780662751385916
ks_i52_spend_q_hist,index,csa,1980-07-01,-5.38201727136602
ks_i52_spend_q_hist,index,csa,1980-10-01,1.33060751036394
ks_i52_spend_q_hist,index,csa,1981-01-01,4.49339775226338
ks_i52_spend_q_hist,index,csa,1981-04-01,-6.95882766611707
ks_i52_spend_q_hist,index,csa,1981-07-01,-6.11528990497098
ks_i52_spend_q_hist,index,csa,1981-10-01,-14.3501322755583
ks_i52_spend_q_hist,index,csa,1982-01-01,-10.3720840730437
ks_i52_spend_q_hist,index,csa,1982-04-01,-19.8154161359596
ks_i52_spend_q_hist,index,csa,1982-07-01,-14.7946977337489
ks_i52_spend_q_hist,index,csa,1982-10-01,-15.4169563091315
ks_i52_spend_q_hist,index,csa,1983-01-01,-21.8280239485132
ks_i52_spend_q_hist,index,csa,1983-04-01,-8.13575563382557
ks_i52_spend_q_hist,index,csa,1983-07-01,-4.53650779009666
ks_i52_spend_q_hist,index,csa,1983-10-01,-11.6599831534159
ks_i52_spend_q_hist,index,csa,1984-01-01,-3.71254196437608
ks_i52_spend_q_hist,index,csa,1984-04-01,-8.10009802613209
ks_i52_spend_q_hist,index,csa,1984-07-01,-3.6643059614776
ks_i52_spend_q_hist,index,csa,1984-10-01,-6.08299802457746
ks_i52_spend_q_hist,index,csa,1985-01-01,3.13451322299333
ks_i52_spend_q_hist,index,csa,1985-04-01,-1.62549176901897
ks_i52_spend_q_hist,index,csa,1985-07-01,-2.24158943112852
ks_i52_spend_q_hist,index,csa,1985-10-01,7.38066980673741
ks_i52_spend_q_hist,index,csa,1986-01-01,6.7416552581905
ks_i52_spend_q_hist,index,csa,1986-04-01,9.39193816009335
ks_i52_spend_q_hist,index,csa,1986-07-01,3.25971797109916
ks_i52_spend_q_hist,index,csa,1986-10-01,8.39242108076769
ks_i52_spend_q_hist,index,csa,1987-01-01,13.6852662174798
ks_i52_spend_q_hist,index,csa,1987-04-01,8.12010522219764
ks_i52_spend_q_hist,index,csa,1987-07-01,6.27284478109633
ks_i52_spend_q_hist,index,csa,1987-10-01,-1.25516064470976
ks_i52_spend_q_hist,index,csa,1988-01-01,4.76649590007352
ks_i52_spend_q_hist,index,csa,1988-04-01,3.61850452753496
ks_i52_spend_q_hist,index,csa,1988-07-01,5.0307582926269
ks_i52_spend_q_hist,index,csa,1988-10-01,7.33399674702544
ks_i52_spend_q_hist,index,csa,1989-01-01,17.8309519960765
ks_i52_spend_q_hist,index,csa,1989-04-01,10.8988033346213
ks_i52_spend_q_hist,index,csa,1989-07-01,-1.62190179121399
ks_i52_spend_q_hist,index,csa,1989-10-01,-0.22099525853101
ks_i52_spend_q_hist,index,csa,1990-01-01,-4.27800206358786
ks_i52_spend_q_hist,index,csa,1990-04-01,-15.950169110271
ks_i52_spend_q_hist,index,csa,1990-07-01,-7.94211876017284
ks_i52_spend_q_hist,index,csa,1990-10-01,-21.6568869131768
ks_i52_spend_q_hist,index,csa,1991-01-01,-29.6544370039306
ks_i52_spend_q_hist,index,csa,1991-04-01,-19.2557811429409
ks_i52_spend_q_hist,index,csa,1991-07-01,-23.815557292626
ks_i52_spend_q_hist,index,csa,1991-10-01,-30.3028483337523
ks_i52_spend_q_hist,index,csa,1992-01-01,-29.9086070994207
ks_i52_spend_q_hist,index,csa,1992-04-01,-32.3774522040031
ks_i52_spend_q_hist,index,csa,1992-07-01,-31.4611268912109
ks_i52_spend_q_hist,index,csa,1992-10-01,-30.0385403960151
ks_i52_spend_q_hist,index,csa,1993-01-01,-25.7672409357338
ks_i52_spend_q_hist,index,csa,1993-04-01,-27.2978758642607
ks_i52_spend_q_hist,index,csa,1993-07-01,-26.9478440904641
ks_i52_spend_q_hist,index,csa,1993-10-01,-16.2073153169489
ks_i52_spend_q_hist,index,csa,1994-01-01,-8.73952201474089
ks_i52_spend_q_hist,index,csa,1994-04-01,-6.55665442028669
ks_i52_spend_q_hist,index,csa,1994-07-01,-3.35616123259764
ks_i52_spend_q_hist,index,csa,1994-10-01,0.324139029293312
ks_i52_spend_q_hist,index,csa,1995-01-01,-24.1398840938187
ks_i52_spend_q_hist,index,csa,1995-04-01,-16.3912644357995
ks_i52_spend_q_hist,index,csa,1995-07-01,-9.88442088889888
ks_i52_spend_q_hist,index,csa,1995-10-01,-9.27783331085696
ks_i52_spend_q_hist,index,csa,1996-01-01,-9.77771979273728
ks_i52_spend_q_hist,index,csa,1996-04-01,-16.2641735773075
ks_i52_spend_q_hist,index,csa,1996-07-01,-16.6993562468248
ks_i52_spend_q_hist,index,csa,1996-10-01,-9.10610023323351
ks_i52_spend_q_hist,index,csa,1997-01-01,-12.0191585541863
ks_i52_spend_q_hist,index,csa,1997-04-01,-15.7097729149398
ks_i52_spend_q_hist,index,csa,1997-07-01,-9.61432975761444
ks_i52_spend_q_hist,index,csa,1997-10-01,-11.787084895863
ks_i52_spend_q_hist,index,csa,1998-01-01,-12.4849751782619
ks_i52_spend_q_hist,index,csa,1998-04-01,-3.05933375011076
ks_i52_spend_q_hist,index,csa,1998-07-01,6.38599156543445
ks_i52_spend_q_hist,index,csa,1998-10-01,7.54254918145848
ks_i52_spend_q_hist,index,csa,1999-01-01,-1.71995275900225
ks_i52_spend_q_hist,index,csa,1999-04-01,3.44722924265305
ks_i52_spend_q_hist,index,csa,1999-07-01,-5.27930078270718
ks_i52_spend_q_hist,index,csa,1999-10-01,-1.07972611620954
ks_i52_spend_q_hist,index,csa,2000-01-01,3.35006858781361
ks_i52_spend_q_hist,index,csa,2000-04-01,-4.73910540762907
ks_i52_spend_q_hist,index,csa,2000-07-01,-6.34961271910906
ks_i52_spend_q_hist,index,csa,2000-10-01,-15.3519343317659
ks_i52_spend_q_hist,index,csa,2001-01-01,-16.662693407835
ks_i52_spend_q_hist,index,csa,2001-04-01,-10.9739614267152
ks_i52_spend_q_hist,index,csa,2001-07-01,-13.0000028126259
ks_i52_spend_q_hist,index,csa,2001-10-01,-20.3541302069654
ks_i52_spend_q_hist,index,csa,2002-01-01,-15.8403302208396
ks_i52_spend_q_hist,index,csa,2002-04-01,-17.6325515020435
ks_i52_spend_q_hist,index,csa,2002-07-01,-20.9901872228597
ks_i52_spend_q_hist,index,csa,2002-10-01,-28.2008052873551
ks_i52_spend_q_hist,index,csa,2003-01-01,-24.5175040721579
ks_i52_spend_q_hist,index,csa,2003-04-01,-27.5115385574845
ks_i52_spend_q_hist,index,csa,2003-07-01,-19.0005173312259
ks_i52_spend_q_hist,index,csa,2003-10-01,-19.5718388975163
ks_i52_spend_q_hist,index,csa,2004-01-01,-23.1801453567596
ks_i52_spend_q_hist,index,csa,2004-04-01,-15.6316981821786
ks_i52_spend_q_hist,index,csa,2004-07-01,-26.9793714396905
ks_i52_spend_q_hist,index,csa,2004-10-01,-24.7837447063205
ks_i52_spend_q_hist,index,csa,2005-01-01,-21.9587064198805
ks_i52_spend_q_hist,index,csa,2005-04-01,-23.0138054525079
ks_i52_spend_q_hist,index,csa,2005-07-01,-16.4293684146263
ks_i52_spend_q_hist,index,csa,2005-10-01,-17.0537990527225
ks_i52_spend_q_hist,index,csa,2006-01-01,-14.8490412275616
ks_i52_spend_q_hist,index,csa,2006-04-01,-13.0245742556225
ks_i52_spend_q_hist,index,csa,2006-07-01,-13.2818255351103
ks_i52_spend_q_hist,index,csa,2006-10-01,-6.62858347752577
ks_i52_spend_q_hist,index,csa,2007-01-01,-11.2284331013967
ks_i52_spend_q_hist,index,csa,2007-04-01,-15.180423897561
ks_i52_spend_q_hist,index,csa,2007-07-01,-14.8477590849547
ks_i52_spend_q_hist,index,csa,2007-10-01,-12.0427875831909
ks_i52_spend_q_hist,index,csa,2008-01-01,-10.5538135225779
ks_i52_spend_q_hist,index,csa,2008-04-01,-5.42447474300233
ks_i52_spend_q_hist,index,csa,2008-07-01,-21.3443996188644
ks_i52_spend_q_hist,index,csa,2008-10-01,-21.372155387587
ks_i52_spend_q_hist,index,csa,2009-01-01,-6.07984544772799
ks_i52_spend_q_hist,index,csa,2009-04-01,-2.3225478311968
ks_i52_spend_q_hist,index,csa,2009-07-01,1.44941754033162
ks_i52_spend_q_hist,index,csa,2009-10-01,0.561846712708967
ks_i52_spend_q_hist,index,csa,2010-01-01,5.84103873110492
ks_i52_spend_q_hist,index,csa,2010-04-01,-2.14401722306563
ks_i52_spend_q_hist,index,csa,2010-07-01,3.03212442135371
ks_i52_spend_q_hist,index,csa,2010-10-01,5.89331420881476
ks_i52_spend_q_hist,index,csa,2011-01-01,1.54096476661249
ks_i52_spend_q_hist,index,csa,2011-04-01,-1.30965410807033
ks_i52_spend_q_hist,index,csa,2011-07-01,-0.335510014957103
ks_i52_spend_q_hist,index,csa,2011-10-01,14.5599968105399
ks_i52_spend_q_hist,index,csa,2012-01-01,11.6662270410693
ks_i52_spend_q_hist,index,csa,2012-04-01,0.322124036618627
ks_i52_spend_q_hist,index,csa,2012-07-01,-0.0308823746403146
ks_i52_spend_q_hist,index,csa,2012-10-01,2.41335471515746
ks_i52_spend_q_hist,index,csa,2013-01-01,4.15791298256614
ks_i52_spend_q_hist,index,csa,2013-04-01,4.62960750648172
ks_i52_spend_q_hist,index,csa,2013-07-01,1.52615413506624
ks_i52_spend_q_hist,index,csa,2013-10-01,-1.46390462313579
ks_i52_spend_q_hist,index,csa,2014-01-01,3.50922678390116
ks_i52_spend_q_hist,index,csa,2014-04-01,0.757325684660314
ks_i52_spend_q_hist,index,csa,2014-07-01,9.34795941926444
ks_i52_spend_q_hist,index,csa,2014-10-01,2.32268677784094
ks_i52_spend_q_hist,index,csa,2015-01-01,3.44506179747684
ks_i52_spend_q_hist,index,csa,2015-04-01,15.0018043321552
ks_i52_spend_q_hist,index,csa,2015-07-01,7.00502481140572
ks_i52_spend_q_hist,index,csa,2015-10-01,-1.09712785693653
ks_i52_spend_q_hist,index,csa,2016-01-01,-0.920112384011352
ks_i52_spend_q_hist,index,csa,2016-04-01,0.487617145534915
ks_i52_spend_q_hist,index,csa,2016-07-01,0.336325365422055
ks_i52_spend_q_hist,index,csa,2016-10-01,1.02794389059911
ks_i52_spend_q_hist,index,csa,2017-01-01,-0.23760909976032
ks_i52_spend_q_hist,index,csa,2017-04-01,-5.85023201079906
ks_i52_spend_q_hist,index,csa,2017-07-01,-3.27861484347819
ks_i52_spend_q_hist,index,csa,2017-10-01,-6.99106632022463
ks_i52_spend_q_hist,index,csa,2018-01-01,-9.34962534484024
ks_i52_spend_q_hist,index,csa,2018-04-01,-12.4150668946553
ks_i52_spend_q_hist,index,csa,2018-07-01,-6.99162707523022
ks_i52_spend_q_hist,index,csa,2018-10-01,-8.01064440806335
ks_i52_spend_q_hist,index,csa,2019-01-01,-11.0739519987505
ks_i52_spend_q_hist,index,csa,2019-04-01,-10.9658963814847
ks_i52_spend_q_hist,index,csa,2019-07-01,-10.6723955750551
ks_i52_spend_q_hist,index,csa,2019-10-01,-8.2597502316575
ks_i52_spend_q_hist,index,csa,2020-01-01,-7.95526542126214
ks_i52_spend_q_hist,index,csa,2020-04-01,-48.517142191796
ks_i52_spend_q_hist,index,csa,2020-07-01,-17.4226795599752
ks_i52_spend_q_hist,index,csa,2020-10-01,-15.6334677279193
ks_i52_spend_q_hist,index,csa,2021-01-01,-19.5184047407883
ks_i52_spend_q_hist,index,csa,2021-04-01,-13.4019061717473
ks_i52_spend_q_hist,index,csa,2021-07-01,-12.1820000803985
ks_i52_spend_q_hist,index,csa,2021-10-01,-18.3004360619896
ks_i52_spend_q_hist,index,csa,2022-01-01,-23.1656378103404
ks_i52_spend_q_hist,index,csa,2022-04-01,-32.3180243290671
ks_i52_spend_q_hist,index,csa,2022-07-01,-42.9037629732532
ks_i52_spend_q_hist,index,csa,2022-10-01,-42.4719924237329
ks_i52_spend_q_hist,index,csa,2023-01-01,-40.20549577326
ks_i52_spend_q_hist,index,csa,2023-04-01,-35.447090070108
ks_i52_spend_q_hist,index,csa,2023-07-01,-38.0387231220049
ks_i52_spend_q_hist,index,csa,2023-10-01,-33.8141120490295
ks_i53_save_exp_q_hist,index,csa,2007-04-01,13.333333333333334
ks_i53_save_exp_q_hist,index,csa,2007-07-01,9.057301293900185
ks_i53_save_exp_q_hist,index,csa,2007-10-01,47.96747967479675
ks_i53_save_exp_q_hist,index,csa,2008-01-01,31.970260223048324
ks_i53_save_exp_q_hist,index,csa,2008-04-01,36.631779257849665
ks_i53_save_exp_q_hist,index,csa,2008-07-01,19.886363636363637
ks_i53_save_exp_q_hist,index,csa,2008-10-01,3.9660056657223794
ks_i53_save_exp_q_hist,index,csa,2009-01-01,14.44976076555024
ks_i53_save_exp_q_hist,index,csa,2009-04-01,4.0111940298507465
ks_i53_save_exp_q_hist,index,csa,2009-07-01,1.6853932584269662
ks_i53_save_exp_q_hist,index,csa,2009-10-01,13.002806361085126
ks_i53_save_exp_q_hist,index,csa,2010-01-01,19.421101774042953
ks_i53_save_exp_q_hist,index,csa,2010-04-01,14.853358561967834
ks_i53_save_exp_q_hist,index,csa,2010-07-01,27.12962962962963
ks_i53_save_exp_q_hist,index,csa,2010-10-01,24.150943396226417
ks_i53_save_exp_q_hist,index,csa,2011-01-01,29.80132450331126
ks_i53_save_exp_q_hist,index,csa,2011-04-01,-9.064039408866995
ks_i53_save_exp_q_hist,index,csa,2011-07-01,8.85956644674835
ks_i53_save_exp_q_hist,index,csa,2011-10-01,15.719696969696969
ks_i53_save_exp_q_hist,index,csa,2012-01-01,21.502347417840376
ks_i53_save_exp_q_hist,index,csa,2012-04-01,19.91561181434599
ks_i53_save_exp_q_hist,index,csa,2012-07-01,15.217391304347828
ks_i53_save_exp_q_hist,index,csa,2012-10-01,24.761904761904763
ks_i53_save_exp_q_hist,index,csa,2013-01-01,34.123624047417444
ks_i53_save_exp_q_hist,index,csa,2013-04-01,23.40036563071298
ks_i53_save_exp_q_hist,index,csa,2013-07-01,25.889679715302492
ks_i53_save_exp_q_hist,index,csa,2013-10-01,25.318761384335154
ks_i53_save_exp_q_hist,index,csa,2014-01-01,25.041597337770384
ks_i53_save_exp_q_hist,index,csa,2014-04-01,25.396825396825395
ks_i53_save_exp_q_hist,index,csa,2014-07-01,28.479853479853478
ks_i53_save_exp_q_hist,index,csa,2014-10-01,19.09328683522232
ks_i53_save_exp_q_hist,index,csa,2015-01-01,37.96296296296296
ks_i53_save_exp_q_hist,index,csa,2015-04-01,30.528375733855185
ks_i53_save_exp_q_hist,index,csa,2015-07-01,18.369453044375643
ks_i53_save_exp_q_hist,index,csa,2015-10-01,22.714420358152687
ks_i53_save_exp_q_hist,index,csa,2016-01-01,28.111769686706182
ks_i53_save_exp_q_hist,index,csa,2016-04-01,27.18181818181818
ks_i53_save_exp_q_hist,index,csa,2016-07-01,20.25948103792415
ks_i53_save_exp_q_hist,index,csa,2016-10-01,16.888045540796963
ks_i53_save_exp_q_hist,index,csa,2017-01-01,21.40439932318105
ks_i53_save_exp_q_hist,index,csa,2017-04-01,15.196998123827393
ks_i53_save_exp_q_hist,index,csa,2017-07-01,16.883116883116884
ks_i53_save_exp_q_hist,index,csa,2017-10-01,21.926605504587158
ks_i53_save_exp_q_hist,index,csa,2018-01-01,15.923129718599863
ks_i53_save_exp_q_hist,index,csa,2018-04-01,21.273031825795645
ks_i53_save_exp_q_hist,index,csa,2018-07-01,5.555555555555555
ks_i53_save_exp_q_hist,index,csa,2018-10-01,9.253246753246753
ks_i53_save_exp_q_hist,index,csa,2019-01-01,21.254901960784313
ks_i53_save_exp_q_hist,index,csa,2019-04-01,12.39147592738753
ks_i53_save_exp_q_hist,index,csa,2019-07-01,7.755102040816326
ks_i53_save_exp_q_hist,index,csa,2019-10-01,10.43338683788122
ks_i53_save_exp_q_hist,index,csa,2020-01-01,16.081186572989854
ks_i53_save_exp_q_hist,index,csa,2020-04-01,-0.42780748663101603
ks_i53_save_exp_q_hist,index,csa,2020-07-01,17.716827279466273
ks_i53_save_exp_q_hist,index,csa,2020-10-01,16.738816738816737
ks_i53_save_exp_q_hist,index,csa,2021-01-01,17.17171717171717
ks_i53_save_exp_q_hist,index,csa,2021-04-01,17.67036450079239
ks_i53_save_exp_q_hist,index,csa,2021-07-01,17.296862429605792
ks_i53_save_exp_q_hist,index,csa,2021-10-01,18.86001676445935
ks_i53_save_exp_q_hist,index,csa,2022-01-01,21.846846846846844
ks_i53_save_exp_q_hist,index,csa,2022-04-01,9.831932773109244
ks_i53_save_exp_q_hist,index,csa,2022-07-01,4.92730210016155
ks_i53_save_exp_q_hist,index,csa,2022-10-01,-2.917046490428441
ks_i53_save_exp_q_hist,index,csa,2023-01-01,10.582444626743232
ks_i53_save_exp_q_hist,index,csa,2023-04-01,10.256410256410255
ks_i53_save_exp_q_hist,index,csa,2023-07-01,7.1800208116545265
ks_i53_save_exp_q_hist,index,csa,2023-10-01,0.847457627118644
ks_i62_index_q_hist,index,csa,1972-10-01,9.342062394008659
ks_i62_index_q_hist,index,csa,1973-01-01,-2.3539360218661844
ks_i62_index_q_hist,index,csa,1973-04-01,-8.215067925137236
ks_i62_index_q_hist,index,csa,1973-07-01,-9.579214634962684
ks_i62_index_q_hist,index,csa,1973-10-01,-17.016174239587052
ks_i62_index_q_hist,index,csa,1974-01-01,-14.848549128816883
ks_i62_index_q_hist,index,csa,1974-04-01,-32.889018997275144
ks_i62_index_q_hist,index,csa,1974-07-01,-28.886565777171548
ks_i62_index_q_hist,index,csa,1974-10-01,-32.38740332932221
ks_i62_index_q_hist,index,csa,1975-01-01,-31.133701926057334
ks_i62_index_q_hist,index,csa,1975-04-01,-26.008199360558812
ks_i62_index_q_hist,index,csa,1975-07-01,-21.95398736850705
ks_i62_index_q_hist,index,csa,1975-10-01,-23.413668925209194
ks_i62_index_q_hist,index,csa,1976-01-01,-23.836847061567923
ks_i62_index_q_hist,index,csa,1976-04-01,2.4129178158555007
ks_i62_index_q_hist,index,csa,1976-07-01,12.173179097617288
ks_i62_index_q_hist,index,csa,1976-10-01,6.595573674816077
ks_i62_index_q_hist,index,csa,1977-01-01,-14.885151185311193
ks_i62_index_q_hist,index,csa,1977-04-01,-2.973678123669595
ks_i62_index_q_hist,index,csa,1977-07-01,6.087196052063057
ks_i62_index_q_hist,index,csa,1977-10-01,3.221791243538261
ks_i62_index_q_hist,index,csa,1978-01-01,4.966972066506932
ks_i62_index_q_hist,index,csa,1978-04-01,-2.3534994846967354
ks_i62_index_q_hist,index,csa,1978-07-01,-4.314888724898358
ks_i62_index_q_hist,index,csa,1978-10-01,-16.3235028400357
ks_i62_index_q_hist,index,csa,1979-01-01,-6.164424673091235
ks_i62_index_q_hist,index,csa,1979-04-01,1.5638039040092142
ks_i62_index_q_hist,index,csa,1979-07-01,-11.57488434738199
ks_i62_index_q_hist,index,csa,1979-10-01,-13.015253780604949
ks_i62_index_q_hist,index,csa,1980-01-01,-7.511304810662663
ks_i62_index_q_hist,index,csa,1980-04-01,-10.742267383428496
ks_i62_index_q_hist,index,csa,1980-07-01,-8.023645854377891
ks_i62_index_q_hist,index,csa,1980-10-01,-11.920567263093394
ks_i62_index_q_hist,index,csa,1981-01-01,-17.195642414250038
ks_i62_index_q_hist,index,csa,1981-04-01,-27.461500720027452
ks_i62_index_q_hist,index,csa,1981-07-01,-28.553354525202785
ks_i62_index_q_hist,index,csa,1981-10-01,-29.039829392066657
ks_i62_index_q_hist,index,csa,1982-01-01,-24.3847487483145
ks_i62_index_q_hist,index,csa,1982-04-01,-22.90072859547351
ks_i62_index_q_hist,index,csa,1982-07-01,-34.52954592824277
ks_i62_index_q_hist,index,csa,1982-10-01,-29.695646212914816
ks_i62_index_q_hist,index,csa,1983-01-01,-26.216057154122034
ks_i62_index_q_hist,index,csa,1983-04-01,-9.275207412489008
ks_i62_index_q_hist,index,csa,1983-07-01,-13.46707428838492
ks_i62_index_q_hist,index,csa,1983-10-01,-6.000876808850707
ks_i62_index_q_hist,index,csa,1984-01-01,1.5318424827444765
ks_i62_index_q_hist,index,csa,1984-04-01,-6.525665386236609
ks_i62_index_q_hist,index,csa,1984-07-01,0.6407224215540275
ks_i62_index_q_hist,index,csa,1984-10-01,-0.08085495908648888
ks_i62_index_q_hist,index,csa,1985-01-01,2.4142645990161817
ks_i62_index_q_hist,index,csa,1985-04-01,-1.4339078237159644
ks_i62_index_q_hist,index,csa,1985-07-01,0.5892294988875815
ks_i62_index_q_hist,index,csa,1985-10-01,7.601461621525461
ks_i62_index_q_hist,index,csa,1986-01-01,16.01551911602861
ks_i62_index_q_hist,index,csa,1986-04-01,7.374040252775062
ks_i62_index_q_hist,index,csa,1986-07-01,2.7574188568651614
ks_i62_index_q_hist,index,csa,1986-10-01,7.2136791610894555
ks_i62_index_q_hist,index,csa,1987-01-01,3.675287907378152
ks_i62_index_q_hist,index,csa,1987-04-01,-1.2478931715371289
ks_i62_index_q_hist,index,csa,1987-07-01,-1.5336193275160124
ks_i62_index_q_hist,index,csa,1987-10-01,-1.689698843246143
ks_i62_index_q_hist,index,csa,1988-01-01,-6.265443402371636
ks_i62_index_q_hist,index,csa,1988-04-01,-11.377179464514137
ks_i62_index_q_hist,index,csa,1988-07-01,3.7491372719412137
ks_i62_index_q_hist,index,csa,1988-10-01,7.157560673033667
ks_i62_index_q_hist,index,csa,1989-01-01,15.356114555669063
ks_i62_index_q_hist,index,csa,1989-04-01,0.8761131840383118
ks_i62_index_q_hist,index,csa,1989-07-01,-6.188877146276587
ks_i62_index_q_hist,index,csa,1989-10-01,7.012989479354392
ks_i62_index_q_hist,index,csa,1990-01-01,-8.934101091595904
ks_i62_index_q_hist,index,csa,1990-04-01,-12.66815669422313
ks_i62_index_q_hist,index,csa,1990-07-01,-10.990219035873311
ks_i62_index_q_hist,index,csa,1990-10-01,-44.69750282289148
ks_i62_index_q_hist,index,csa,1991-01-01,-48.95725678183043
ks_i62_index_q_hist,index,csa,1991-04-01,-26.520496289532844
ks_i62_index_q_hist,index,csa,1991-07-01,-38.460253544027985
ks_i62_index_q_hist,index,csa,1991-10-01,-41.52265801243603
ks_i62_index_q_hist,index,csa,1992-01-01,-49.37752693070243
ks_i62_index_q_hist,index,csa,1992-04-01,-40.30147982036748
ks_i62_index_q_hist,index,csa,1992-07-01,-42.87935294285488
ks_i62_index_q_hist,index,csa,1992-10-01,-45.18929264986483
ks_i62_index_q_hist,index,csa,1993-01-01,-44.56309091040068
ks_i62_index_q_hist,index,csa,1993-04-01,-28.423652747251886
ks_i62_index_q_hist,index,csa,1993-07-01,-29.571354960946536
ks_i62_index_q_hist,index,csa,1993-10-01,-11.20313343460237
ks_i62_index_q_hist,index,csa,1994-01-01,-3.328312095120859
ks_i62_index_q_hist,index,csa,1994-04-01,4.2258476580245805
ks_i62_index_q_hist,index,csa,1994-07-01,2.539118582852172
ks_i62_index_q_hist,index,csa,1994-10-01,-0.0022752391940326078
ks_i62_index_q_hist,index,csa,1995-01-01,-14.565786305786174
ks_i62_index_q_hist,index,csa,1995-04-01,-8.62568855490449
ks_i62_index_q_hist,index,csa,1995-07-01,-11.992354670545184
ks_i62_index_q_hist,index,csa,1995-10-01,-10.547442140252924
ks_i62_index_q_hist,index,csa,1996-01-01,-25.062062357713636
ks_i62_index_q_hist,index,csa,1996-04-01,-31.569016049466484
ks_i62_index_q_hist,index,csa,1996-07-01,-37.911937875224986
ks_i62_index_q_hist,index,csa,1996-10-01,-26.592829728795927
ks_i62_index_q_hist,index,csa,1997-01-01,-22.581290436636394
ks_i62_index_q_hist,index,csa,1997-04-01,-15.66428485225435
ks_i62_index_q_hist,index,csa,1997-07-01,-1.3067227068528862
ks_i62_index_q_hist,index,csa,1997-10-01,4.2220650026747055
ks_i62_index_q_hist,index,csa,1998-01-01,1.609916733464786
ks_i62_index_q_hist,index,csa,1998-04-01,5.25737371841622
ks_i62_index_q_hist,index,csa,1998-07-01,12.470522612201396
ks_i62_index_q_hist,index,csa,1998-10-01,4.2678539661361
ks_i62_index_q_hist,index,csa,1999-01-01,2.983841725654015
ks_i62_index_q_hist,index,csa,1999-04-01,-2.509788327365291
ks_i62_index_q_hist,index,csa,1999-07-01,9.226605305856317
ks_i62_index_q_hist,index,csa,1999-10-01,17.768202296525317
ks_i62_index_q_hist,index,csa,2000-01-01,22.052579696423564
ks_i62_index_q_hist,index,csa,2000-04-01,20.49651726997712
ks_i62_index_q_hist,index,csa,2000-07-01,23.608690990968014
ks_i62_index_q_hist,index,csa,2000-10-01,19.543579093779467
ks_i62_index_q_hist,index,csa,2001-01-01,18.706691955477766
ks_i62_index_q_hist,index,csa,2001-04-01,9.221702330152956
ks_i62_index_q_hist,index,csa,2001-07-01,6.767058200010286
ks_i62_index_q_hist,index,csa,2001-10-01,-29.71623402479439
ks_i62_index_q_hist,index,csa,2002-01-01,0.23255300830069459
ks_i62_index_q_hist,index,csa,2002-04-01,0.4316076484984759
ks_i62_index_q_hist,index,csa,2002-07-01,-6.649165730247576
ks_i62_index_q_hist,index,csa,2002-10-01,-16.969710195649995
ks_i62_index_q_hist,index,csa,2003-01-01,-12.67031298976177
ks_i62_index_q_hist,index,csa,2003-04-01,-18.651580424309095
ks_i62_index_q_hist,index,csa,2003-07-01,-10.528346348154601
ks_i62_index_q_hist,index,csa,2003-10-01,-3.8455715245470525
ks_i62_index_q_hist,index,csa,2004-01-01,8.167119778685482
ks_i62_index_q_hist,index,csa,2004-04-01,8.36563383238823
ks_i62_index_q_hist,index,csa,2004-07-01,5.150922108891157
ks_i62_index_q_hist,index,csa,2004-10-01,-1.3214121151200988
ks_i62_index_q_hist,index,csa,2005-01-01,1.1126005628397007
ks_i62_index_q_hist,index,csa,2005-04-01,-2.6217017933824334
ks_i62_index_q_hist,index,csa,2005-07-01,-8.57710015584435
ks_i62_index_q_hist,index,csa,2005-10-01,-5.699837362548328
ks_i62_index_q_hist,index,csa,2006-01-01,10.434761227052554
ks_i62_index_q_hist,index,csa,2006-04-01,6.633152775650901
ks_i62_index_q_hist,index,csa,2006-07-01,14.000261590123914
ks_i62_index_q_hist,index,csa,2006-10-01,10.846237531887285
ks_i62_index_q_hist,index,csa,2007-01-01,11.330870807516865
ks_i62_index_q_hist,index,csa,2007-04-01,14.542174660942225
ks_i62_index_q_hist,index,csa,2007-07-01,8.610588107886507
ks_i62_index_q_hist,index,csa,2007-10-01,16.307465147932884
ks_i62_index_q_hist,index,csa,2008-01-01,3.579548174187221
ks_i62_index_q_hist,index,csa,2008-04-01,-1.1309840156294564
ks_i62_index_q_hist,index,csa,2008-07-01,-16.562964241493965
ks_i62_index_q_hist,index,csa,2008-10-01,-33.96172192884304
ks_i62_index_q_hist,index,csa,2009-01-01,-38.558546540041185
ks_i62_index_q_hist,index,csa,2009-04-01,-50.152208807574475
ks_i62_index_q_hist,index,csa,2009-07-01,-38.76208511158246
ks_i62_index_q_hist,index,csa,2009-10-01,-12.668463110983009
ks_i62_index_q_hist,index,csa,2010-01-01,-7.820305465762845
ks_i62_index_q_hist,index,csa,2010-04-01,13.32431736738626
ks_i62_index_q_hist,index,csa,2010-07-01,16.449161025167946
ks_i62_index_q_hist,index,csa,2010-10-01,8.436546375126875
ks_i62_index_q_hist,index,csa,2011-01-01,9.008882875309073
ks_i62_index_q_hist,index,csa,2011-04-01,-2.483070056414662
ks_i62_index_q_hist,index,csa,2011-07-01,-16.460144371302263
ks_i62_index_q_hist,index,csa,2011-10-01,-22.94021331672935
ks_i62_index_q_hist,index,csa,2012-01-01,-20.2225965322842
ks_i62_index_q_hist,index,csa,2012-04-01,-8.848075570339065
ks_i62_index_q_hist,index,csa,2012-07-01,-16.820614951429373
ks_i62_index_q_hist,index,csa,2012-10-01,-15.40397220562671
ks_i62_index_q_hist,index,csa,2013-01-01,-6.80445083311584
ks_i62_index_q_hist,index,csa,2013-04-01,-5.6098824901507625
ks_i62_index_q_hist,index,csa,2013-07-01,-8.070397778470538
ks_i62_index_q_hist,index,csa,2013-10-01,-3.1757824798480514
ks_i62_index_q_hist,index,csa,2014-01-01,0.8644554801661302
ks_i62_index_q_hist,index,csa,2014-04-01,-0.09719033869659713
ks_i62_index_q_hist,index,csa,2014-07-01,-0.08887576023008145
ks_i62_index_q_hist,index,csa,2014-10-01,-9.881650705868847
ks_i62_index_q_hist,index,csa,2015-01-01,-6.9405015287546465
ks_i62_index_q_hist,index,csa,2015-04-01,-6.825292301475518
ks_i62_index_q_hist,index,csa,2015-07-01,-18.30635200813972
ks_i62_index_q_hist,index,csa,2015-10-01,-16.188099095618014
ks_i62_index_q_hist,index,csa,2016-01-01,-14.598080182438265
ks_i62_index_q_hist,index,csa,2016-04-01,-15.56340561473786
ks_i62_index_q_hist,index,csa,2016-07-01,-14.936155232554514
ks_i62_index_q_hist,index,csa,2016-10-01,-12.062761169118842
ks_i62_index_q_hist,index,csa,2017-01-01,-4.025227028783181
ks_i62_index_q_hist,index,csa,2017-04-01,-8.673462719421154
ks_i62_index_q_hist,index,csa,2017-07-01,-2.7214909642797607
ks_i62_index_q_hist,index,csa,2017-10-01,-1.0029664077019018
ks_i62_index_q_hist,index,csa,2018-01-01,4.19103767067855
ks_i62_index_q_hist,index,csa,2018-04-01,1.0705577303969733
ks_i62_index_q_hist,index,csa,2018-07-01,-6.847837279457741
ks_i62_index_q_hist,index,csa,2018-10-01,-4.811930258362978
ks_i62_index_q_hist,index,csa,2019-01-01,-4.755871333583444
ks_i62_index_q_hist,index,csa,2019-04-01,-7.184688728626242
ks_i62_index_q_hist,index,csa,2019-07-01,-10.488106929348293
ks_i62_index_q_hist,index,csa,2019-10-01,-15.277249387608096
ks_i62_index_q_hist,index,csa,2020-01-01,-7.415808679426205
ks_i62_index_q_hist,index,csa,2020-04-01,-57.1080479485075
ks_i62_index_q_hist,index,csa,2020-07-01,-29.444986297687798
ks_i62_index_q_hist,index,csa,2020-10-01,-29.19724288921324
ks_i62_index_q_hist,index,csa,2021-01-01,-30.254172246701593
ks_i62_index_q_hist,index,csa,2021-04-01,-18.214369544026386
ks_i62_index_q_hist,index,csa,2021-07-01,9.745500711772378
ks_i62_index_q_hist,index,csa,2021-10-01,9.454727497531906
ks_i62_index_q_hist,index,csa,2022-01-01,2.6170289229032546
ks_i62_index_q_hist,index,csa,2022-04-01,-19.154989055879554
ks_i62_index_q_hist,index,csa,2022-07-01,-27.747378523069035
ks_i62_index_q_hist,index,csa,2022-10-01,-36.657641091869664
ks_i62_index_q_hist,index,csa,2023-01-01,-9.306331620457645
ks_i62_index_q_hist,index,csa,2023-04-01,-13.293074377279027
ks_i62_index_q_hist,index,csa,2023-07-01,-7.6069284754601085
ks_i62_index_q_hist,index,csa,2023-10-01,-26.65742307025727
